home_elo_rating,away_elo_rating,home_elo_rank,away_elo_rank,home_market_value,away_market_value,prev_N_pts_H,prev_N_pts_A,result
1312,817,132,210,6430000.0,500000.0,3.0,0.0,0
1248,1111,149,174,4800000.0,585000.0,3.0,0.0,1
1619,1246,56,150,79280000.0,2950000.0,3.0,1.0,1
1626,1326,54,124,79280000.0,7700000.0,6.0,1.0,1
1571,1238,67,153,6100000.0,2950000.0,1.0,1.0,1
1266,1294,142,137,4800000.0,6430000.0,7.0,1.0,1
1955,1961,10,9,766000000.0,833500000.0,0.0,0.0,2
1694,780,44,211,41700000.0,1120000.0,3.0,0.0,1
1234,1576,155,64,7580000.0,6100000.0,3.0,0.0,2
1609,1802,60,25,79280000.0,34680000.0,9.0,3.0,2
1245,1169,151,165,12600000.0,1500000.0,3.0,1.0,1
1273,925,143,195,4800000.0,1330000.0,13.0,0.0,1
1385,826,109,209,4350000.0,3440000.0,3.0,0.0,1
1300,561,135,236,6430000.0,690000.0,7.0,0.0,1
1304,901,133,200,6430000.0,950000.0,10.0,0.0,1
904,553,198,236,7740000.0,690000.0,3.0,0.0,1
1829,1179,23,163,356700000.0,575000.0,1.0,2.0,1
1386,902,108,199,4350000.0,7740000.0,6.0,0.0,1
1270,1308,144,131,4800000.0,6430000.0,11.0,1.0,0
1319,1274,129,143,12600000.0,2100000.0,6.0,0.0,1
1833,1371,21,114,356700000.0,10100000.0,4.0,0.0,1
1585,1170,63,164,53850000.0,575000.0,3.0,2.0,1
1492,1522,85,75,16300000.0,56830000.0,1.0,0.0,1
1271,1385,143,109,4800000.0,4350000.0,11.0,1.0,0
1663,1420,46,100,18700000.0,3830000.0,1.0,0.0,1
1710,1268,40,144,129050000.0,2100000.0,4.0,0.0,1
1557,1399,69,108,41150000.0,2080000.0,3.0,0.0,0
1357,1248,117,150,3080000.0,1080000.0,3.0,0.0,1
1417,1347,101,118,52200000.0,30100000.0,3.0,3.0,0
1802,1637,25,51,79800000.0,18700000.0,9.0,0.0,1
1693,1524,45,74,32400000.0,17930000.0,6.0,1.0,1
1297,875,136,203,2049999.0,1030000.0,3.0,0.0,1
1605,1497,62,81,53850000.0,5400000.0,6.0,1.0,1
1237,1319,154,128,675000.0,30100000.0,3.0,4.0,1
1567,1272,68,144,41150000.0,1080000.0,7.0,0.0,1
1352,1370,117,114,3080000.0,2080000.0,6.0,1.0,0
1485,873,86,203,14630000.0,1030000.0,6.0,0.0,1
1323,1227,126,156,2049999.0,3280000.0,6.0,0.0,1
1397,1219,107,158,52200000.0,675000.0,4.0,0.0,1
1805,1707,25,41,356700000.0,32400000.0,7.0,1.0,0
1823,1584,23,63,79800000.0,53850000.0,12.0,1.0,1
1225,1317,156,129,675000.0,2049999.0,6.0,1.0,0
1537,1515,71,78,41150000.0,14630000.0,10.0,0.0,2
1522,1332,74,121,41150000.0,2049999.0,10.0,2.0,0
1840,1690,20,45,79800000.0,32400000.0,15.0,2.0,1
1521,1219,76,158,14630000.0,675000.0,9.0,0.0,1
1254,871,150,203,8230000.0,1030000.0,1.0,0.0,1
1242,989,151,188,8230000.0,850000.0,4.0,0.0,0
999,861,187,204,850000.0,1030000.0,3.0,0.0,1
1258,1216,150,157,8230000.0,3280000.0,5.0,0.0,1
1273,1345,144,117,8230000.0,0.0,8.0,1.0,1
1031,1181,186,162,850000.0,3280000.0,6.0,0.0,1
1708,1413,40,101,32400000.0,3830000.0,9.0,0.0,1
1672,1479,47,88,143850000.0,79880000.0,1.0,0.0,1
1517,1454,77,91,5400000.0,6960000.0,6.0,1.0,1
1851,780,16,212,368000000.0,1120000.0,3.0,0.0,1
2116,1657,2,49,1470000000.0,144080000.0,6.0,0.0,1
1963,1686,9,45,766000000.0,315600000.0,0.0,0.0,1
1335,1838,121,21,19100000.0,207830000.0,0.0,3.0,2
1713,1512,39,78,522700000.0,40380000.0,3.0,3.0,0
1594,1482,62,84,53850000.0,16300000.0,9.0,0.0,1
1119,1298,172,137,1750000.0,37650000.0,1.0,1.0,0
2011,1331,5,123,357300000.0,17530000.0,1.0,0.0,1
1555,965,68,191,133400000.0,600000.0,0.0,0.0,1
1331,1416,123,99,2049999.0,74250000.0,9.0,0.0,0
1193,1509,161,79,3280000.0,14630000.0,8.0,3.0,0
1264,1750,150,34,6800000.0,474000000.0,0.0,1.0,0
1541,1946,70,11,38680000.0,833500000.0,0.0,3.0,0
1405,1981,104,8,16230000.0,558200000.0,1.0,3.0,2
1422,1756,97,33,7000000.0,435380000.0,0.0,0.0,2
1998,1840,7,20,1620000000.0,288200000.0,3.0,3.0,0
1489,1861,84,15,114280000.0,317600000.0,1.0,3.0,0
1130,1410,170,102,3340000.0,14000000.0,0.0,0.0,0
1550,1480,70,86,60130000.0,29750000.0,1.0,1.0,1
1454,1462,91,89,17700000.0,79880000.0,3.0,0.0,1
1390,1601,110,61,6380000.0,19780000.0,3.0,1.0,0
1268,1831,148,24,18550000.0,296500000.0,2.0,1.0,2
1617,1064,56,180,218080000.0,1430000.0,3.0,0.0,1
1522,1703,74,40,5400000.0,32400000.0,9.0,2.0,0
1614,1723,57,37,81750000.0,214000000.0,3.0,0.0,1
1423,1313,97,131,3830000.0,28680000.0,9.0,0.0,1
1109,1124,176,171,250000.0,575000.0,3.0,2.0,1
1687,1061,45,181,315600000.0,1380000.0,3.0,0.0,1
1425,1413,95,102,6960000.0,10100000.0,1.0,0.0,2
1254,1313,151,131,4950000.0,10530000.0,0.0,0.0,2
1689,1868,44,15,41700000.0,368000000.0,6.0,1.0,2
1318,1673,127,47,17530000.0,199050000.0,0.0,0.0,2
1613,964,58,192,130550000.0,600000.0,0.0,0.0,1
2021,1503,4,80,968500000.0,32900000.0,3.0,3.0,1
1494,1536,82,71,74000000.0,133400000.0,0.0,0.0,1
1413,1314,103,130,41400000.0,13430000.0,3.0,0.0,1
1180,990,163,189,18030000.0,375000.0,0.0,3.0,1
1508,2015,78,5,40380000.0,357300000.0,3.0,3.0,2
1295,1283,138,142,2100000.0,37650000.0,1.0,2.0,1
1862,1129,17,171,317600000.0,3340000.0,1.0,0.0,1
1167,1043,165,183,1180000.0,650000.0,1.0,0.0,1
1584,1520,64,75,53850000.0,56830000.0,12.0,1.0,0
1248,1088,152,178,125000.0,375000.0,1.0,0.0,2
1641,1477,50,87,97200000.0,114280000.0,1.0,0.0,1
1745,1623,33,54,504000000.0,199050000.0,3.0,3.0,1
2007,1334,7,122,1310000000.0,19100000.0,3.0,0.0,1
1625,1404,53,107,86900000.0,14000000.0,6.0,1.0,1
1983,1420,8,98,558200000.0,7000000.0,1.0,1.0,1
1253,1557,151,67,14750000.0,38680000.0,0.0,0.0,2
1220,1160,155,165,5200000.0,0.0,3.0,0.0,1
1278,1084,144,178,450000.0,585000.0,3.0,0.0,1
1978,1742,8,34,357300000.0,522700000.0,4.0,3.0,2
2017,1816,5,24,1310000000.0,207830000.0,6.0,6.0,1
1135,1300,169,137,250000.0,12600000.0,6.0,3.0,1
1130,809,172,208,575000.0,325000.0,0.0,0.0,1
896,911,200,198,950000.0,7740000.0,3.0,0.0,0
2159,1703,1,42,761200000.0,134450000.0,3.0,0.0,1
1739,1797,35,27,72700000.0,28900000.0,1.0,1.0,1
2089,1729,3,37,908700000.0,62780000.0,3.0,0.0,0
1416,1629,102,53,14000000.0,97200000.0,3.0,2.0,0
1657,1748,49,33,81750000.0,179080000.0,6.0,3.0,1
658,979,226,190,0.0,0.0,3.0,3.0,0
1248,1729,152,37,4950000.0,214000000.0,0.0,0.0,2
1115,1491,174,82,3340000.0,114280000.0,1.0,0.0,2
1107,1591,175,62,1750000.0,53850000.0,2.0,1.0,2
1305,1477,135,87,2100000.0,16300000.0,4.0,0.0,0
1939,1914,11,12,300500000.0,362450000.0,3.0,0.0,0
1356,1470,116,88,17530000.0,40380000.0,0.0,4.0,1
1585,1879,64,15,19280000.0,366730000.0,0.0,0.0,2
1489,1508,83,77,74000000.0,32900000.0,3.0,3.0,0
2023,1611,4,60,968500000.0,130550000.0,6.0,6.0,1
960,1540,192,71,600000.0,133400000.0,0.0,0.0,2
1613,1722,59,39,144080000.0,315600000.0,3.0,0.0,2
1434,1501,96,79,10100000.0,5400000.0,6.0,1.0,1
1052,1276,182,145,0.0,125000.0,6.0,1.0,2
1438,1410,94,104,3830000.0,6960000.0,12.0,1.0,1
1307,1709,135,43,28680000.0,32400000.0,1.0,3.0,2
1805,1999,26,7,258300000.0,558200000.0,3.0,6.0,2
1956,1252,9,151,833500000.0,14750000.0,3.0,0.0,1
1841,1547,19,70,288200000.0,38680000.0,3.0,3.0,1
1463,778,89,212,79880000.0,1120000.0,0.0,0.0,1
1858,1817,18,23,210800000.0,296500000.0,3.0,4.0,1
1429,1319,96,128,29750000.0,18550000.0,1.0,0.0,2
1233,1140,155,166,1500000.0,1180000.0,3.0,3.0,1
1700,1662,45,48,143850000.0,41700000.0,4.0,3.0,1
807,1067,208,179,0.0,650000.0,0.0,0.0,2
1871,1451,16,92,368000000.0,17700000.0,6.0,3.0,1
1745,2028,33,4,504000000.0,1310000000.0,6.0,4.0,2
1705,1947,44,10,199050000.0,357300000.0,0.0,6.0,1
1746,1352,32,116,522700000.0,17530000.0,4.0,0.0,1
1844,1434,18,95,317600000.0,14000000.0,4.0,1.0,0
1631,1113,53,173,97200000.0,3340000.0,4.0,0.0,1
1711,1329,42,125,214000000.0,10530000.0,3.0,3.0,0
1636,1316,50,130,199050000.0,19100000.0,0.0,0.0,1
1093,846,177,206,575000.0,325000.0,3.0,0.0,2
1311,1124,134,171,12600000.0,250000.0,9.0,0.0,1
1303,1095,138,176,37650000.0,1750000.0,1.0,0.0,1
1607,1496,61,79,53850000.0,56830000.0,13.0,3.0,1
1490,1292,83,143,16300000.0,2100000.0,7.0,0.0,1
1749,1247,31,152,179080000.0,4950000.0,1.0,0.0,1
1709,1967,42,8,315600000.0,766000000.0,6.0,3.0,2
1488,1631,84,52,32900000.0,130550000.0,6.0,6.0,2
1491,958,80,192,74000000.0,600000.0,4.0,0.0,1
1532,2031,72,4,133400000.0,968500000.0,3.0,6.0,2
1448,1813,92,25,16230000.0,258300000.0,1.0,4.0,2
1330,976,125,189,2580000.0,375000.0,3.0,3.0,1
1221,970,156,191,18030000.0,200000.0,3.0,0.0,1
1983,1738,7,36,558200000.0,435380000.0,4.0,3.0,0
1719,1491,38,79,32400000.0,5400000.0,12.0,1.0,1
1406,1442,103,93,6960000.0,3830000.0,1.0,0.0,0
1339,1402,123,105,28680000.0,10100000.0,1.0,3.0,1
1755,1713,30,40,62780000.0,72700000.0,3.0,0.0,1
1950,2053,9,3,362450000.0,908700000.0,3.0,3.0,1
1786,2170,27,1,28900000.0,761200000.0,0.0,3.0,2
1712,1576,41,63,134450000.0,19280000.0,1.0,0.0,1
2030,1939,5,12,1620000000.0,833500000.0,4.0,4.0,1
933,611,194,231,1920000.0,925000.0,3.0,0.0,1
1283,1364,146,115,7130000.0,7700000.0,3.0,1.0,2
1051,823,183,208,650000.0,0.0,0.0,0.0,0
1161,1077,164,178,375000.0,375000.0,4.0,3.0,0
813,627,209,229,0.0,0.0,0.0,0.0,1
778,1871,212,16,1120000.0,368000000.0,0.0,4.0,2
1249,1844,152,17,14750000.0,288200000.0,0.0,4.0,2
1451,1712,91,41,79880000.0,143850000.0,3.0,3.0,2
1824,1546,23,69,296500000.0,60130000.0,0.0,1.0,1
1877,1941,15,11,366730000.0,300500000.0,3.0,1.0,0
1336,1841,124,19,18550000.0,210800000.0,2.0,4.0,0
925,882,196,202,7740000.0,950000.0,6.0,0.0,1
1628,1485,53,85,41700000.0,17700000.0,6.0,3.0,2
1255,1118,150,171,1500000.0,1180000.0,6.0,3.0,1
1513,1603,76,61,114280000.0,86900000.0,2.0,1.0,1
1502,1368,78,114,12050000.0,2080000.0,3.0,2.0,1
1261,1321,149,130,6800000.0,7100000.0,1.0,1.0,0
1313,1318,134,131,2780000.0,13430000.0,1.0,0.0,0
1615,1832,60,21,86900000.0,317600000.0,9.0,4.0,0
1464,1397,89,107,53430000.0,52200000.0,3.0,0.0,0
1322,1366,129,113,3080000.0,30100000.0,8.0,4.0,2
1300,1409,138,101,12450000.0,72280000.0,3.0,1.0,1
1588,1754,63,31,18700000.0,32400000.0,4.0,6.0,2
1600,1235,62,154,218080000.0,675000.0,6.0,0.0,0
1511,1090,77,175,17930000.0,325000.0,3.0,3.0,1
1357,1285,116,147,4350000.0,4800000.0,9.0,0.0,2
2118,2002,2,7,761200000.0,362450000.0,6.0,1.0,2
1089,1128,176,170,575000.0,250000.0,3.0,0.0,0
1439,1827,94,22,29750000.0,210800000.0,1.0,5.0,0
1780,925,28,196,51330000.0,7740000.0,3.0,1.0,1
1643,1479,49,88,130550000.0,74000000.0,3.0,0.0,1
1555,1327,67,127,60130000.0,18550000.0,4.0,3.0,1
1517,1503,74,78,32900000.0,133400000.0,6.0,3.0,1
958,2031,192,4,600000.0,968500000.0,0.0,9.0,2
1640,1809,50,25,199050000.0,207830000.0,3.0,6.0,0
1314,2030,134,5,19100000.0,1310000000.0,0.0,7.0,2
1370,1821,110,23,7000000.0,258300000.0,0.0,7.0,2
1832,1064,20,179,34680000.0,3600000.0,3.0,0.0,1
613,988,230,188,0.0,125000.0,1.0,3.0,2
658,988,227,188,0.0,0.0,4.0,4.0,2
1756,1876,29,15,62780000.0,366730000.0,6.0,3.0,0
1808,1398,26,106,356700000.0,10100000.0,8.0,3.0,1
1962,2032,10,3,300500000.0,908700000.0,4.0,3.0,1
1707,1718,44,38,72700000.0,134450000.0,4.0,0.0,0
1615,1747,58,33,19280000.0,28900000.0,0.0,1.0,1
1500,1686,80,46,16230000.0,435380000.0,1.0,4.0,1
1626,1030,56,184,197400000.0,850000.0,3.0,1.0,1
1731,1063,37,180,66550000.0,1430000.0,3.0,0.0,1
1241,1285,154,144,3280000.0,6980000.0,9.0,0.0,1
1629,860,55,204,514900000.0,1030000.0,3.0,0.0,1
1348,1270,120,146,11430000.0,1080000.0,1.0,1.0,1
1580,1286,64,143,220780000.0,8230000.0,3.0,1.0,1
1174,1030,164,184,375000.0,0.0,5.0,0.0,1
1707,1753,42,32,214000000.0,179080000.0,4.0,3.0,0
956,1344,192,122,200000.0,2580000.0,0.0,6.0,2
1538,1792,71,26,16300000.0,79800000.0,10.0,0.0,1
1004,1193,187,162,375000.0,18030000.0,0.0,3.0,1
1878,1705,15,44,368000000.0,143850000.0,9.0,6.0,1
1103,1259,174,150,375000.0,125000.0,0.0,4.0,1
1641,1438,50,95,41700000.0,79880000.0,6.0,0.0,1
1943,1551,12,68,833500000.0,38680000.0,6.0,3.0,1
1486,777,86,212,17700000.0,1120000.0,6.0,0.0,1
1341,1649,123,48,10530000.0,81750000.0,3.0,4.0,0
2030,1249,5,152,1620000000.0,14750000.0,7.0,0.0,1
1353,1202,118,159,7530000.0,9980000.0,3.0,0.0,1
1529,1347,73,121,41150000.0,17080000.0,8.0,0.0,1
1815,1530,23,72,317600000.0,114280000.0,5.0,3.0,0
1970,1613,9,58,766000000.0,144080000.0,3.0,3.0,1
1650,1596,48,61,97200000.0,86900000.0,7.0,1.0,1
1439,1108,94,172,14000000.0,3340000.0,4.0,0.0,1
1470,1697,89,45,40380000.0,199050000.0,3.0,3.0,0
1029,1140,185,166,650000.0,1180000.0,1.0,3.0,2
1349,1950,119,11,17530000.0,357300000.0,3.0,6.0,2
2123,1057,1,181,1470000000.0,1380000.0,9.0,0.0,1
1684,1311,47,136,108830000.0,13430000.0,9.0,1.0,1
1439,1287,95,142,34450000.0,12450000.0,3.0,0.0,1
2033,1637,3,52,1310000000.0,199050000.0,9.0,3.0,1
1587,1334,62,127,218080000.0,7100000.0,7.0,2.0,0
1321,1497,132,79,3250000.0,153500000.0,1.0,3.0,1
1326,1078,128,177,12600000.0,575000.0,12.0,1.0,1
1691,1365,46,111,435380000.0,7000000.0,0.0,1.0,1
2032,1478,4,88,968500000.0,74000000.0,9.0,0.0,1
955,1520,192,75,600000.0,32900000.0,0.0,4.0,2
1833,1549,19,69,210800000.0,60130000.0,6.0,1.0,1
1485,1661,86,48,133400000.0,130550000.0,3.0,9.0,2
1990,1497,8,79,558200000.0,16230000.0,5.0,3.0,1
1092,878,175,203,250000.0,325000.0,9.0,3.0,2
1800,1755,25,31,207830000.0,504000000.0,3.0,3.0,0
1802,1457,24,91,296500000.0,29750000.0,3.0,1.0,0
1642,1396,50,107,514900000.0,72280000.0,6.0,1.0,1
1256,1515,151,77,14150000.0,12050000.0,0.0,1.0,2
1311,1155,136,164,8230000.0,6100000.0,11.0,0.0,1
1710,1481,42,87,143850000.0,17700000.0,7.0,6.0,1
1413,911,101,198,41400000.0,575000.0,6.0,0.0,1
1614,1302,57,139,35700000.0,6980000.0,6.0,0.0,0
1001,800,188,209,125000.0,0.0,3.0,1.0,1
1491,1825,83,20,79880000.0,368000000.0,3.0,7.0,1
1567,2014,66,6,38680000.0,1620000000.0,1.0,3.0,0
1937,1850,12,16,833500000.0,288200000.0,9.0,7.0,0
1756,1338,32,125,179080000.0,10530000.0,4.0,4.0,1
1631,1264,54,148,81750000.0,4950000.0,9.0,0.0,0
1022,938,186,193,375000.0,200000.0,3.0,0.0,1
1765,1577,29,64,32400000.0,18700000.0,15.0,0.0,1
777,1641,212,51,1120000.0,41700000.0,0.0,3.0,2
1237,1487,157,83,9980000.0,14630000.0,0.0,4.0,1
1347,1846,119,17,7530000.0,456000000.0,6.0,0.0,2
1043,1384,184,108,850000.0,52200000.0,9.0,1.0,0
1257,1544,152,69,7580000.0,6100000.0,3.0,3.0,1
902,1104,200,172,1330000.0,1850000.0,4.0,1.0,2
1393,1731,105,37,29680000.0,474000000.0,6.0,2.0,0
1389,1144,107,167,23600000.0,1600000.0,6.0,0.0,0
831,1375,207,111,3440000.0,7700000.0,3.0,4.0,2
1348,1738,118,36,2049999.0,66550000.0,10.0,0.0,2
1053,1285,183,146,6430000.0,30580000.0,0.0,3.0,0
1640,1827,52,20,79280000.0,34680000.0,9.0,6.0,0
1341,1241,124,156,17080000.0,675000.0,1.0,1.0,0
1343,1422,123,100,3080000.0,74250000.0,8.0,1.0,1
1564,1299,66,142,121230000.0,2780000.0,2.0,0.0,1
1479,1255,87,154,53430000.0,1080000.0,4.0,1.0,1
1273,1548,147,68,3280000.0,220780000.0,9.0,1.0,1
910,1370,198,112,3130000.0,6850000.0,3.0,0.0,2
1706,1974,42,9,134450000.0,300500000.0,4.0,2.0,2
1262,1534,151,70,4800000.0,17930000.0,7.0,1.0,2
1370,1077,112,177,4350000.0,325000.0,9.0,3.0,1
1951,1469,11,89,357300000.0,40380000.0,4.0,4.0,1
1674,1791,48,26,97200000.0,317600000.0,10.0,5.0,1
1695,1765,45,29,199050000.0,522700000.0,3.0,6.0,0
1784,1409,27,102,51330000.0,7630000.0,6.0,1.0,1
1068,1222,179,158,3600000.0,2950000.0,3.0,1.0,0
1728,2109,38,2,315600000.0,1470000000.0,6.0,3.0,0
939,1300,194,141,7740000.0,6430000.0,9.0,2.0,0
1057,1970,181,10,1380000.0,766000000.0,0.0,6.0,2
1500,1469,77,89,114280000.0,14000000.0,5.0,2.0,2
1102,1602,173,61,3340000.0,86900000.0,1.0,1.0,2
1883,1700,15,44,366730000.0,72700000.0,4.0,0.0,1
2011,2139,6,1,908700000.0,761200000.0,4.0,6.0,2
2006,1611,7,59,362450000.0,19280000.0,6.0,0.0,1
1705,1617,43,56,129050000.0,53850000.0,7.0,4.0,2
1742,1761,35,31,28900000.0,62780000.0,0.0,1.0,0
1286,1147,145,165,125000.0,375000.0,4.0,3.0,1
1273,1011,147,186,1500000.0,650000.0,9.0,3.0,1
1147,816,165,208,1180000.0,0.0,4.0,1.0,1
1072,1061,178,180,0.0,375000.0,6.0,4.0,1
1799,1531,24,71,79800000.0,16300000.0,15.0,1.0,1
1332,1205,128,160,2580000.0,18030000.0,6.0,3.0,0
1301,446,140,240,450000.0,0.0,9.0,0.0,1
1135,1118,169,170,0.0,585000.0,0.0,3.0,0
1155,698,163,219,60000.0,350000.0,3.0,0.0,1
1220,1103,159,172,5200000.0,585000.0,12.0,4.0,1
1183,1107,162,170,60000.0,0.0,6.0,0.0,1
1203,1079,162,175,2450000.0,585000.0,4.0,4.0,1
1533,1297,70,142,17930000.0,6430000.0,6.0,3.0,1
1432,1633,96,53,7200000.0,79280000.0,3.0,3.0,0
1430,1382,98,111,12480000.0,7700000.0,0.0,7.0,0
1791,1259,26,152,51330000.0,4800000.0,9.0,3.0,1
1654,1398,50,104,514900000.0,41400000.0,9.0,1.0,1
1524,1075,72,178,31130000.0,3600000.0,3.0,0.0,1
1668,1381,48,112,108830000.0,30100000.0,12.0,7.0,0
1837,1403,18,103,34680000.0,7630000.0,6.0,1.0,1
1913,1376,13,113,263899999.0,6380000.0,6.0,3.0,1
1505,1511,77,75,53430000.0,220780000.0,7.0,1.0,1
1743,1385,35,108,474000000.0,72280000.0,3.0,1.0,1
1625,1253,55,154,19780000.0,30580000.0,3.0,4.0,1
1715,1425,39,99,227850000.0,52200000.0,7.0,2.0,0
1535,1283,69,145,16079999.0,7130000.0,0.0,3.0,1
1602,1455,60,93,197400000.0,74250000.0,6.0,1.0,0
1584,1384,63,110,121230000.0,23600000.0,5.0,0.0,1
1643,1455,51,92,35700000.0,41150000.0,7.0,0.0,1
1428,1689,99,46,2080000.0,66550000.0,3.0,3.0,1
1610,1544,59,68,27630000.0,6100000.0,3.0,3.0,1
1409,1245,103,155,6380000.0,7580000.0,4.0,0.0,1
1486,1491,84,82,153500000.0,14630000.0,6.0,4.0,0
1543,1372,69,113,17930000.0,7700000.0,9.0,8.0,1
1421,1306,101,136,12480000.0,6430000.0,1.0,2.0,0
1852,1342,16,123,456000000.0,7530000.0,3.0,1.0,1
1642,1250,51,153,79280000.0,4800000.0,10.0,3.0,1
1797,1426,25,98,51330000.0,7200000.0,12.0,0.0,1
1616,1599,57,63,514900000.0,218080000.0,12.0,1.0,2
1535,1372,70,112,12050000.0,41400000.0,7.0,1.0,1
1657,1522,49,73,108830000.0,220780000.0,13.0,1.0,0
1286,1343,143,121,30580000.0,6380000.0,3.0,3.0,1
1838,1074,18,178,34680000.0,3600000.0,9.0,0.0,1
1534,1352,72,115,53430000.0,30100000.0,10.0,8.0,1
1475,1365,88,113,74250000.0,72280000.0,3.0,1.0,1
1766,1579,29,64,474000000.0,197400000.0,6.0,1.0,1
1552,1795,67,25,16079999.0,142200000.0,3.0,3.0,0
1433,1267,97,148,6230000.0,7130000.0,3.0,3.0,1
1646,1686,51,46,35700000.0,66550000.0,10.0,3.0,0
1447,1362,94,113,52200000.0,23600000.0,8.0,0.0,1
1706,1593,40,63,227850000.0,121230000.0,8.0,0.0,0
1506,1832,78,20,153500000.0,456000000.0,7.0,3.0,0
1498,1385,81,107,41150000.0,2080000.0,10.0,2.0,1
1618,1237,56,156,27630000.0,7580000.0,6.0,0.0,1
1535,1418,70,102,6100000.0,6380000.0,7.0,3.0,0
1352,1481,115,87,7530000.0,14630000.0,6.0,5.0,0
1547,1604,70,61,514900000.0,12050000.0,12.0,4.0,2
1511,1363,77,112,220780000.0,30100000.0,6.0,5.0,0
1554,1410,67,103,17930000.0,12480000.0,12.0,3.0,1
1392,1286,106,142,7700000.0,6430000.0,2.0,3.0,1
1610,1361,59,115,218080000.0,41400000.0,8.0,1.0,1
1845,1509,17,77,34680000.0,31130000.0,12.0,4.0,1
1439,1237,96,155,7200000.0,4800000.0,4.0,3.0,1
1422,1063,101,179,7630000.0,3600000.0,1.0,0.0,1
1787,1652,27,50,51330000.0,79280000.0,15.0,4.0,0
1590,1354,63,115,197400000.0,72280000.0,7.0,1.0,1
1406,1662,105,48,23600000.0,227850000.0,7.0,3.0,1
1499,1541,81,71,52200000.0,121230000.0,11.0,1.0,1
1778,1463,28,92,474000000.0,74250000.0,9.0,2.0,1
1873,1284,15,144,263899999.0,30580000.0,9.0,4.0,1
1674,1336,45,126,19780000.0,6380000.0,9.0,3.0,1
1510,1674,77,45,41150000.0,66550000.0,10.0,4.0,0
1838,1475,18,89,456000000.0,14630000.0,6.0,6.0,1
1630,1401,55,106,35700000.0,2080000.0,11.0,2.0,0
1496,1362,83,113,153500000.0,7530000.0,8.0,1.0,0
1466,1519,92,73,6230000.0,16079999.0,6.0,1.0,1
1254,1518,153,74,7580000.0,6100000.0,6.0,3.0,0
1605,1431,60,100,27630000.0,6380000.0,9.0,4.0,0
1290,1772,141,28,7130000.0,142200000.0,6.0,4.0,0
1531,1369,71,111,52200000.0,2080000.0,11.0,2.0,1
1645,1555,52,65,218080000.0,197400000.0,11.0,1.0,1
1400,1501,106,81,7700000.0,31130000.0,5.0,4.0,0
1792,1279,25,146,51330000.0,30580000.0,13.0,4.0,1
1498,1569,83,63,74250000.0,12050000.0,6.0,7.0,1
1506,1639,79,53,153500000.0,108830000.0,9.0,1.0,0
1564,1412,65,102,17930000.0,7630000.0,15.0,1.0,1
1554,1639,69,52,16079999.0,19780000.0,4.0,5.0,1
1556,1769,67,28,514900000.0,474000000.0,9.0,3.0,0
1558,1390,66,107,53430000.0,23600000.0,11.0,0.0,1
1649,1522,50,74,35700000.0,121230000.0,9.0,1.0,1
1575,1773,63,26,41150000.0,456000000.0,8.0,4.0,1
1663,1420,47,101,79280000.0,6380000.0,10.0,5.0,1
1616,1761,58,30,27630000.0,142200000.0,10.0,5.0,0
1880,1459,15,94,263899999.0,6230000.0,12.0,0.0,1
1824,1460,20,93,34680000.0,7200000.0,15.0,0.0,0
1662,1514,48,77,218080000.0,52200000.0,11.0,3.0,1
1543,1461,72,92,153500000.0,74250000.0,7.0,2.0,1
1569,1385,64,108,16079999.0,7700000.0,7.0,7.0,1
1580,1625,63,56,514900000.0,35700000.0,7.0,3.0,1
1564,1663,68,47,17930000.0,79280000.0,15.0,5.0,0
1853,1851,15,16,34680000.0,263899999.0,13.0,0.0,1
1559,1574,69,64,53430000.0,41150000.0,13.0,0.0,0
1627,1730,56,36,16079999.0,142200000.0,10.0,6.0,1
1596,1527,64,72,514900000.0,153500000.0,7.0,3.0,1
1601,1816,63,20,17930000.0,34680000.0,13.0,7.0,1
1656,1580,50,66,218080000.0,41150000.0,11.0,1.0,0
1631,1597,55,63,17930000.0,16079999.0,13.0,1.0,1
1531,1576,72,66,153500000.0,41150000.0,7.0,2.0,0
1618,1634,58,54,514900000.0,218080000.0,7.0,4.0,1
1263,886,152,201,1080000.0,860000.0,3.0,0.0,1
1264,913,150,197,14150000.0,575000.0,0.0,0.0,1
496,726,238,215,10000.0,350000.0,3.0,0.0,2
1715,1621,38,57,199050000.0,41700000.0,4.0,6.0,1
1526,1284,74,144,6100000.0,7130000.0,8.0,3.0,1
1417,938,102,194,7630000.0,7740000.0,4.0,1.0,1
1467,1073,91,177,74250000.0,585000.0,9.0,4.0,1
830,1598,207,63,3440000.0,16079999.0,3.0,1.0,2
1115,1563,170,68,3340000.0,41150000.0,1.0,3.0,0
1621,1380,57,108,27630000.0,7700000.0,11.0,7.0,1
912,1267,198,149,1920000.0,7580000.0,6.0,0.0,2
1128,1400,169,103,4380000.0,12480000.0,3.0,3.0,0
927,1443,196,96,3130000.0,7200000.0,3.0,1.0,0
1638,1333,53,126,17930000.0,4350000.0,13.0,2.0,1
1564,1268,67,148,53430000.0,1500000.0,11.0,4.0,1
1503,1102,81,172,31130000.0,1850000.0,6.0,4.0,1
1826,1733,19,36,79800000.0,32400000.0,15.0,8.0,1
1713,1437,40,99,142200000.0,6380000.0,9.0,5.0,0
1478,1857,87,15,133400000.0,288200000.0,3.0,8.0,2
1817,1215,21,161,34680000.0,2950000.0,13.0,2.0,1
1297,1318,139,132,30580000.0,6380000.0,6.0,3.0,1
1060,1666,180,47,3600000.0,79280000.0,4.0,6.0,2
1772,1610,27,61,356700000.0,53850000.0,11.0,7.0,1
1461,898,92,200,6230000.0,1330000.0,9.0,3.0,1
1086,1228,175,158,325000.0,4800000.0,3.0,3.0,0
1852,1369,16,110,263899999.0,6850000.0,15.0,3.0,1
1326,1050,128,183,18550000.0,1380000.0,3.0,0.0,1
1714,1357,39,115,214000000.0,7000000.0,5.0,1.0,1
1550,1557,72,70,74000000.0,86900000.0,7.0,4.0,1
1738,1477,35,88,315600000.0,17700000.0,7.0,6.0,1
1650,1507,50,80,199050000.0,32900000.0,4.0,7.0,1
1767,1284,29,144,51330000.0,6430000.0,13.0,2.0,1
700,1096,217,172,885000.0,0.0,1.0,0.0,0
1570,847,65,205,12050000.0,2480000.0,10.0,0.0,1
1646,1518,51,75,108830000.0,31700000.0,11.0,0.0,1
558,698,236,220,0.0,50000.0,0.0,0.0,0
610,661,231,227,0.0,0.0,1.0,1.0,0
1671,1602,46,62,227850000.0,19280000.0,9.0,0.0,1
1497,794,84,210,16230000.0,500000.0,4.0,1.0,1
1468,1351,90,115,29750000.0,7530000.0,2.0,2.0,1
1149,596,165,232,375000.0,680000.0,8.0,0.0,1
1715,1417,38,101,129050000.0,10100000.0,7.0,3.0,1
1606,1490,62,85,18700000.0,16300000.0,4.0,1.0,1
744,668,215,224,350000.0,0.0,3.0,0.0,1
1941,1684,12,45,357300000.0,66550000.0,7.0,5.0,0
1637,1706,55,42,53850000.0,32400000.0,10.0,7.0,1
1353,792,117,210,7530000.0,500000.0,7.0,1.0,1
712,610,217,230,885000.0,690000.0,2.0,0.0,1
1475,1141,89,165,74250000.0,375000.0,12.0,3.0,1
1492,1473,84,90,16230000.0,29750000.0,7.0,2.0,0
1604,1113,63,170,19280000.0,3340000.0,3.0,0.0,1
1316,1083,134,175,6980000.0,0.0,3.0,1.0,1
1579,1555,65,69,53430000.0,12050000.0,11.0,7.0,1
1599,829,64,207,16079999.0,3440000.0,13.0,1.0,1
1196,1118,162,170,4800000.0,325000.0,4.0,3.0,2
1407,1121,104,169,12480000.0,4380000.0,2.0,3.0,1
934,1421,195,100,7740000.0,7630000.0,10.0,1.0,2
1463,896,92,201,6230000.0,1330000.0,12.0,3.0,1
1770,1281,29,144,51330000.0,6430000.0,13.0,2.0,1
686,570,221,235,50000.0,0.0,1.0,0.0,0
480,684,239,222,10000.0,0.0,3.0,0.0,2
1418,1732,101,37,6380000.0,142200000.0,7.0,6.0,2
624,1045,229,183,680000.0,585000.0,0.0,4.0,1
1213,1819,160,20,2950000.0,34680000.0,0.0,7.0,2
1635,1952,55,12,108830000.0,357300000.0,11.0,9.0,2
1272,843,146,205,1500000.0,2480000.0,12.0,0.0,1
1324,1647,128,51,4350000.0,17930000.0,12.0,4.0,2
653,618,227,230,0.0,0.0,4.0,0.0,0
1272,907,146,198,7580000.0,1920000.0,7.0,0.0,1
1064,1134,179,167,1430000.0,1600000.0,1.0,2.0,0
1047,1645,181,53,6430000.0,19780000.0,1.0,5.0,2
1667,1059,46,180,79280000.0,3600000.0,10.0,0.0,1
1271,1344,148,121,6380000.0,30580000.0,0.0,1.0,2
1649,1739,50,34,199050000.0,315600000.0,7.0,3.0,0
1863,1544,15,72,288200000.0,74000000.0,6.0,0.0,1
1709,1720,41,38,199050000.0,214000000.0,7.0,3.0,0
1330,1046,126,182,18550000.0,1380000.0,6.0,0.0,1
1011,1187,185,163,850000.0,6100000.0,10.0,0.0,2
1266,1544,151,72,7130000.0,6100000.0,7.0,4.0,2
1663,1571,48,66,227850000.0,41150000.0,9.0,4.0,0
1247,902,153,200,1080000.0,860000.0,6.0,0.0,0
1509,1096,79,172,31130000.0,1850000.0,9.0,4.0,1
1447,923,96,197,7200000.0,3130000.0,7.0,1.0,1
1388,1613,109,59,7700000.0,27630000.0,6.0,3.0,0
1247,930,153,196,14150000.0,575000.0,3.0,0.0,0
1377,1149,109,165,29680000.0,1600000.0,7.0,3.0,0
1686,1546,45,71,66550000.0,12050000.0,6.0,7.0,1
1486,1007,86,187,5400000.0,0.0,10.0,7.0,1
1254,1359,153,113,14150000.0,2080000.0,4.0,2.0,0
1329,1174,128,164,6980000.0,6100000.0,6.0,3.0,1
1410,1088,102,174,10100000.0,1750000.0,12.0,0.0,0
1316,1075,135,178,37650000.0,0.0,4.0,0.0,1
1327,1016,129,184,2580000.0,375000.0,7.0,3.0,1
1341,934,121,194,28680000.0,200000.0,4.0,0.0,1
1013,1139,185,166,650000.0,375000.0,1.0,3.0,0
1276,1042,146,183,6380000.0,6430000.0,0.0,0.0,1
1669,1218,46,159,79280000.0,2950000.0,10.0,2.0,1
1511,894,79,201,31130000.0,1330000.0,12.0,3.0,1
933,1771,195,27,7740000.0,51330000.0,10.0,0.0,2
1116,1737,170,37,4380000.0,142200000.0,4.0,6.0,2
904,1547,198,71,1920000.0,6100000.0,6.0,7.0,2
922,1853,197,17,3130000.0,263899999.0,4.0,0.0,2
1136,1629,169,53,325000.0,17930000.0,4.0,7.0,0
1266,1272,150,147,7580000.0,7130000.0,7.0,3.0,0
1609,1378,63,108,16079999.0,7700000.0,13.0,4.0,1
1327,1659,127,47,30580000.0,19780000.0,9.0,8.0,2
1198,1322,162,130,4800000.0,4350000.0,3.0,2.0,0
1058,1820,179,20,3600000.0,34680000.0,4.0,10.0,2
828,1614,206,59,3440000.0,27630000.0,3.0,4.0,2
1402,1423,104,99,12480000.0,6380000.0,5.0,6.0,0
1289,1413,142,101,6430000.0,7630000.0,13.0,4.0,0
1709,1259,41,152,32400000.0,1500000.0,15.0,4.0,1
1643,1493,51,85,108830000.0,121230000.0,8.0,1.0,1
1446,1113,95,171,6230000.0,1850000.0,12.0,4.0,0
1350,1373,117,110,23600000.0,3250000.0,10.0,0.0,2
1614,1532,59,75,35700000.0,220780000.0,9.0,2.0,2
1307,1056,137,180,2049999.0,1430000.0,10.0,0.0,1
1410,1009,102,186,11430000.0,850000.0,5.0,1.0,1
1350,1300,117,139,41400000.0,2780000.0,9.0,0.0,0
1614,1077,59,177,18700000.0,575000.0,7.0,0.0,1
1761,1546,30,72,474000000.0,153500000.0,12.0,3.0,0
1629,1509,53,80,227850000.0,74250000.0,9.0,2.0,2
1497,1294,83,140,16300000.0,2100000.0,13.0,0.0,1
1497,1088,83,173,56830000.0,250000.0,3.0,1.0,1
1381,1146,107,166,6960000.0,1180000.0,2.0,6.0,0
1639,1206,52,161,53850000.0,18030000.0,10.0,4.0,1
1510,1243,80,155,52200000.0,1080000.0,13.0,1.0,1
1284,1395,144,105,12450000.0,10930000.0,6.0,0.0,0
1635,1424,53,97,514900000.0,34450000.0,10.0,0.0,1
1286,1284,143,144,675000.0,7100000.0,7.0,3.0,1
1312,1282,135,146,8230000.0,3280000.0,13.0,0.0,1
1365,900,112,200,30100000.0,860000.0,6.0,1.0,1
1618,1579,59,65,218080000.0,41150000.0,11.0,5.0,0
1770,1478,28,89,456000000.0,14630000.0,9.0,3.0,1
1373,1326,110,128,8750000.0,3080000.0,3.0,0.0,1
652,1487,227,87,0.0,5400000.0,5.0,1.0,2
1312,1359,133,115,17530000.0,18550000.0,3.0,3.0,2
985,1353,190,118,125000.0,28680000.0,6.0,0.0,2
1056,1349,179,122,375000.0,2580000.0,3.0,9.0,2
824,987,208,189,0.0,650000.0,3.0,3.0,1
600,1318,233,131,0.0,37650000.0,1.0,2.0,2
1582,1552,65,70,197400000.0,53430000.0,10.0,0.0,1
1358,851,117,205,72280000.0,1030000.0,3.0,0.0,1
1366,1255,112,153,7000000.0,4950000.0,0.0,1.0,1
1413,813,101,209,10100000.0,0.0,13.0,1.0,1
1374,1671,109,45,2080000.0,66550000.0,6.0,4.0,0
1264,1046,151,181,14150000.0,1430000.0,5.0,0.0,1
1344,1767,124,30,23600000.0,474000000.0,10.0,4.0,2
1553,1370,69,112,153500000.0,29680000.0,7.0,1.0,1
930,1501,196,84,200000.0,56830000.0,0.0,3.0,2
1124,1512,169,78,375000.0,16300000.0,11.0,1.0,2
1710,1015,41,184,32400000.0,375000.0,15.0,3.0,1
1390,1066,107,177,6960000.0,0.0,3.0,0.0,1
1082,1620,175,59,1750000.0,18700000.0,2.0,0.0,2
1005,1641,186,52,0.0,53850000.0,3.0,7.0,2
1361,1641,115,51,8750000.0,227850000.0,6.0,3.0,2
1393,1481,107,88,30100000.0,74250000.0,9.0,4.0,1
1360,1633,116,54,41400000.0,108830000.0,10.0,2.0,0
1538,1323,75,128,220780000.0,6980000.0,7.0,1.0,1
1483,1321,86,130,121230000.0,13430000.0,8.0,1.0,0
1331,895,125,200,3080000.0,860000.0,8.0,1.0,1
1397,1586,105,64,17080000.0,218080000.0,5.0,4.0,1
1551,1302,72,137,12050000.0,2049999.0,13.0,6.0,1
1326,1600,129,61,8230000.0,35700000.0,13.0,3.0,0
1328,1130,128,167,4350000.0,325000.0,9.0,6.0,1
1560,1402,69,104,53430000.0,11430000.0,11.0,0.0,1
1276,900,147,200,7130000.0,1920000.0,7.0,0.0,1
905,1102,198,172,1330000.0,1850000.0,4.0,4.0,0
1355,1370,118,114,18550000.0,7000000.0,8.0,1.0,0
1298,924,139,196,6430000.0,7740000.0,11.0,1.0,1
1502,1455,82,92,31130000.0,6230000.0,15.0,0.0,0
1428,1111,98,170,6380000.0,4380000.0,7.0,3.0,1
1321,1246,132,154,17530000.0,4950000.0,3.0,1.0,1
1380,826,111,206,7700000.0,3440000.0,7.0,1.0,1
1740,1399,35,105,142200000.0,12480000.0,10.0,4.0,1
1588,1635,63,53,27630000.0,16079999.0,11.0,4.0,2
1631,1196,55,162,17930000.0,4800000.0,13.0,4.0,1
1531,1282,75,145,6100000.0,7580000.0,11.0,3.0,0
1397,918,106,197,6850000.0,3130000.0,3.0,1.0,1
1857,1419,16,100,263899999.0,7200000.0,15.0,2.0,1
1205,1071,161,177,2950000.0,3600000.0,0.0,0.0,0
991,1082,189,174,125000.0,250000.0,6.0,1.0,0
1435,1347,96,122,34450000.0,72280000.0,6.0,0.0,1
1148,598,165,233,1180000.0,0.0,7.0,1.0,1
1773,1268,28,150,456000000.0,2600000.0,12.0,0.0,1
1808,1681,20,44,34680000.0,79280000.0,13.0,9.0,0
1273,1042,148,182,1500000.0,375000.0,15.0,4.0,1
1333,1036,126,183,30580000.0,6430000.0,9.0,0.0,1
1776,1408,26,102,51330000.0,7630000.0,13.0,4.0,1
1446,1377,94,112,14630000.0,7530000.0,15.0,2.0,2
1585,1278,65,146,41150000.0,7100000.0,11.0,3.0,1
1663,1272,49,149,19780000.0,6380000.0,15.0,3.0,1
1036,1216,183,158,850000.0,1080000.0,10.0,1.0,1
1208,650,160,227,18030000.0,0.0,6.0,2.0,1
1623,1407,57,103,514900000.0,10930000.0,13.0,1.0,0
1303,1153,137,164,3280000.0,6100000.0,9.0,3.0,1
1289,846,141,204,12450000.0,1030000.0,7.0,0.0,1
1508,1584,80,66,52200000.0,197400000.0,13.0,1.0,0
1081,809,176,209,575000.0,0.0,4.0,1.0,1
1335,1268,125,150,6800000.0,675000.0,5.0,2.0,1
1956,1616,11,60,833500000.0,81750000.0,10.0,5.0,1
2057,1931,3,13,1310000000.0,357300000.0,12.0,12.0,1
1080,1252,177,153,585000.0,450000.0,6.0,3.0,1
1844,1791,18,22,317600000.0,210800000.0,6.0,6.0,1
1827,1740,19,34,368000000.0,143850000.0,12.0,6.0,0
1189,738,163,215,60000.0,350000.0,9.0,3.0,1
1240,1064,155,179,2450000.0,0.0,7.0,1.0,1
1985,1734,10,37,766000000.0,214000000.0,6.0,4.0,1
1993,1788,7,24,1620000000.0,296500000.0,10.0,4.0,1
1713,1945,42,11,130550000.0,558200000.0,6.0,9.0,1
1714,1786,41,24,97200000.0,288200000.0,13.0,8.0,1
2087,1852,2,16,1470000000.0,258300000.0,12.0,10.0,1
1540,1237,74,155,31700000.0,450000.0,1.0,3.0,1
1777,1636,26,52,522700000.0,199050000.0,7.0,3.0,1
2013,1765,6,30,968500000.0,179080000.0,12.0,4.0,1
1073,1180,177,163,0.0,60000.0,1.0,1.0,0
1244,734,154,215,2450000.0,350000.0,10.0,3.0,1
1758,1837,31,17,207830000.0,317600000.0,4.0,5.0,0
1952,1776,11,26,773500000.0,210800000.0,3.0,6.0,1
1634,1913,54,13,81750000.0,357300000.0,10.0,9.0,0
2151,1714,1,40,761200000.0,129050000.0,6.0,3.0,1
1838,1982,17,9,368000000.0,1620000000.0,13.0,4.0,0
1785,1743,23,33,296500000.0,143850000.0,4.0,7.0,0
2075,1938,3,12,1310000000.0,833500000.0,15.0,4.0,1
1726,1742,38,34,72700000.0,28900000.0,5.0,1.0,0
1877,1709,14,42,258300000.0,214000000.0,3.0,4.0,1
1806,1693,20,44,288200000.0,130550000.0,9.0,12.0,1
1070,1550,178,73,585000.0,31700000.0,9.0,0.0,2
2080,1992,2,7,1470000000.0,766000000.0,15.0,9.0,0
1806,1626,20,57,79800000.0,53850000.0,15.0,9.0,1
1778,1842,25,16,62780000.0,366730000.0,7.0,4.0,1
1961,1698,10,42,558200000.0,97200000.0,8.0,3.0,1
1756,1645,32,50,179080000.0,199050000.0,7.0,3.0,0
1258,1166,152,163,2450000.0,60000.0,13.0,2.0,1
1079,728,176,215,0.0,350000.0,2.0,3.0,1
2031,1759,4,30,968500000.0,522700000.0,15.0,7.0,1
2003,1685,7,44,362450000.0,32400000.0,9.0,7.0,1
1800,1580,22,66,356700000.0,19280000.0,13.0,0.0,1
1800,1734,22,36,210800000.0,207830000.0,9.0,7.0,1
1938,1851,11,16,773500000.0,317600000.0,6.0,6.0,0
2079,1630,3,56,1310000000.0,81750000.0,15.0,5.0,1
1915,1936,13,12,357300000.0,833500000.0,8.0,4.0,0
2021,1704,5,41,300500000.0,134450000.0,7.0,1.0,1
2006,1641,6,51,908700000.0,18700000.0,4.0,3.0,0
1741,1715,33,40,129050000.0,28900000.0,10.0,2.0,1
2155,1722,1,39,761200000.0,72700000.0,9.0,0.0,1
1910,1959,14,10,258300000.0,766000000.0,6.0,10.0,1
2060,1729,3,38,1470000000.0,214000000.0,13.0,4.0,0
1967,1758,8,31,1620000000.0,143850000.0,13.0,8.0,0
1834,1789,18,24,368000000.0,296500000.0,11.0,4.0,0
1698,1693,43,44,97200000.0,130550000.0,15.0,9.0,0
1325,1222,130,158,3080000.0,1080000.0,8.0,1.0,0
1571,1407,66,103,41150000.0,30100000.0,13.0,5.0,0
1784,1731,25,37,522700000.0,179080000.0,10.0,4.0,1
1859,1609,15,60,366730000.0,53850000.0,7.0,9.0,1
1713,1963,41,8,199050000.0,968500000.0,8.0,12.0,1
1805,1779,21,27,62780000.0,79800000.0,10.0,0.0,1
1951,1816,10,19,558200000.0,288200000.0,11.0,7.0,0
1761,1724,30,39,356700000.0,32400000.0,13.0,6.0,2
1560,1156,69,163,31700000.0,60000.0,4.0,2.0,1
2011,1572,5,65,362450000.0,19280000.0,12.0,0.0,1
1440,1413,94,101,10930000.0,14630000.0,3.0,2.0,1
1101,1227,173,157,585000.0,2450000.0,9.0,0.0,1
2019,1691,5,45,908700000.0,134450000.0,5.0,1.0,1
2030,1632,4,54,300500000.0,18700000.0,10.0,4.0,1
1251,863,152,203,675000.0,1030000.0,10.0,0.0,0
1501,1381,82,111,52200000.0,2080000.0,13.0,2.0,0
1740,1723,32,40,129050000.0,72700000.0,10.0,0.0,0
2161,1709,1,42,761200000.0,28900000.0,12.0,2.0,1
1956,1816,10,18,773500000.0,368000000.0,7.0,7.0,1
1556,1340,70,125,41150000.0,3080000.0,11.0,0.0,0
1232,1397,156,106,1080000.0,30100000.0,7.0,6.0,0
1897,1890,14,15,317600000.0,833500000.0,9.0,5.0,1
1976,1684,7,45,1620000000.0,130550000.0,11.0,7.0,1
1853,1785,17,24,366730000.0,79800000.0,10.0,0.0,0
1826,1588,18,61,62780000.0,53850000.0,13.0,6.0,1
2088,1704,2,42,1310000000.0,199050000.0,15.0,1.0,1
1325,1397,132,104,3280000.0,10930000.0,11.0,2.0,1
1339,1373,126,113,7100000.0,14630000.0,3.0,2.0,1
1186,1197,163,161,60000.0,2450000.0,12.0,0.0,1
1091,1570,173,66,585000.0,31700000.0,12.0,3.0,2
1746,2026,31,5,356700000.0,362450000.0,10.0,4.0,2
2077,1934,3,11,1470000000.0,558200000.0,11.0,9.0,1
1746,1550,31,73,32400000.0,19280000.0,15.0,0.0,1
1502,862,81,203,52200000.0,1030000.0,11.0,1.0,1
1394,1238,109,153,2080000.0,675000.0,7.0,2.0,1
1950,1771,10,29,968500000.0,143850000.0,15.0,6.0,0
1975,1682,8,45,766000000.0,97200000.0,9.0,3.0,1
2020,2029,6,4,908700000.0,300500000.0,8.0,5.0,0
1818,1876,19,15,522700000.0,258300000.0,13.0,10.0,1
1661,1662,51,50,18700000.0,134450000.0,10.0,1.0,1
1422,1314,99,138,10930000.0,7100000.0,6.0,3.0,1
1422,1315,99,136,30100000.0,3080000.0,12.0,1.0,1
1559,1229,69,157,41150000.0,1080000.0,9.0,1.0,1
1348,1350,122,119,3280000.0,14630000.0,13.0,1.0,1
1397,859,106,203,2080000.0,1030000.0,10.0,1.0,1
1513,1227,78,157,52200000.0,675000.0,11.0,2.0,1
2143,1871,1,16,761200000.0,366730000.0,12.0,4.0,0
1746,1820,31,18,129050000.0,62780000.0,10.0,2.0,0
2068,1959,3,9,1470000000.0,968500000.0,11.0,12.0,0
1933,2111,11,2,773500000.0,1310000000.0,10.0,10.0,2
1524,1337,77,125,52200000.0,3280000.0,11.0,0.0,1
1421,1398,100,106,30100000.0,2080000.0,12.0,3.0,0
2020,2026,6,5,908700000.0,362450000.0,6.0,7.0,0
2045,1730,4,38,300500000.0,32400000.0,13.0,6.0,1
1989,1804,7,22,766000000.0,522700000.0,12.0,7.0,1
1970,1903,8,13,1620000000.0,317600000.0,13.0,4.0,0
1342,1416,125,101,3280000.0,30100000.0,15.0,4.0,0
1550,1372,73,112,52200000.0,2080000.0,11.0,4.0,1
2150,1739,1,33,761200000.0,129050000.0,10.0,3.0,1
2133,2046,2,3,1310000000.0,1470000000.0,15.0,4.0,1
1996,1963,7,8,1620000000.0,766000000.0,11.0,10.0,1
2069,2002,3,6,300500000.0,362450000.0,13.0,8.0,1
1755,1986,31,7,129050000.0,362450000.0,8.0,8.0,0
2149,1980,2,7,1310000000.0,1620000000.0,15.0,5.0,1
2169,2050,1,3,761200000.0,300500000.0,13.0,6.0,1
1186,1046,162,181,4800000.0,850000.0,3.0,1.0,0
831,643,206,227,0.0,0.0,6.0,2.0,1
642,648,229,226,50000.0,0.0,2.0,1.0,2
623,804,231,209,0.0,0.0,2.0,1.0,0
1342,1347,126,122,3280000.0,72280000.0,13.0,0.0,0
1398,1344,107,124,11430000.0,6800000.0,8.0,0.0,0
1368,1309,113,140,7530000.0,2780000.0,10.0,2.0,0
1316,1362,136,114,6430000.0,7700000.0,11.0,1.0,1
1280,1032,146,184,7130000.0,6430000.0,7.0,0.0,1
1392,1225,109,156,3250000.0,9980000.0,4.0,0.0,1
1276,1118,146,169,2600000.0,1600000.0,1.0,4.0,1
696,840,218,205,885000.0,2480000.0,5.0,0.0,0
1685,1397,45,106,79280000.0,6850000.0,13.0,3.0,1
1723,1425,38,97,142200000.0,7630000.0,13.0,4.0,0
1573,1348,66,123,27630000.0,30580000.0,8.0,4.0,0
1584,1549,63,74,17930000.0,31130000.0,13.0,5.0,2
1739,1492,33,84,51330000.0,6230000.0,13.0,1.0,2
1860,1396,17,108,263899999.0,12480000.0,15.0,4.0,1
1671,1523,49,78,19780000.0,6100000.0,15.0,7.0,1
1809,1281,20,144,34680000.0,7580000.0,11.0,4.0,1
1513,1575,79,65,220780000.0,52200000.0,10.0,3.0,2
1674,1323,48,131,66550000.0,8230000.0,9.0,1.0,1
1276,1315,146,137,2049999.0,12450000.0,10.0,0.0,2
1615,1344,58,127,16079999.0,4350000.0,15.0,3.0,0
1345,1205,125,159,6980000.0,675000.0,9.0,2.0,1
1368,1221,112,155,41400000.0,1080000.0,11.0,1.0,1
1656,1536,52,77,227850000.0,12050000.0,6.0,6.0,1
1845,1874,18,15,368000000.0,317600000.0,9.0,4.0,1
798,942,210,192,1120000.0,600000.0,0.0,0.0,1
1539,1490,76,85,79880000.0,32900000.0,6.0,7.0,1
1361,1693,115,44,7000000.0,130550000.0,3.0,7.0,2
1436,1485,94,86,14000000.0,29750000.0,7.0,3.0,0
1468,1697,90,43,16230000.0,435380000.0,7.0,4.0,2
1802,2136,22,2,296500000.0,1310000000.0,5.0,13.0,0
1708,1755,41,30,207830000.0,214000000.0,5.0,5.0,2
2172,1720,1,39,761200000.0,72700000.0,13.0,1.0,1
1408,1008,104,185,6960000.0,375000.0,6.0,3.0,1
834,1058,206,180,350000.0,0.0,3.0,0.0,0
1238,1353,152,118,1500000.0,37650000.0,15.0,5.0,2
1500,1420,83,100,5400000.0,3830000.0,13.0,1.0,1
1666,1321,50,132,18700000.0,12600000.0,12.0,3.0,1
1605,1765,59,29,19280000.0,62780000.0,6.0,3.0,1
1971,1903,8,12,968500000.0,357300000.0,13.0,7.0,1
1478,1709,87,41,114280000.0,97200000.0,5.0,3.0,2
1424,1041,99,183,7200000.0,850000.0,10.0,1.0,1
526,638,238,230,10000.0,0.0,3.0,3.0,1
670,639,223,229,680000.0,0.0,3.0,0.0,1
1359,1275,117,147,29680000.0,14150000.0,8.0,0.0,0
1545,1375,73,110,41150000.0,8750000.0,11.0,3.0,0
732,372,215,243,350000.0,0.0,6.0,0.0,1
1162,1312,164,139,6100000.0,13430000.0,3.0,2.0,0
1587,1429,60,96,35700000.0,30100000.0,8.0,4.0,0
1416,1320,102,135,10930000.0,7100000.0,9.0,2.0,0
1629,1344,55,124,514900000.0,14630000.0,13.0,0.0,1
1652,1541,53,74,108830000.0,53430000.0,8.0,0.0,1
1564,1470,69,89,153500000.0,74250000.0,9.0,4.0,1
1751,1499,31,83,474000000.0,121230000.0,13.0,1.0,0
1778,1430,26,95,456000000.0,34450000.0,15.0,0.0,1
1327,1343,130,128,18550000.0,19100000.0,8.0,0.0,2
1997,1939,5,11,1470000000.0,833500000.0,9.0,2.0,2
1135,1514,166,80,1180000.0,56830000.0,10.0,6.0,2
1684,1803,47,21,199050000.0,522700000.0,8.0,7.0,0
1771,1876,27,14,143850000.0,258300000.0,10.0,9.0,0
1464,1724,91,37,17700000.0,504000000.0,9.0,4.0,0
1940,1560,10,70,558200000.0,86900000.0,11.0,4.0,1
1115,1320,170,135,250000.0,28680000.0,9.0,3.0,1
1582,1533,64,77,74000000.0,60130000.0,10.0,1.0,1
1094,922,175,196,1750000.0,0.0,2.0,3.0,1
1572,1310,67,140,53850000.0,2100000.0,10.0,0.0,0
1267,1371,148,112,125000.0,2580000.0,7.0,12.0,2
1960,1679,9,48,362450000.0,134450000.0,15.0,1.0,0
1721,2038,39,3,28900000.0,300500000.0,1.0,6.0,0
2028,1863,4,16,908700000.0,366730000.0,6.0,5.0,1
1528,1395,78,108,16300000.0,10100000.0,15.0,3.0,1
1608,1991,58,6,144080000.0,1620000000.0,3.0,5.0,2
1754,1611,31,57,315600000.0,41700000.0,10.0,6.0,1
1597,1386,60,109,218080000.0,17080000.0,11.0,0.0,1
1357,1297,119,142,23600000.0,3080000.0,7.0,1.0,1
1364,1241,115,151,10530000.0,14750000.0,4.0,0.0,1
1256,1536,150,75,4950000.0,38680000.0,0.0,3.0,0
1475,1307,88,141,40380000.0,17530000.0,4.0,0.0,1
943,791,192,210,200000.0,0.0,0.0,2.0,1
1590,1366,61,114,197400000.0,2080000.0,13.0,3.0,1
1965,1474,8,89,766000000.0,133400000.0,12.0,3.0,1
1950,1783,10,25,773500000.0,210800000.0,10.0,5.0,1
631,1053,230,181,50000.0,375000.0,2.0,4.0,2
810,1102,208,173,0.0,575000.0,9.0,0.0,2
1223,1109,155,171,18030000.0,375000.0,9.0,4.0,1
962,1030,189,185,650000.0,0.0,2.0,7.0,2
1660,1786,52,23,81750000.0,288200000.0,11.0,8.0,1
1732,1703,35,43,199050000.0,179080000.0,11.0,4.0,1
1701,1460,45,93,130550000.0,16230000.0,9.0,3.0,1
1043,1351,183,120,6430000.0,7700000.0,1.0,0.0,0
1292,1304,143,141,7130000.0,6430000.0,10.0,1.0,1
1342,1679,128,48,72280000.0,66550000.0,6.0,5.0,2
1054,953,180,190,1380000.0,600000.0,0.0,0.0,0
1502,1522,82,79,29750000.0,79880000.0,5.0,0.0,1
1702,1356,44,118,435380000.0,7000000.0,3.0,2.0,1
1854,2156,18,2,317600000.0,1310000000.0,11.0,13.0,2
1975,1704,7,42,968500000.0,207830000.0,13.0,4.0,1
1863,1784,15,24,368000000.0,296500000.0,9.0,5.0,1
1911,1747,13,32,357300000.0,214000000.0,8.0,5.0,1
1084,982,178,188,0.0,375000.0,9.0,0.0,1
832,1410,206,103,350000.0,6960000.0,4.0,1.0,2
1462,1464,92,90,32900000.0,14000000.0,9.0,5.0,2
1309,1512,138,81,19100000.0,114280000.0,0.0,4.0,2
1582,1385,64,110,52200000.0,3250000.0,13.0,6.0,1
1341,1324,127,131,3280000.0,8230000.0,11.0,1.0,0
1575,1298,65,141,153500000.0,2780000.0,11.0,3.0,1
1523,1372,76,111,12050000.0,29680000.0,13.0,1.0,0
1754,1312,30,135,474000000.0,12450000.0,11.0,3.0,1
1779,1204,26,159,456000000.0,675000.0,15.0,1.0,1
1389,1262,108,149,8750000.0,2600000.0,6.0,0.0,1
738,520,214,238,350000.0,10000.0,9.0,0.0,1
1170,1440,163,95,4800000.0,7200000.0,3.0,2.0,2
1713,1323,41,132,97200000.0,18550000.0,13.0,6.0,1
1811,1574,19,66,522700000.0,74000000.0,13.0,0.0,1
1499,1239,84,153,220780000.0,9980000.0,10.0,0.0,0
1777,1458,27,93,143850000.0,17700000.0,11.0,6.0,1
1747,1853,32,18,504000000.0,258300000.0,6.0,7.0,1
1516,1701,79,45,60130000.0,199050000.0,7.0,4.0,2
1943,1556,11,70,833500000.0,86900000.0,13.0,3.0,1
2014,1923,5,12,1470000000.0,558200000.0,6.0,9.0,1
1141,944,165,192,1180000.0,125000.0,10.0,6.0,1
1516,892,79,202,56830000.0,325000.0,6.0,6.0,1
1070,1139,179,166,1750000.0,250000.0,5.0,2.0,2
1327,915,130,196,28680000.0,0.0,7.0,3.0,1
1504,1662,82,51,5400000.0,18700000.0,13.0,4.0,0
1337,1337,128,128,12600000.0,37650000.0,15.0,8.0,1
1407,1251,103,151,3830000.0,1500000.0,15.0,4.0,0
1275,1691,145,47,7580000.0,79280000.0,8.0,7.0,2
1255,1440,150,96,6380000.0,6380000.0,3.0,4.0,2
1357,1299,116,140,14630000.0,13430000.0,12.0,3.0,1
1113,1550,171,73,1600000.0,41150000.0,0.0,5.0,2
1352,1589,120,61,6800000.0,218080000.0,8.0,4.0,0
1440,1357,96,116,30100000.0,41400000.0,10.0,1.0,1
1591,1217,60,156,35700000.0,1080000.0,6.0,1.0,1
1355,1660,119,53,4350000.0,19780000.0,9.0,10.0,0
1263,1668,146,50,14150000.0,227850000.0,8.0,6.0,2
1433,1349,99,122,10930000.0,2080000.0,10.0,3.0,1
1633,1158,56,164,514900000.0,6100000.0,13.0,3.0,1
1445,1330,94,130,34450000.0,6980000.0,9.0,1.0,1
1551,1347,72,123,53430000.0,23600000.0,13.0,0.0,1
1501,1745,84,35,6100000.0,142200000.0,11.0,8.0,2
1538,1820,74,19,31130000.0,34680000.0,13.0,10.0,2
945,1126,192,169,650000.0,375000.0,2.0,4.0,2
615,694,232,219,0.0,680000.0,1.0,0.0,2
1407,1574,103,67,6850000.0,17930000.0,6.0,8.0,0
1407,1377,103,111,17080000.0,11430000.0,8.0,0.0,1
1283,1666,143,51,3080000.0,108830000.0,8.0,3.0,2
1512,1263,79,146,121230000.0,2049999.0,9.0,6.0,1
1577,1333,65,129,197400000.0,7100000.0,13.0,2.0,0
756,647,212,225,500000.0,925000.0,0.0,0.0,1
1444,1394,95,106,74250000.0,7530000.0,15.0,5.0,2
828,708,206,217,2480000.0,885000.0,1.0,0.0,0
1630,1410,57,101,16079999.0,7630000.0,13.0,5.0,1
1362,1725,115,38,30580000.0,51330000.0,12.0,3.0,0
1638,1754,54,31,81750000.0,199050000.0,11.0,1.0,2
1722,1767,39,29,179080000.0,288200000.0,8.0,5.0,1
1995,1607,6,58,1620000000.0,41700000.0,11.0,6.0,1
1582,1780,63,24,144080000.0,315600000.0,3.0,4.0,2
1380,1589,110,61,12480000.0,27630000.0,6.0,7.0,2
608,958,233,189,0.0,200000.0,3.0,0.0,2
1083,1259,177,149,3340000.0,14750000.0,2.0,0.0,2
1478,1874,87,14,6230000.0,263899999.0,13.0,3.0,2
1319,1244,135,152,17530000.0,4950000.0,6.0,1.0,1
1766,1491,30,86,210800000.0,133400000.0,12.0,3.0,0
1553,1458,71,91,38680000.0,40380000.0,2.0,4.0,1
1106,639,173,227,575000.0,0.0,7.0,2.0,1
1505,1595,81,59,16300000.0,53850000.0,15.0,3.0,2
1689,1636,48,55,72700000.0,19280000.0,6.0,0.0,2
1871,1713,15,40,366730000.0,28900000.0,11.0,1.0,1
1711,1996,42,5,134450000.0,908700000.0,4.0,3.0,1
2060,2150,3,2,300500000.0,761200000.0,15.0,9.0,1
1308,1373,138,112,2100000.0,2580000.0,5.0,15.0,0
1383,1279,109,144,10100000.0,125000.0,13.0,4.0,0
1238,1015,154,185,18030000.0,0.0,12.0,10.0,1
1057,644,180,226,375000.0,0.0,3.0,4.0,1
1770,1955,27,10,62780000.0,362450000.0,13.0,8.0,0
666,675,225,223,680000.0,925000.0,6.0,0.0,2
1059,642,180,226,375000.0,0.0,6.0,4.0,1
964,602,189,233,200000.0,0.0,3.0,1.0,1
1108,637,173,227,575000.0,0.0,10.0,2.0,1
1693,1818,47,19,79280000.0,34680000.0,15.0,10.0,0
1215,1174,158,162,2450000.0,450000.0,13.0,3.0,1
1526,1419,74,101,31130000.0,6850000.0,10.0,3.0,0
1675,1365,50,114,227850000.0,29680000.0,8.0,2.0,1
1529,1295,73,142,121230000.0,12450000.0,11.0,3.0,1
1248,1061,153,179,5200000.0,0.0,12.0,1.0,1
1574,1889,68,14,27630000.0,263899999.0,6.0,6.0,2
1729,1376,37,111,51330000.0,12480000.0,12.0,4.0,1
1601,1774,59,28,16079999.0,142200000.0,13.0,10.0,2
1665,1405,53,105,19780000.0,7630000.0,15.0,5.0,1
1467,1373,87,112,6230000.0,30580000.0,10.0,4.0,0
1354,1328,118,130,7100000.0,2080000.0,6.0,2.0,1
1488,1396,86,106,220780000.0,3250000.0,8.0,6.0,0
1582,1387,62,108,153500000.0,7530000.0,13.0,7.0,1
1516,1340,78,126,6100000.0,4350000.0,8.0,4.0,1
1579,1270,65,144,17930000.0,7580000.0,12.0,4.0,1
1370,1077,113,176,10530000.0,3340000.0,7.0,0.0,1
1515,1319,81,135,53430000.0,3080000.0,13.0,1.0,2
1059,793,180,209,1380000.0,1120000.0,1.0,0.0,1
1075,1419,177,101,0.0,6960000.0,12.0,4.0,2
1250,1452,152,93,4950000.0,40380000.0,1.0,4.0,0
1297,1575,141,67,17530000.0,38680000.0,9.0,4.0,2
1775,1749,27,34,504000000.0,143850000.0,9.0,4.0,1
1580,1609,64,58,41700000.0,144080000.0,9.0,3.0,2
1961,1814,7,20,1620000000.0,315600000.0,11.0,7.0,2
1857,1454,17,92,258300000.0,17700000.0,9.0,3.0,1
2019,1551,4,71,1470000000.0,86900000.0,8.0,3.0,1
1936,1930,11,12,833500000.0,558200000.0,13.0,6.0,0
994,820,188,207,375000.0,350000.0,6.0,3.0,1
1353,1615,119,57,2580000.0,53850000.0,10.0,6.0,2
1266,1518,145,77,125000.0,16300000.0,7.0,4.0,2
1307,1384,137,109,2100000.0,10100000.0,6.0,3.0,0
1783,2137,25,2,62780000.0,761200000.0,11.0,9.0,0
1858,1724,16,39,366730000.0,134450000.0,11.0,2.0,0
1671,2025,51,3,19280000.0,300500000.0,9.0,6.0,1
1680,2005,48,5,72700000.0,908700000.0,6.0,3.0,2
1442,1041,95,183,6380000.0,6430000.0,7.0,0.0,1
1451,1340,93,125,7200000.0,7700000.0,13.0,1.0,1
1576,1179,67,161,31700000.0,60000.0,7.0,2.0,1
1393,1109,107,170,8750000.0,1600000.0,9.0,4.0,1
1642,1378,54,111,66550000.0,3280000.0,12.0,0.0,2
1558,1254,71,150,41150000.0,2600000.0,9.0,0.0,1
1343,1172,122,163,14630000.0,6100000.0,12.0,3.0,0
1596,1352,60,119,35700000.0,41400000.0,8.0,1.0,1
1425,1232,100,156,30100000.0,1080000.0,13.0,1.0,0
1671,1342,50,123,108830000.0,23600000.0,10.0,0.0,1
1638,1294,55,142,514900000.0,13430000.0,13.0,3.0,1
1341,1325,124,129,72280000.0,8230000.0,6.0,2.0,0
1430,1219,97,157,34450000.0,675000.0,12.0,0.0,0
1756,1261,32,146,474000000.0,2049999.0,11.0,5.0,1
1527,1259,74,147,12050000.0,14150000.0,11.0,1.0,1
1595,1371,61,114,218080000.0,11430000.0,11.0,0.0,1
1815,1512,20,82,522700000.0,60130000.0,15.0,1.0,1
1348,1651,120,53,37650000.0,18700000.0,7.0,5.0,0
1487,1960,86,8,133400000.0,773500000.0,3.0,1.0,2
1586,1235,63,154,52200000.0,9980000.0,15.0,1.0,1
1386,1430,109,97,7000000.0,16230000.0,3.0,3.0,1
1695,1708,46,43,130550000.0,435380000.0,12.0,7.0,0
1786,1735,23,37,288200000.0,199050000.0,12.0,4.0,1
1591,1419,62,102,197400000.0,10930000.0,11.0,2.0,1
1737,1623,36,56,179080000.0,81750000.0,11.0,5.0,1
1771,1954,30,9,210800000.0,766000000.0,13.0,7.0,0
1576,1699,67,45,74000000.0,199050000.0,13.0,7.0,0
924,1109,195,170,325000.0,1180000.0,3.0,7.0,1
1144,910,165,198,250000.0,0.0,12.0,3.0,1
940,1520,194,78,125000.0,56830000.0,7.0,8.0,2
1233,1522,155,76,1500000.0,5400000.0,12.0,4.0,2
1741,1927,35,12,28900000.0,362450000.0,2.0,6.0,1
1437,1322,96,131,17080000.0,6800000.0,11.0,1.0,1
1314,1083,135,176,28680000.0,1750000.0,10.0,1.0,0
1494,1470,84,87,29750000.0,32900000.0,8.0,4.0,0
1467,1519,88,79,14000000.0,79880000.0,8.0,0.0,0
1096,733,175,215,585000.0,350000.0,9.0,3.0,1
1782,1327,27,128,456000000.0,6980000.0,15.0,1.0,1
1465,1277,90,143,74250000.0,2780000.0,12.0,3.0,1
1308,1527,135,74,18550000.0,114280000.0,8.0,7.0,2
652,621,226,230,50000.0,0.0,2.0,4.0,1
1299,1723,138,41,19100000.0,97200000.0,0.0,5.0,2
1728,1994,39,6,214000000.0,968500000.0,8.0,10.0,2
1917,1698,13,45,357300000.0,207830000.0,8.0,1.0,1
821,626,207,228,0.0,0.0,9.0,1.0,1
806,587,209,233,0.0,0.0,0.0,1.0,1
1250,933,150,194,18030000.0,650000.0,15.0,3.0,1
1144,997,165,186,375000.0,0.0,8.0,7.0,1
1811,1827,22,18,296500000.0,317600000.0,6.0,3.0,1
2160,1859,1,15,1310000000.0,368000000.0,15.0,7.0,1
1247,1300,153,138,4950000.0,17530000.0,2.0,0.0,0
1541,1283,73,142,121230000.0,12450000.0,13.0,3.0,1
1280,1349,143,119,14750000.0,10530000.0,0.0,4.0,1
1823,1600,19,60,315600000.0,144080000.0,10.0,6.0,1
1424,1603,100,58,40380000.0,38680000.0,7.0,7.0,2
965,1059,188,180,600000.0,1380000.0,0.0,0.0,0
1570,1971,70,7,41700000.0,1620000000.0,6.0,8.0,2
1876,1756,15,32,258300000.0,504000000.0,12.0,5.0,1
1107,1387,173,107,0.0,6960000.0,9.0,7.0,1
849,965,205,188,350000.0,375000.0,4.0,0.0,1
1444,1759,93,31,17700000.0,143850000.0,10.0,4.0,2
1557,1834,71,18,74000000.0,522700000.0,11.0,5.0,2
1086,1295,176,138,6430000.0,7700000.0,2.0,1.0,1
1382,1300,110,135,7100000.0,2080000.0,9.0,1.0,1
1356,1684,118,48,29680000.0,227850000.0,9.0,9.0,2
1442,1215,94,158,30100000.0,1080000.0,11.0,2.0,1
1360,1306,117,133,72280000.0,8230000.0,7.0,3.0,1
1602,1408,59,103,197400000.0,10930000.0,13.0,2.0,1
1371,1723,114,40,7000000.0,435380000.0,6.0,8.0,2
1413,1712,102,43,16230000.0,130550000.0,7.0,7.0,2
1248,1538,151,74,14150000.0,12050000.0,8.0,3.0,2
1453,1440,92,95,6380000.0,7200000.0,9.0,5.0,1
1704,1654,45,53,199050000.0,81750000.0,11.0,2.0,2
1705,1506,44,83,199050000.0,60130000.0,9.0,1.0,1
1740,1783,35,26,179080000.0,288200000.0,13.0,4.0,0
1119,914,168,197,1180000.0,325000.0,12.0,6.0,1
1974,1940,7,9,773500000.0,766000000.0,10.0,5.0,1
1472,1786,86,24,133400000.0,210800000.0,3.0,2.0,2
1909,2040,13,3,558200000.0,1470000000.0,11.0,4.0,2
1079,975,178,188,250000.0,0.0,12.0,3.0,2
1940,1547,9,72,833500000.0,86900000.0,11.0,3.0,1
1322,1075,127,179,28680000.0,1750000.0,10.0,2.0,1
1400,1291,105,140,10100000.0,2100000.0,11.0,1.0,1
1363,1256,116,147,2580000.0,125000.0,10.0,5.0,1
1605,1528,57,75,53850000.0,16300000.0,10.0,7.0,0
936,1524,194,78,125000.0,56830000.0,7.0,10.0,2
1876,1742,14,34,263899999.0,51330000.0,15.0,4.0,0
667,674,225,223,680000.0,925000.0,6.0,3.0,0
1700,1519,47,79,79280000.0,31130000.0,13.0,8.0,1
1783,1656,27,53,142200000.0,19780000.0,11.0,10.0,1
1563,1478,69,85,27630000.0,6230000.0,5.0,4.0,0
1444,1205,93,159,34450000.0,675000.0,13.0,1.0,1
1293,1396,139,107,7580000.0,6850000.0,8.0,4.0,1
1344,1401,124,105,4350000.0,7630000.0,7.0,2.0,0
1620,1497,56,82,16079999.0,6100000.0,10.0,7.0,1
1832,1565,19,68,34680000.0,17930000.0,11.0,8.0,1
1329,1603,128,59,13430000.0,514900000.0,3.0,0.0,1
1354,1161,121,164,14630000.0,6100000.0,10.0,4.0,1
1365,1604,114,58,7530000.0,153500000.0,8.0,4.0,2
1434,1450,97,92,3250000.0,220780000.0,7.0,5.0,1
1099,1403,173,104,1600000.0,8750000.0,0.0,4.0,2
1343,1416,126,101,6800000.0,17080000.0,9.0,0.0,1
1785,1324,26,130,456000000.0,6980000.0,15.0,1.0,1
1257,1760,148,31,2049999.0,474000000.0,7.0,7.0,2
1360,1588,117,65,41400000.0,35700000.0,11.0,4.0,0
1483,1259,84,147,74250000.0,2780000.0,12.0,3.0,1
1390,1359,109,119,12480000.0,30580000.0,6.0,5.0,1
1365,1216,114,155,37650000.0,1500000.0,8.0,4.0,1
1334,1679,127,49,23600000.0,108830000.0,7.0,6.0,2
1092,837,175,206,575000.0,0.0,10.0,1.0,0
1708,1984,44,6,207830000.0,968500000.0,5.0,10.0,0
1265,1547,145,71,2600000.0,41150000.0,4.0,7.0,0
1591,1230,64,154,52200000.0,9980000.0,15.0,1.0,1
1545,1468,73,88,79880000.0,29750000.0,9.0,4.0,1
1302,1729,135,39,18550000.0,97200000.0,7.0,7.0,2
1536,1290,76,141,114280000.0,19100000.0,5.0,3.0,1
1467,1470,89,87,14000000.0,32900000.0,9.0,5.0,0
1823,1863,20,17,317600000.0,368000000.0,8.0,6.0,0
2165,1806,1,22,1310000000.0,296500000.0,15.0,4.0,1
1733,1912,37,12,214000000.0,357300000.0,8.0,7.0,0
1344,1490,124,83,3080000.0,53430000.0,7.0,0.0,1
1063,648,180,226,375000.0,50000.0,9.0,1.0,1
1666,1507,52,80,18700000.0,5400000.0,12.0,6.0,1
2140,1668,2,51,761200000.0,19280000.0,13.0,3.0,1
2013,1733,5,37,908700000.0,28900000.0,9.0,1.0,1
2030,1675,4,50,300500000.0,72700000.0,15.0,1.0,1
1391,1629,108,55,3280000.0,66550000.0,9.0,7.0,0
1918,1867,11,16,362450000.0,366730000.0,13.0,5.0,0
1152,989,165,187,375000.0,0.0,10.0,6.0,1
1261,922,146,195,18030000.0,650000.0,15.0,3.0,1
978,792,188,209,200000.0,0.0,6.0,1.0,1
1742,1765,34,30,134450000.0,62780000.0,7.0,3.0,1
1588,1314,64,133,197400000.0,2080000.0,13.0,0.0,0
1170,1320,164,132,6100000.0,13430000.0,4.0,2.0,0
1268,1336,145,126,14150000.0,29680000.0,5.0,2.0,1
1507,1391,80,107,6100000.0,7630000.0,8.0,2.0,1
1319,1395,131,105,6800000.0,11430000.0,11.0,0.0,2
1613,1557,57,70,144080000.0,41700000.0,3.0,3.0,1
1793,2001,24,6,315600000.0,1620000000.0,10.0,8.0,2
1634,1301,55,135,66550000.0,8230000.0,12.0,2.0,1
1123,1241,168,153,1600000.0,2600000.0,0.0,0.0,1
1769,1532,33,76,474000000.0,121230000.0,11.0,2.0,1
1232,1297,154,137,675000.0,6980000.0,11.0,1.0,1
1436,1884,96,14,17700000.0,258300000.0,7.0,4.0,2
1282,1258,144,151,12450000.0,2049999.0,10.0,4.0,0
1425,1586,97,65,17080000.0,218080000.0,13.0,5.0,0
1607,1296,58,138,38680000.0,17530000.0,5.0,1.0,1
1391,1280,107,145,40380000.0,4950000.0,7.0,1.0,2
1714,1801,42,22,143850000.0,504000000.0,13.0,5.0,2
1287,1377,141,112,9980000.0,3250000.0,3.0,7.0,1
2021,1566,4,69,1470000000.0,86900000.0,10.0,0.0,0
1541,1681,74,47,12050000.0,227850000.0,13.0,12.0,0
1118,1265,171,147,575000.0,2100000.0,11.0,1.0,1
1388,848,110,205,6960000.0,350000.0,8.0,3.0,1
1776,2106,30,2,134450000.0,761200000.0,10.0,10.0,1
1264,1158,148,164,5200000.0,450000.0,12.0,3.0,1
1885,1964,13,9,558200000.0,833500000.0,10.0,4.0,2
1528,1284,77,142,31130000.0,7580000.0,8.0,4.0,1
1587,1678,64,49,17930000.0,79280000.0,12.0,9.0,1
1878,1657,15,51,366730000.0,19280000.0,11.0,3.0,1
1337,1790,124,25,4350000.0,142200000.0,8.0,12.0,2
1649,1627,53,56,19780000.0,16079999.0,15.0,7.0,0
1835,1393,18,106,34680000.0,6850000.0,13.0,4.0,1
1064,1212,181,159,0.0,2450000.0,5.0,0.0,0
1729,1576,39,68,51330000.0,27630000.0,12.0,10.0,0
1088,1231,176,155,375000.0,125000.0,12.0,5.0,1
1119,953,169,191,0.0,375000.0,9.0,0.0,1
1586,1747,65,34,53850000.0,356700000.0,8.0,0.0,2
1643,1736,54,36,18700000.0,32400000.0,15.0,3.0,2
1773,2005,32,5,62780000.0,908700000.0,11.0,6.0,0
1448,1420,91,99,6230000.0,12480000.0,8.0,1.0,2
1382,1575,111,68,14630000.0,514900000.0,10.0,0.0,1
1377,1573,112,69,8750000.0,41150000.0,12.0,7.0,2
1715,1550,42,75,97200000.0,114280000.0,13.0,10.0,0
1407,1383,103,110,10930000.0,7100000.0,13.0,2.0,0
1409,1342,102,122,3280000.0,72280000.0,7.0,1.0,1
1223,1352,157,119,1080000.0,41400000.0,8.0,0.0,0
1305,1287,134,140,19100000.0,18550000.0,0.0,6.0,1
1495,1674,83,50,53430000.0,108830000.0,12.0,9.0,0
1338,1340,124,123,3080000.0,23600000.0,10.0,0.0,0
1184,728,161,215,60000.0,350000.0,15.0,3.0,1
1583,1093,65,176,31700000.0,585000.0,10.0,1.0,1
1353,1882,118,15,30580000.0,263899999.0,10.0,9.0,2
799,1050,209,181,1120000.0,1380000.0,3.0,1.0,0
1425,1605,96,59,30100000.0,35700000.0,11.0,5.0,2
1579,1462,66,87,52200000.0,220780000.0,15.0,4.0,0
1429,1800,95,23,34450000.0,456000000.0,13.0,4.0,2
1131,924,167,194,1180000.0,125000.0,12.0,6.0,1
1561,1451,72,89,79880000.0,14000000.0,12.0,8.0,1
1817,1812,20,21,317600000.0,296500000.0,8.0,1.0,0
1734,1886,37,12,207830000.0,357300000.0,6.0,5.0,1
1993,1724,7,39,968500000.0,214000000.0,13.0,4.0,1
1853,2175,17,1,368000000.0,1310000000.0,9.0,13.0,2
956,1238,190,154,200000.0,1500000.0,9.0,4.0,2
1328,969,128,188,28680000.0,0.0,13.0,6.0,1
829,1334,207,127,0.0,12600000.0,12.0,3.0,2
1113,1041,174,183,1750000.0,250000.0,4.0,5.0,1
1359,1781,117,29,37650000.0,129050000.0,11.0,3.0,2
1572,1757,70,33,16300000.0,79800000.0,12.0,1.0,1
1939,2009,11,4,362450000.0,300500000.0,11.0,5.0,1
1724,1684,39,47,28900000.0,72700000.0,5.0,1.0,0
1444,1494,92,84,32900000.0,29750000.0,9.0,3.0,2
1527,911,79,197,56830000.0,325000.0,9.0,6.0,1
1822,1717,19,42,522700000.0,199050000.0,15.0,8.0,0
1405,1379,103,113,16230000.0,7000000.0,7.0,1.0,0
1510,1577,80,67,74250000.0,153500000.0,12.0,7.0,1
1069,1360,179,117,3340000.0,10530000.0,2.0,4.0,2
1737,1698,36,46,435380000.0,130550000.0,6.0,7.0,1
1472,1591,85,60,60130000.0,74000000.0,7.0,0.0,2
1386,1238,110,153,7530000.0,2780000.0,5.0,2.0,1
1653,1741,52,35,81750000.0,179080000.0,8.0,1.0,0
1954,1772,10,31,766000000.0,210800000.0,13.0,4.0,1
1977,1469,8,86,773500000.0,133400000.0,10.0,4.0,1
1269,981,146,187,18030000.0,0.0,15.0,3.0,1
1160,914,164,196,375000.0,650000.0,12.0,3.0,1
1703,1784,45,27,199050000.0,288200000.0,10.0,2.0,0
1538,1812,75,21,41700000.0,315600000.0,3.0,10.0,2
1381,1496,113,82,29680000.0,12050000.0,6.0,3.0,1
1685,1264,47,148,227850000.0,14150000.0,10.0,1.0,1
1276,1411,145,101,17530000.0,40380000.0,6.0,2.0,2
1806,1431,23,94,504000000.0,17700000.0,12.0,3.0,1
1601,1850,60,17,86900000.0,558200000.0,10.0,4.0,1
1610,1277,57,144,38680000.0,4950000.0,8.0,4.0,1
1871,1727,15,40,258300000.0,143850000.0,12.0,6.0,0
1930,2055,11,3,833500000.0,1470000000.0,11.0,7.0,2
1044,1178,182,162,0.0,450000.0,6.0,3.0,2
1215,1261,159,149,2450000.0,5200000.0,15.0,1.0,0
1129,838,168,205,0.0,350000.0,12.0,3.0,1
1390,951,109,191,6960000.0,375000.0,11.0,0.0,1
2006,1608,5,58,1620000000.0,144080000.0,10.0,6.0,1
1550,1355,74,121,218080000.0,6800000.0,11.0,1.0,2
1802,1230,24,156,456000000.0,675000.0,15.0,1.0,1
1391,1429,107,95,11430000.0,17080000.0,9.0,0.0,0
1309,1481,135,84,2049999.0,121230000.0,4.0,1.0,1
1442,1284,91,140,34450000.0,6980000.0,10.0,0.0,1
1445,1560,90,72,32900000.0,79880000.0,6.0,1.0,0
1569,1387,71,110,52200000.0,3250000.0,13.0,7.0,0
913,848,196,205,600000.0,1120000.0,1.0,0.0,2
1719,1301,42,136,97200000.0,19100000.0,11.0,3.0,1
1429,1320,95,131,220780000.0,9980000.0,6.0,1.0,2
1598,1378,60,116,66550000.0,72280000.0,12.0,1.0,2
1423,1287,99,139,3280000.0,8230000.0,7.0,2.0,1
1486,1459,83,87,29750000.0,14000000.0,8.0,7.0,0
1886,1993,12,7,357300000.0,968500000.0,11.0,8.0,0
932,903,194,200,325000.0,125000.0,6.0,6.0,1
1554,1283,73,142,114280000.0,18550000.0,7.0,6.0,1
1809,1856,22,16,296500000.0,368000000.0,9.0,4.0,0
1206,1071,160,177,60000.0,585000.0,15.0,0.0,1
1583,728,64,216,31700000.0,350000.0,13.0,0.0,1
1280,1103,145,171,2100000.0,575000.0,7.0,3.0,1
1699,1759,45,33,214000000.0,207830000.0,6.0,1.0,2
1018,1064,185,179,0.0,1750000.0,3.0,2.0,1
1335,1034,128,184,28680000.0,250000.0,13.0,5.0,1
1758,1575,34,67,356700000.0,53850000.0,9.0,6.0,1
1726,1653,40,52,32400000.0,18700000.0,15.0,6.0,0
2178,1814,1,20,1310000000.0,317600000.0,15.0,3.0,1
1120,1538,169,75,1180000.0,56830000.0,12.0,12.0,2
1610,1218,56,157,35700000.0,1080000.0,10.0,1.0,1
1635,1802,54,23,81750000.0,288200000.0,6.0,3.0,2
1520,1774,78,29,60130000.0,522700000.0,7.0,5.0,1
1407,1295,103,137,14630000.0,13430000.0,10.0,3.0,1
1407,1489,103,81,7530000.0,74250000.0,8.0,3.0,1
1753,1691,35,47,179080000.0,199050000.0,11.0,4.0,1
1771,1280,31,144,474000000.0,12450000.0,11.0,3.0,1
1363,1472,119,86,23600000.0,53430000.0,6.0,0.0,1
1576,1120,64,169,41150000.0,1600000.0,9.0,3.0,1
1540,1275,74,148,153500000.0,2780000.0,13.0,1.0,2
1402,1319,106,132,10930000.0,2080000.0,11.0,1.0,0
1701,1376,45,118,130550000.0,7000000.0,13.0,2.0,1
1744,1398,36,108,435380000.0,16230000.0,9.0,3.0,1
1269,1083,149,176,14750000.0,3340000.0,3.0,0.0,0
1223,1395,155,109,2600000.0,8750000.0,5.0,7.0,2
1657,1355,52,122,108830000.0,3080000.0,12.0,4.0,0
1330,1447,129,90,41400000.0,30100000.0,9.0,5.0,2
1594,1377,61,117,197400000.0,7100000.0,11.0,3.0,1
1244,950,153,190,1500000.0,200000.0,9.0,3.0,1
1579,1166,63,164,514900000.0,6100000.0,13.0,1.0,1
1658,1775,51,28,19280000.0,134450000.0,12.0,2.0,0
1732,1576,38,64,199050000.0,74000000.0,9.0,3.0,1
2108,1722,2,41,761200000.0,28900000.0,13.0,1.0,1
1393,1536,110,77,30580000.0,27630000.0,7.0,11.0,1
1347,1617,125,55,4350000.0,16079999.0,5.0,7.0,0
1281,1838,143,18,7580000.0,34680000.0,8.0,10.0,2
1778,1971,27,8,210800000.0,773500000.0,11.0,4.0,0
1996,1948,5,9,908700000.0,362450000.0,11.0,3.0,0
1563,1552,68,72,31130000.0,17930000.0,8.0,8.0,1
1684,1387,49,113,79280000.0,6850000.0,13.0,1.0,1
1485,1938,84,10,133400000.0,766000000.0,0.0,2.0,0
1413,1889,101,13,12480000.0,263899999.0,8.0,12.0,2
1407,1774,103,29,7630000.0,142200000.0,7.0,15.0,0
1458,1719,88,42,6230000.0,51330000.0,5.0,5.0,0
1977,1910,7,12,300500000.0,366730000.0,15.0,3.0,2
1335,828,127,208,12600000.0,0.0,15.0,2.0,1
1096,1223,173,155,375000.0,125000.0,12.0,4.0,0
1287,1142,139,165,18030000.0,375000.0,15.0,4.0,1
918,977,195,188,650000.0,0.0,2.0,3.0,0
1769,1560,32,69,79800000.0,16300000.0,15.0,7.0,1
1784,1356,26,121,129050000.0,37650000.0,9.0,7.0,1
1713,1744,44,36,72700000.0,62780000.0,5.0,3.0,1
1489,1667,81,50,6100000.0,19780000.0,10.0,7.0,2
1438,673,93,224,6380000.0,925000.0,12.0,4.0,1
848,1274,205,148,2480000.0,7130000.0,2.0,4.0,0
1127,752,168,213,3600000.0,500000.0,4.0,0.0,1
673,1254,223,152,1320000.0,6380000.0,0.0,0.0,2
1194,1055,162,179,450000.0,585000.0,13.0,0.0,1
905,1397,199,109,3130000.0,30580000.0,4.0,5.0,2
1275,672,147,224,7130000.0,925000.0,10.0,4.0,1
1102,843,172,206,4380000.0,2480000.0,4.0,1.0,1
930,730,195,214,1920000.0,500000.0,6.0,0.0,1
1206,1064,159,177,2450000.0,585000.0,13.0,0.0,0
1063,918,179,196,6430000.0,3130000.0,5.0,1.0,0
1377,693,116,219,30580000.0,1320000.0,7.0,1.0,0
697,599,219,232,240000.0,0.0,0.0,0.0,1
1107,667,171,224,4380000.0,925000.0,7.0,4.0,1
1133,924,167,195,3600000.0,1920000.0,7.0,0.0,1
1445,1268,91,149,6380000.0,7130000.0,12.0,2.0,1
706,1050,218,181,1320000.0,6430000.0,0.0,0.0,0
1275,1356,147,120,6380000.0,30580000.0,3.0,8.0,1
1197,1053,161,180,2450000.0,0.0,11.0,1.0,0
850,660,205,225,2480000.0,925000.0,3.0,4.0,1
1136,694,167,220,3600000.0,240000.0,7.0,0.0,1
1095,1457,173,89,4380000.0,6380000.0,7.0,6.0,2
1057,1268,180,149,6430000.0,6380000.0,6.0,3.0,0
924,700,195,218,3130000.0,1320000.0,4.0,2.0,1
1162,1085,164,176,450000.0,0.0,13.0,2.0,2
1458,849,88,205,6380000.0,2480000.0,15.0,1.0,1
1255,1108,152,171,7130000.0,4380000.0,12.0,3.0,0
1126,1233,168,154,450000.0,2450000.0,10.0,1.0,2
1104,1045,172,182,0.0,585000.0,6.0,1.0,1
1274,918,148,196,6380000.0,3130000.0,6.0,2.0,1
1320,1093,130,175,30580000.0,6430000.0,8.0,1.0,2
1553,1562,72,68,17930000.0,31130000.0,12.0,5.0,0
1319,1486,132,82,4350000.0,6100000.0,6.0,7.0,0
1668,1091,50,176,19780000.0,1850000.0,13.0,5.0,1
1483,1517,85,78,6230000.0,27630000.0,3.0,8.0,1
1347,1534,124,75,4350000.0,31130000.0,4.0,5.0,1
1510,1529,79,76,6100000.0,17930000.0,7.0,5.0,1
1528,1623,77,54,6230000.0,19780000.0,5.0,10.0,1
1520,1088,78,176,27630000.0,1850000.0,5.0,2.0,1
1084,1298,177,137,4380000.0,6380000.0,7.0,4.0,2
1126,1425,168,97,6430000.0,6380000.0,6.0,8.0,1
1511,1533,80,75,6100000.0,31130000.0,9.0,5.0,0
1352,1524,124,77,4350000.0,17930000.0,6.0,2.0,0
1125,1491,170,82,1850000.0,6230000.0,3.0,5.0,1
1559,1584,70,61,27630000.0,19780000.0,5.0,7.0,1
1306,1076,135,178,6380000.0,4380000.0,9.0,4.0,1
1430,1121,95,170,6380000.0,6430000.0,15.0,4.0,1
1534,1536,76,75,6100000.0,27630000.0,10.0,7.0,1
1334,1509,128,80,4350000.0,6230000.0,6.0,5.0,2
1327,1409,130,102,6380000.0,6380000.0,9.0,8.0,1
1530,1513,77,80,6230000.0,6100000.0,8.0,7.0,1
1379,1357,114,120,6380000.0,6380000.0,15.0,7.0,2
1578,1234,63,154,197400000.0,1080000.0,11.0,1.0,0
1256,1606,150,58,14150000.0,66550000.0,7.0,7.0,2
1322,1249,130,152,8230000.0,6980000.0,13.0,0.0,1
1395,1565,107,67,11430000.0,52200000.0,9.0,6.0,0
1379,1401,114,103,72280000.0,10930000.0,10.0,2.0,0
1684,1279,49,144,79280000.0,7580000.0,13.0,4.0,1
1758,1523,31,79,142200000.0,6100000.0,11.0,4.0,0
1545,1416,72,99,27630000.0,12480000.0,8.0,4.0,1
1541,1394,73,108,17930000.0,6850000.0,10.0,1.0,1
1621,1398,56,104,16079999.0,7630000.0,10.0,2.0,1
1723,1316,42,135,51330000.0,30580000.0,10.0,5.0,1
1843,1528,17,77,34680000.0,31130000.0,13.0,5.0,1
1747,1740,35,37,356700000.0,32400000.0,9.0,6.0,2
1328,1297,130,137,13430000.0,41400000.0,6.0,1.0,1
1473,1369,88,117,30100000.0,8750000.0,8.0,10.0,1
1628,1405,54,102,35700000.0,3280000.0,10.0,3.0,1
1284,1344,140,126,2049999.0,2080000.0,6.0,2.0,2
1893,1526,14,78,263899999.0,6230000.0,13.0,8.0,1
1568,1338,66,128,19780000.0,4350000.0,13.0,3.0,0
1443,858,92,204,34450000.0,1030000.0,10.0,1.0,1
1784,1787,29,27,315600000.0,207830000.0,10.0,3.0,2
2009,1964,4,8,908700000.0,300500000.0,9.0,2.0,1
1474,1034,87,183,53430000.0,850000.0,10.0,1.0,1
1426,1380,95,113,17080000.0,7100000.0,13.0,3.0,0
1570,1560,65,68,114280000.0,74000000.0,9.0,3.0,1
1467,1627,89,55,29750000.0,144080000.0,9.0,6.0,2
1393,1709,109,45,40380000.0,199050000.0,4.0,4.0,2
1836,1816,18,20,288200000.0,558200000.0,15.0,1.0,1
1796,1756,25,32,522700000.0,210800000.0,13.0,3.0,1
1697,1731,47,41,130550000.0,143850000.0,13.0,6.0,0
1862,1818,16,19,258300000.0,296500000.0,13.0,2.0,0
1948,2168,9,1,766000000.0,1310000000.0,13.0,13.0,0
1901,2000,13,6,833500000.0,773500000.0,10.0,5.0,2
1884,1965,15,7,368000000.0,968500000.0,8.0,6.0,1
1931,2010,11,3,357300000.0,1470000000.0,9.0,10.0,1
1739,1641,38,52,28900000.0,19280000.0,6.0,3.0,1
1787,1716,27,44,134450000.0,72700000.0,12.0,2.0,1
1803,1319,23,134,456000000.0,9980000.0,15.0,4.0,1
1542,1118,74,172,153500000.0,1600000.0,12.0,2.0,1
1589,1227,60,155,31700000.0,2450000.0,15.0,4.0,1
1291,1176,138,162,5200000.0,60000.0,15.0,2.0,1
1580,1226,62,156,41150000.0,675000.0,11.0,1.0,1
1438,1157,93,163,220780000.0,6100000.0,5.0,1.0,1
1470,914,88,198,74250000.0,860000.0,12.0,1.0,0
1333,1572,129,64,6800000.0,218080000.0,10.0,5.0,2
1498,1044,82,182,12050000.0,1430000.0,11.0,0.0,1
1663,1269,50,148,108830000.0,2780000.0,10.0,3.0,1
1342,1698,126,46,3080000.0,227850000.0,8.0,10.0,2
1585,1274,61,147,514900000.0,12450000.0,13.0,3.0,1
1277,1486,145,83,1500000.0,5400000.0,9.0,6.0,1
1484,939,84,193,121230000.0,575000.0,13.0,1.0,1
1917,1727,12,41,366730000.0,62780000.0,11.0,2.0,1
1684,1520,48,80,97200000.0,133400000.0,11.0,4.0,2
1701,1281,45,143,214000000.0,18550000.0,5.0,3.0,1
1258,1549,150,72,14750000.0,41700000.0,4.0,3.0,2
2010,1631,3,53,1620000000.0,81750000.0,10.0,4.0,1
1303,846,136,206,19100000.0,1120000.0,3.0,3.0,1
1374,1400,117,104,37650000.0,3830000.0,10.0,1.0,1
1068,1291,178,138,3340000.0,17530000.0,1.0,1.0,2
1133,1557,167,70,375000.0,16300000.0,12.0,7.0,2
1351,1347,122,123,12600000.0,2580000.0,15.0,13.0,1
1261,1417,149,98,2100000.0,10100000.0,9.0,1.0,2
1090,1651,175,51,375000.0,18700000.0,13.0,4.0,2
1931,2125,10,2,362450000.0,761200000.0,11.0,7.0,2
1136,1556,166,71,0.0,53850000.0,12.0,6.0,0
1755,1409,32,100,474000000.0,3250000.0,13.0,5.0,0
1374,1370,115,117,29680000.0,23600000.0,6.0,1.0,0
1754,1276,33,146,179080000.0,4950000.0,11.0,3.0,1
1737,1421,38,97,199050000.0,17700000.0,11.0,0.0,1
911,1612,199,57,600000.0,38680000.0,1.0,7.0,2
1610,1367,58,119,86900000.0,7000000.0,13.0,2.0,1
1346,1815,123,21,10530000.0,504000000.0,10.0,8.0,2
1522,1053,80,180,60130000.0,1380000.0,9.0,2.0,1
1843,1837,16,19,296500000.0,258300000.0,7.0,4.0,1
1378,1466,114,89,10930000.0,34450000.0,9.0,0.0,2
1224,1044,156,182,1080000.0,850000.0,9.0,1.0,0
1744,1684,33,47,143850000.0,130550000.0,10.0,7.0,1
1634,1460,53,90,144080000.0,29750000.0,3.0,6.0,1
1531,1599,76,60,74000000.0,114280000.0,10.0,11.0,2
1715,1837,44,19,210800000.0,522700000.0,9.0,4.0,2
1716,1386,42,109,199050000.0,40380000.0,8.0,4.0,1
1843,1809,16,25,558200000.0,288200000.0,7.0,5.0,1
2150,1966,1,8,1310000000.0,766000000.0,15.0,2.0,0
1988,1861,6,15,968500000.0,368000000.0,13.0,2.0,1
1987,1914,7,12,773500000.0,833500000.0,12.0,7.0,0
2030,1911,3,13,1470000000.0,357300000.0,8.0,2.0,1
1817,1723,22,39,79800000.0,32400000.0,15.0,9.0,1
1742,1829,34,21,207830000.0,315600000.0,6.0,13.0,2
1282,1499,142,82,41400000.0,121230000.0,6.0,1.0,2
1595,1285,61,140,31700000.0,5200000.0,15.0,2.0,1
1611,1279,58,143,66550000.0,2049999.0,9.0,4.0,1
1262,1038,150,183,14150000.0,1430000.0,6.0,0.0,1
1279,929,143,194,2780000.0,575000.0,2.0,1.0,1
1591,1373,62,116,514900000.0,72280000.0,15.0,4.0,1
1462,1298,90,135,220780000.0,8230000.0,5.0,2.0,1
1290,1540,137,75,18550000.0,41700000.0,4.0,3.0,0
1490,1352,83,121,12050000.0,2080000.0,11.0,5.0,0
845,1685,206,47,1120000.0,97200000.0,4.0,9.0,2
1704,1255,45,152,214000000.0,14750000.0,7.0,3.0,1
1633,1066,54,178,81750000.0,3340000.0,5.0,1.0,1
1526,1297,78,136,133400000.0,19100000.0,1.0,3.0,1
1265,1612,149,56,6980000.0,35700000.0,12.0,8.0,0
2011,1290,4,137,1620000000.0,17530000.0,12.0,4.0,1
942,1061,193,178,3130000.0,325000.0,4.0,6.0,1
1130,877,168,203,6430000.0,950000.0,9.0,0.0,1
1059,1138,179,165,4380000.0,3600000.0,6.0,1.0,0
1439,824,94,209,7200000.0,3440000.0,13.0,1.0,1
914,1215,198,160,1920000.0,2950000.0,6.0,1.0,2
1132,1395,167,105,1600000.0,3250000.0,3.0,3.0,0
1359,687,120,222,6380000.0,1320000.0,12.0,2.0,1
1342,665,125,224,6430000.0,680000.0,11.0,3.0,1
1322,1498,130,83,7580000.0,17930000.0,7.0,2.0,1
1759,1370,30,118,474000000.0,29680000.0,13.0,2.0,1
1383,737,112,213,6380000.0,885000.0,12.0,1.0,1
1162,922,162,196,4800000.0,7740000.0,2.0,1.0,0
1746,1633,32,54,142200000.0,16079999.0,9.0,8.0,0
1541,1381,72,113,31130000.0,6850000.0,8.0,1.0,1
906,1426,201,97,600000.0,17700000.0,1.0,0.0,2
1427,1539,96,74,7630000.0,19780000.0,8.0,4.0,1
1598,1408,60,100,41150000.0,17080000.0,13.0,1.0,1
1323,1538,128,75,4350000.0,6100000.0,6.0,2.0,2
1260,948,151,191,7130000.0,1330000.0,13.0,3.0,1
1876,1562,14,66,263899999.0,27630000.0,13.0,4.0,0
1830,1697,20,47,34680000.0,79280000.0,13.0,8.0,0
1342,1500,125,81,30580000.0,6230000.0,5.0,7.0,1
1402,1737,103,36,12480000.0,51330000.0,7.0,6.0,2
1389,1450,109,93,8750000.0,74250000.0,9.0,3.0,1
637,1109,227,172,690000.0,1850000.0,3.0,2.0,0
1322,1237,130,154,6800000.0,675000.0,7.0,1.0,0
1289,658,141,225,7700000.0,925000.0,9.0,1.0,1
1651,1921,52,10,19280000.0,362450000.0,13.0,3.0,0
1613,1736,56,37,38680000.0,199050000.0,11.0,9.0,0
1829,1596,21,61,504000000.0,86900000.0,12.0,1.0,1
2141,1993,2,5,761200000.0,908700000.0,15.0,4.0,1
1535,1504,76,80,52200000.0,53430000.0,11.0,0.0,2
1345,911,123,200,3080000.0,860000.0,5.0,2.0,1
1413,1149,99,163,3280000.0,6100000.0,9.0,1.0,1
1588,1385,64,111,197400000.0,11430000.0,11.0,3.0,1
1527,1271,78,147,60130000.0,4950000.0,9.0,3.0,1
1666,1325,50,127,108830000.0,13430000.0,13.0,2.0,1
1346,1566,122,65,23600000.0,153500000.0,6.0,4.0,2
1806,1404,26,102,456000000.0,7530000.0,15.0,7.0,1
1558,1394,69,106,218080000.0,7100000.0,8.0,4.0,0
1281,851,144,204,12450000.0,1030000.0,11.0,1.0,1
1708,1463,45,88,227850000.0,30100000.0,10.0,7.0,1
1431,1247,95,153,10100000.0,2100000.0,11.0,1.0,1
1722,1911,41,12,72700000.0,366730000.0,5.0,5.0,0
1951,1800,9,27,300500000.0,134450000.0,12.0,3.0,0
1742,1724,34,39,62780000.0,28900000.0,9.0,0.0,1
1495,1268,84,148,5400000.0,1500000.0,11.0,4.0,1
1560,1130,67,168,16300000.0,375000.0,12.0,4.0,1
1653,1088,51,175,18700000.0,375000.0,12.0,7.0,1
1559,1133,68,166,53850000.0,0.0,8.0,1.0,1
1373,1401,116,104,3830000.0,37650000.0,13.0,6.0,2
1322,1376,130,115,2580000.0,12600000.0,10.0,6.0,2
1755,1052,31,180,179080000.0,1380000.0,13.0,2.0,1
1322,1391,130,107,10530000.0,7000000.0,10.0,2.0,2
1020,623,185,229,0.0,0.0,6.0,3.0,1
1088,620,174,231,575000.0,0.0,13.0,3.0,1
1043,1055,183,179,0.0,575000.0,9.0,3.0,1
1569,1421,65,98,53850000.0,10100000.0,8.0,4.0,1
1569,1451,65,92,218080000.0,220780000.0,8.0,5.0,1
1477,1395,87,104,220780000.0,10100000.0,8.0,4.0,1
1569,1569,66,66,53850000.0,218080000.0,8.0,5.0,0
1137,821,167,209,375000.0,0.0,9.0,2.0,1
975,627,189,229,0.0,0.0,3.0,0.0,1
1082,783,174,210,1750000.0,0.0,6.0,1.0,1
979,1060,188,177,375000.0,375000.0,9.0,4.0,1
1153,617,163,231,0.0,0.0,10.0,0.0,1
949,922,190,197,200000.0,125000.0,9.0,3.0,0
1059,1379,178,113,850000.0,7100000.0,10.0,4.0,0
1566,1495,67,83,41150000.0,30100000.0,13.0,6.0,2
1955,2020,8,4,773500000.0,968500000.0,10.0,6.0,2
1544,1694,72,47,31130000.0,79280000.0,10.0,8.0,0
1525,1362,78,120,52200000.0,2080000.0,8.0,6.0,0
1259,1257,150,151,675000.0,2049999.0,11.0,1.0,1
1504,1656,81,51,6100000.0,16079999.0,10.0,9.0,2
1530,1798,75,27,17930000.0,34680000.0,10.0,13.0,1
1293,1457,137,92,4350000.0,7630000.0,5.0,1.0,2
1518,1767,79,30,19780000.0,142200000.0,11.0,13.0,2
1910,1994,12,6,366730000.0,908700000.0,11.0,4.0,0
1468,1608,88,58,6230000.0,27630000.0,10.0,2.0,2
1759,1854,31,15,51330000.0,263899999.0,10.0,15.0,1
2167,2013,1,4,1310000000.0,1470000000.0,13.0,7.0,1
1832,1889,20,13,134450000.0,362450000.0,12.0,4.0,1
1717,2146,42,2,72700000.0,761200000.0,5.0,7.0,2
1325,1378,127,113,7580000.0,6850000.0,7.0,0.0,0
1360,1384,121,111,30580000.0,12480000.0,7.0,3.0,1
1433,1385,96,107,3280000.0,14630000.0,11.0,0.0,1
1401,1049,102,181,10100000.0,575000.0,11.0,3.0,1
1736,906,38,201,199050000.0,600000.0,11.0,1.0,1
1757,1636,34,53,62780000.0,19280000.0,9.0,3.0,1
1330,1027,128,185,28680000.0,250000.0,13.0,4.0,1
1501,1281,83,143,5400000.0,18030000.0,11.0,4.0,1
1329,1256,129,151,2580000.0,1500000.0,7.0,4.0,1
1405,1118,101,171,37650000.0,1180000.0,10.0,4.0,1
910,1255,200,152,650000.0,2100000.0,2.0,1.0,2
1912,1051,10,180,357300000.0,1380000.0,11.0,2.0,1
1936,1739,9,37,300500000.0,28900000.0,10.0,0.0,0
1370,1617,116,57,7000000.0,86900000.0,6.0,1.0,2
1862,1881,14,13,504000000.0,833500000.0,12.0,8.0,1
1620,1836,56,20,38680000.0,558200000.0,11.0,1.0,0
1763,1519,31,78,179080000.0,60130000.0,13.0,0.0,1
1251,1294,154,137,14750000.0,18550000.0,4.0,3.0,0
1796,1791,27,28,129050000.0,288200000.0,9.0,5.0,1
1569,1360,67,120,41150000.0,7100000.0,12.0,4.0,1
1076,1478,175,85,850000.0,30100000.0,8.0,8.0,0
1324,1384,132,108,8230000.0,7530000.0,13.0,6.0,1
1532,1974,74,7,41700000.0,766000000.0,3.0,3.0,2
820,1561,209,69,0.0,16300000.0,9.0,10.0,2
2011,1066,5,176,1620000000.0,3340000.0,12.0,1.0,1
1610,1576,59,65,31700000.0,514900000.0,15.0,0.0,1
1058,1725,179,39,375000.0,32400000.0,10.0,9.0,2
627,1569,229,67,0.0,53850000.0,5.0,7.0,2
918,1557,197,70,125000.0,56830000.0,4.0,15.0,2
1654,782,52,210,18700000.0,0.0,12.0,1.0,1
1639,1837,53,19,81750000.0,296500000.0,7.0,3.0,0
1845,1677,18,48,258300000.0,97200000.0,11.0,12.0,1
1526,845,76,205,133400000.0,1120000.0,4.0,3.0,1
616,1394,231,103,0.0,6960000.0,1.0,6.0,2
1913,2055,9,3,773500000.0,1470000000.0,10.0,6.0,2
2030,2157,4,1,968500000.0,1310000000.0,13.0,11.0,0
1538,1246,74,154,52200000.0,675000.0,6.0,2.0,1
1263,1356,148,122,2049999.0,2080000.0,6.0,7.0,0
1229,1313,155,135,1080000.0,8230000.0,7.0,1.0,0
1350,1423,123,97,3080000.0,3280000.0,7.0,3.0,0
1366,1866,118,14,7000000.0,504000000.0,6.0,8.0,2
1926,1749,9,35,357300000.0,179080000.0,13.0,2.0,1
1846,1726,18,38,558200000.0,199050000.0,7.0,7.0,1
1402,1634,100,56,17700000.0,38680000.0,7.0,10.0,2
1275,1046,146,181,4950000.0,1380000.0,3.0,2.0,1
1882,1319,13,134,833500000.0,10530000.0,7.0,7.0,1
1664,1689,51,46,19280000.0,72700000.0,11.0,2.0,1
2001,1825,5,23,908700000.0,134450000.0,11.0,4.0,1
1707,1517,42,78,79280000.0,17930000.0,13.0,1.0,1
1025,1106,185,173,575000.0,1750000.0,13.0,2.0,2
907,1082,199,176,7740000.0,4380000.0,7.0,1.0,2
1659,1396,52,103,18700000.0,10100000.0,12.0,4.0,1
1443,1057,94,179,7200000.0,325000.0,15.0,3.0,1
670,621,225,230,680000.0,690000.0,7.0,0.0,1
1799,1602,27,60,288200000.0,31700000.0,15.0,6.0,1
1785,1587,29,65,129050000.0,514900000.0,9.0,0.0,0
1147,1142,164,165,3600000.0,4800000.0,9.0,1.0,1
1557,1095,70,175,41150000.0,850000.0,12.0,2.0,0
1327,1121,128,172,6430000.0,1850000.0,11.0,3.0,0
1291,1321,140,131,7130000.0,6380000.0,13.0,10.0,1
951,815,190,209,3130000.0,3440000.0,7.0,1.0,1
1133,1288,169,142,6430000.0,7700000.0,11.0,1.0,0
781,881,212,202,885000.0,1920000.0,6.0,0.0,1
1251,1351,152,122,2950000.0,6380000.0,1.0,7.0,1
1545,1256,74,151,52200000.0,2049999.0,6.0,1.0,1
1380,1222,113,159,2080000.0,675000.0,13.0,1.0,1
1398,1432,102,95,7100000.0,30100000.0,12.0,8.0,1
1743,1906,37,11,28900000.0,366730000.0,9.0,6.0,0
716,926,218,195,1320000.0,1330000.0,1.0,0.0,1
1901,1745,12,36,362450000.0,62780000.0,8.0,1.0,1
689,841,223,205,925000.0,950000.0,3.0,0.0,1
1224,1168,156,162,2100000.0,375000.0,6.0,4.0,2
2132,1950,2,8,761200000.0,300500000.0,15.0,1.0,0
1301,1627,136,56,17530000.0,81750000.0,6.0,3.0,0
1681,1299,48,137,97200000.0,19100000.0,8.0,3.0,1
845,1845,204,18,1120000.0,258300000.0,4.0,4.0,2
1837,1066,21,177,296500000.0,3340000.0,9.0,1.0,1
1403,1449,100,93,12480000.0,6230000.0,4.0,4.0,1
1624,1550,57,72,16079999.0,19780000.0,10.0,3.0,2
1857,1357,16,121,263899999.0,30580000.0,11.0,4.0,1
1556,1682,71,47,41700000.0,214000000.0,3.0,4.0,1
1332,1537,127,75,7580000.0,31130000.0,7.0,2.0,0
1501,1460,81,87,6100000.0,7630000.0,7.0,4.0,0
1975,1250,7,153,766000000.0,14750000.0,11.0,3.0,1
1770,1290,32,141,142200000.0,4350000.0,9.0,3.0,1
1801,1375,26,116,34680000.0,6850000.0,13.0,1.0,1
1038,938,183,192,250000.0,200000.0,9.0,3.0,1
1729,1325,38,129,32400000.0,2580000.0,13.0,10.0,1
1134,1137,168,167,1180000.0,0.0,9.0,1.0,1
1588,1482,64,84,53850000.0,5400000.0,8.0,6.0,1
1562,909,68,198,16300000.0,650000.0,12.0,0.0,1
1263,972,149,188,1500000.0,375000.0,9.0,0.0,1
1389,1410,105,98,6960000.0,37650000.0,13.0,9.0,0
1591,1776,63,31,27630000.0,51330000.0,10.0,9.0,2
1288,968,142,189,18030000.0,0.0,15.0,1.0,1
1389,1498,105,82,28680000.0,56830000.0,13.0,15.0,1
1352,1383,122,111,3080000.0,14630000.0,8.0,0.0,0
1396,1217,103,159,7530000.0,1080000.0,10.0,2.0,1
1569,1411,68,97,41150000.0,3280000.0,10.0,4.0,1
1560,1298,71,137,52200000.0,8230000.0,8.0,1.0,1
1815,1286,24,143,79800000.0,18030000.0,15.0,4.0,1
1523,1606,75,61,41150000.0,52200000.0,10.0,6.0,2
1425,1284,96,144,3280000.0,8230000.0,13.0,1.0,1
1703,1387,44,107,356700000.0,10100000.0,6.0,4.0,1
1609,1480,59,84,27630000.0,56830000.0,10.0,12.0,1
1669,1400,49,101,18700000.0,37650000.0,12.0,7.0,1
1514,1556,79,70,5400000.0,53850000.0,13.0,10.0,1
1739,1366,38,118,32400000.0,12600000.0,13.0,9.0,1
1799,1548,27,73,129050000.0,16300000.0,9.0,10.0,1
1389,1389,105,105,28680000.0,6960000.0,15.0,9.0,0
1821,1394,24,104,79800000.0,37650000.0,15.0,4.0,1
1674,1281,49,144,18700000.0,18030000.0,12.0,1.0,1
1715,1597,41,63,356700000.0,27630000.0,6.0,4.0,1
1473,1394,86,104,56830000.0,10100000.0,12.0,3.0,0
1750,1503,35,80,32400000.0,5400000.0,13.0,6.0,1
1569,1353,68,121,53850000.0,12600000.0,10.0,6.0,1
1569,1368,68,117,16300000.0,6960000.0,12.0,10.0,1
1778,1410,30,98,129050000.0,28680000.0,11.0,3.0,0
1721,1467,40,86,356700000.0,56830000.0,9.0,9.0,1
1584,1407,65,99,27630000.0,10100000.0,12.0,1.0,0
1289,1386,141,107,18030000.0,37650000.0,15.0,4.0,0
1684,1811,47,25,18700000.0,79800000.0,15.0,1.0,0
1773,1546,32,73,32400000.0,53850000.0,13.0,7.0,1
1583,1396,66,103,16300000.0,28680000.0,12.0,4.0,1
1518,1338,77,124,5400000.0,12600000.0,13.0,6.0,1
1784,1362,30,119,129050000.0,6960000.0,11.0,7.0,1
1761,1595,33,63,32400000.0,16300000.0,13.0,7.0,0
1827,1568,23,68,79800000.0,27630000.0,15.0,4.0,1
1768,1534,32,75,129050000.0,5400000.0,11.0,3.0,0
1712,1693,41,46,356700000.0,18700000.0,12.0,6.0,0
1837,1585,21,65,79800000.0,16300000.0,15.0,7.0,1
1720,1526,40,75,356700000.0,5400000.0,10.0,1.0,1
1256,1352,151,121,2049999.0,3080000.0,4.0,5.0,0
1774,1399,31,101,142200000.0,12480000.0,9.0,3.0,1
1858,1146,17,164,263899999.0,3600000.0,11.0,2.0,1
1775,1145,31,164,142200000.0,3600000.0,11.0,2.0,1
1862,1395,16,104,263899999.0,12480000.0,11.0,3.0,1
1754,1883,34,13,142200000.0,263899999.0,11.0,12.0,2
1403,1137,100,166,12480000.0,3600000.0,6.0,2.0,1
645,590,226,233,50000.0,0.0,5.0,1.0,0
657,559,226,237,50000.0,0.0,5.0,0.0,1
1802,1056,26,179,34680000.0,325000.0,13.0,3.0,1
1256,1174,150,162,7700000.0,4800000.0,11.0,1.0,2
1693,1515,45,79,79280000.0,6100000.0,13.0,5.0,0
1327,1256,128,150,7580000.0,2950000.0,8.0,4.0,0
1265,1047,147,179,7700000.0,325000.0,8.0,3.0,1
1804,1172,26,162,34680000.0,4800000.0,13.0,4.0,1
1695,1254,45,152,79280000.0,2950000.0,13.0,5.0,1
1525,1317,76,134,6100000.0,7580000.0,8.0,1.0,1
1462,849,87,203,34450000.0,1030000.0,10.0,1.0,1
1285,1258,142,149,18550000.0,14750000.0,2.0,3.0,0
1483,1035,84,184,12050000.0,1430000.0,9.0,0.0,1
1362,1216,120,158,6380000.0,2450000.0,12.0,4.0,1
1553,1134,71,167,19780000.0,3600000.0,8.0,2.0,1
1054,1165,179,163,325000.0,4800000.0,5.0,4.0,0
1618,1257,59,150,66550000.0,14150000.0,9.0,1.0,1
1597,1213,62,160,197400000.0,1080000.0,11.0,2.0,1
1087,1526,175,75,850000.0,53430000.0,6.0,3.0,2
1620,1406,58,100,35700000.0,3280000.0,13.0,4.0,1
1313,1248,135,153,8230000.0,6980000.0,13.0,0.0,1
1262,1327,148,128,41400000.0,13430000.0,5.0,1.0,0
1282,1787,144,27,7700000.0,34680000.0,10.0,10.0,0
1162,1466,164,86,6100000.0,220780000.0,5.0,5.0,0
1450,2159,91,1,29750000.0,1310000000.0,8.0,9.0,2
1426,1591,95,63,32900000.0,79880000.0,4.0,2.0,2
2007,1683,5,49,908700000.0,72700000.0,13.0,1.0,1
2136,1741,2,37,761200000.0,62780000.0,13.0,0.0,1
1707,1871,42,14,130550000.0,773500000.0,11.0,8.0,1
1959,1698,7,44,766000000.0,214000000.0,11.0,4.0,0
904,1847,200,19,600000.0,558200000.0,1.0,2.0,2
1393,1735,108,38,17700000.0,199050000.0,4.0,6.0,2
1691,1855,48,18,199050000.0,522700000.0,10.0,7.0,2
1708,1348,41,122,227850000.0,3080000.0,12.0,5.0,1
1399,1748,102,36,37650000.0,32400000.0,10.0,9.0,0
1493,1395,82,106,5400000.0,6960000.0,13.0,4.0,2
1571,1420,69,97,52200000.0,11430000.0,10.0,3.0,2
1824,1907,24,11,134450000.0,366730000.0,15.0,6.0,0
1914,1730,10,39,362450000.0,28900000.0,8.0,1.0,1
1957,1657,8,52,300500000.0,19280000.0,8.0,3.0,1
1669,1276,50,146,108830000.0,2780000.0,13.0,3.0,1
1699,1313,44,133,79280000.0,7580000.0,13.0,0.0,1
1532,1247,75,153,6100000.0,2950000.0,8.0,4.0,1
1227,1392,154,108,2600000.0,7530000.0,5.0,6.0,0
1124,1591,171,63,1600000.0,153500000.0,4.0,7.0,2
1283,1353,144,119,2049999.0,2080000.0,5.0,7.0,1
1815,1334,25,128,456000000.0,9980000.0,15.0,4.0,1
1338,1424,125,96,10930000.0,72280000.0,6.0,4.0,2
1591,1288,63,141,514900000.0,12450000.0,15.0,0.0,1
1453,908,90,198,74250000.0,860000.0,10.0,2.0,1
1358,1345,117,122,23600000.0,29680000.0,6.0,1.0,1
1529,1216,76,157,41150000.0,675000.0,7.0,1.0,1
1788,1392,26,108,474000000.0,3250000.0,13.0,4.0,1
1505,926,79,194,121230000.0,575000.0,13.0,1.0,1
1413,1400,99,104,8750000.0,30100000.0,9.0,7.0,1
1426,1379,94,112,17080000.0,7100000.0,11.0,3.0,1
2066,1788,3,26,1470000000.0,288200000.0,10.0,5.0,1
1854,1600,18,60,317600000.0,114280000.0,8.0,11.0,1
1747,1765,36,33,143850000.0,435380000.0,10.0,8.0,0
1494,1768,81,32,60130000.0,179080000.0,9.0,1.0,2
1302,1646,135,53,10530000.0,86900000.0,7.0,4.0,2
1884,1364,12,115,833500000.0,7000000.0,7.0,4.0,1
1563,1352,70,120,74000000.0,16230000.0,7.0,3.0,1
1401,1402,103,102,10100000.0,28680000.0,13.0,4.0,0
1273,1928,147,9,4950000.0,357300000.0,6.0,2.0,2
1852,1729,19,40,368000000.0,207830000.0,10.0,6.0,0
1338,1680,125,49,2580000.0,18700000.0,9.0,7.0,0
1474,1578,85,67,56830000.0,16300000.0,13.0,7.0,0
1155,1559,164,71,375000.0,53850000.0,12.0,4.0,2
1843,1487,22,83,315600000.0,14000000.0,9.0,8.0,1
1846,1298,21,136,258300000.0,19100000.0,11.0,3.0,1
1581,1315,66,132,218080000.0,6800000.0,10.0,4.0,1
842,1526,205,77,1120000.0,133400000.0,4.0,4.0,2
752,870,213,203,885000.0,950000.0,9.0,0.0,2
1984,1066,6,177,1620000000.0,3340000.0,12.0,1.0,1
1384,2033,110,4,40380000.0,968500000.0,4.0,8.0,2
1298,1840,136,23,17530000.0,296500000.0,7.0,3.0,2
1631,1703,54,43,144080000.0,210800000.0,6.0,3.0,0
1835,2179,23,1,522700000.0,1310000000.0,13.0,11.0,2
1351,1564,120,70,6380000.0,19780000.0,12.0,6.0,2
1423,1231,97,153,3280000.0,6980000.0,15.0,0.0,1
1700,1441,45,92,199050000.0,29750000.0,7.0,5.0,1
1284,1960,143,7,18550000.0,766000000.0,2.0,6.0,2
1178,1172,160,162,3600000.0,2450000.0,12.0,4.0,1
1623,903,57,200,38680000.0,600000.0,11.0,1.0,1
1416,1717,99,41,32900000.0,130550000.0,4.0,6.0,2
1877,1585,14,65,773500000.0,79880000.0,7.0,5.0,1
1850,1390,19,109,558200000.0,17700000.0,9.0,3.0,1
1710,1542,42,74,214000000.0,41700000.0,7.0,4.0,1
1489,1597,82,61,220780000.0,35700000.0,10.0,6.0,1
1718,1768,41,32,79280000.0,34680000.0,13.0,8.0,1
1276,1264,146,149,2049999.0,14150000.0,8.0,1.0,0
1418,1330,100,129,30100000.0,3080000.0,10.0,5.0,1
1415,906,102,199,8750000.0,860000.0,12.0,1.0,1
1375,1823,111,24,14630000.0,456000000.0,13.0,7.0,2
1181,1516,160,78,4800000.0,6100000.0,3.0,6.0,0
1429,1204,94,159,11430000.0,1080000.0,7.0,1.0,1
1331,1144,128,165,8230000.0,6100000.0,13.0,1.0,1
1267,921,148,195,41400000.0,575000.0,5.0,1.0,1
1370,1424,114,96,6960000.0,37650000.0,13.0,5.0,2
1695,1466,46,86,227850000.0,74250000.0,15.0,3.0,0
1733,1508,37,79,32400000.0,5400000.0,13.0,1.0,0
1931,1491,9,81,357300000.0,60130000.0,13.0,0.0,1
1799,1896,25,12,315600000.0,368000000.0,9.0,2.0,2
1032,1286,184,142,1380000.0,4950000.0,4.0,3.0,2
1636,1729,54,40,114280000.0,435380000.0,9.0,8.0,1
1741,1475,34,84,207830000.0,14000000.0,5.0,7.0,1
1870,1731,16,38,317600000.0,143850000.0,8.0,6.0,1
1465,1636,87,54,12050000.0,66550000.0,11.0,9.0,2
1892,1638,13,53,833500000.0,86900000.0,9.0,7.0,1
1544,1579,74,67,53430000.0,197400000.0,10.0,2.0,1
753,869,213,203,885000.0,950000.0,8.0,3.0,0
1362,1375,117,108,29680000.0,3250000.0,6.0,3.0,1
1631,1295,57,138,81750000.0,17530000.0,5.0,4.0,1
1526,1584,76,66,41150000.0,218080000.0,10.0,6.0,0
1576,1803,68,25,153500000.0,474000000.0,12.0,9.0,2
1353,1250,121,151,13430000.0,2780000.0,9.0,3.0,1
1443,1269,92,146,72280000.0,12450000.0,8.0,0.0,1
1363,1025,114,184,2080000.0,1430000.0,13.0,0.0,1
1363,1363,114,114,7530000.0,9980000.0,10.0,3.0,2
1343,1139,125,166,23600000.0,1600000.0,9.0,1.0,0
1341,846,126,204,10930000.0,1030000.0,5.0,0.0,1
1443,1199,92,159,17080000.0,675000.0,11.0,1.0,1
1464,1589,88,61,34450000.0,514900000.0,12.0,1.0,0
1339,1355,127,119,6800000.0,7100000.0,5.0,3.0,1
1689,1975,49,7,19280000.0,908700000.0,11.0,5.0,1
1509,1665,79,51,121230000.0,108830000.0,15.0,9.0,0
1934,2109,9,2,366730000.0,761200000.0,11.0,7.0,1
1690,1907,48,11,72700000.0,362450000.0,4.0,3.0,0
1573,1085,69,175,52200000.0,850000.0,10.0,3.0,1
1805,2019,24,5,296500000.0,1620000000.0,11.0,10.0,2
1870,1300,15,137,504000000.0,10530000.0,15.0,4.0,1
1695,2041,46,4,210800000.0,968500000.0,6.0,8.0,2
2067,1562,3,72,1470000000.0,74000000.0,13.0,3.0,1
1517,1855,77,19,133400000.0,258300000.0,7.0,7.0,2
1412,1603,103,59,40380000.0,144080000.0,3.0,6.0,1
1311,1650,135,52,19100000.0,97200000.0,6.0,12.0,0
1570,1390,70,106,53850000.0,10100000.0,13.0,2.0,1
1585,1331,64,129,16300000.0,2580000.0,15.0,7.0,1
1407,1150,104,164,28680000.0,375000.0,13.0,6.0,1
1367,1773,113,31,16230000.0,288200000.0,5.0,4.0,0
1666,1488,50,83,18700000.0,56830000.0,13.0,6.0,0
1717,1981,40,6,62780000.0,300500000.0,9.0,2.0,2
1710,1844,42,21,28900000.0,134450000.0,9.0,4.0,2
1079,1585,175,64,850000.0,197400000.0,5.0,2.0,2
1483,1520,84,78,17930000.0,6100000.0,13.0,6.0,0
1592,1350,61,121,27630000.0,30580000.0,10.0,3.0,1
1338,1400,128,105,7530000.0,14630000.0,9.0,1.0,2
1382,1208,109,157,9980000.0,2600000.0,6.0,0.0,1
1356,1398,117,106,8230000.0,3280000.0,13.0,4.0,1
1521,1341,77,125,121230000.0,13430000.0,13.0,2.0,1
1504,1216,81,155,220780000.0,6980000.0,12.0,0.0,1
1271,1246,146,152,2780000.0,41400000.0,5.0,1.0,1
1217,1560,154,72,1080000.0,52200000.0,5.0,8.0,0
1666,920,50,195,108830000.0,575000.0,13.0,0.0,1
1137,1604,168,59,6100000.0,35700000.0,6.0,6.0,2
1430,1543,96,74,11430000.0,53430000.0,9.0,6.0,0
899,1189,201,160,7740000.0,3600000.0,4.0,1.0,2
712,1310,219,135,1320000.0,7130000.0,4.0,2.0,2
1324,920,131,194,6380000.0,1330000.0,15.0,0.0,1
663,1128,225,171,680000.0,1850000.0,10.0,3.0,2
1353,878,120,202,6380000.0,1920000.0,9.0,0.0,1
1348,620,122,230,6430000.0,690000.0,11.0,0.0,1
1073,1181,177,161,4380000.0,4800000.0,7.0,4.0,0
1138,684,168,223,6430000.0,925000.0,9.0,0.0,1
823,1046,208,180,3440000.0,325000.0,3.0,0.0,0
1285,866,144,203,7700000.0,950000.0,10.0,4.0,1
1335,1442,129,93,4950000.0,60130000.0,6.0,0.0,1
789,1211,210,156,885000.0,2950000.0,8.0,4.0,1
1395,1489,106,83,30100000.0,74250000.0,10.0,1.0,2
1437,952,95,190,7200000.0,3130000.0,15.0,1.0,1
1584,1667,65,50,16300000.0,18700000.0,15.0,7.0,0
1294,1333,140,130,14150000.0,2080000.0,6.0,6.0,1
1309,1436,136,96,3080000.0,8750000.0,6.0,7.0,2
1695,906,46,198,227850000.0,860000.0,13.0,1.0,1
1767,1773,33,30,207830000.0,315600000.0,7.0,13.0,1
1257,1962,149,8,14750000.0,766000000.0,5.0,8.0,2
1247,1363,150,115,12450000.0,10930000.0,11.0,2.0,2
1547,1279,74,145,41700000.0,18550000.0,3.0,1.0,1
1765,1927,34,10,179080000.0,357300000.0,13.0,4.0,0
1903,1468,12,85,368000000.0,14000000.0,10.0,4.0,1
1317,1511,133,80,19100000.0,133400000.0,7.0,7.0,0
1855,841,19,205,258300000.0,1120000.0,11.0,3.0,1
1302,1517,137,79,2580000.0,56830000.0,7.0,4.0,2
1880,1413,15,101,773500000.0,32900000.0,7.0,5.0,1
1513,1368,79,113,41150000.0,7100000.0,8.0,2.0,0
1136,1806,168,24,1600000.0,474000000.0,4.0,11.0,2
1348,1590,121,63,29680000.0,153500000.0,8.0,10.0,2
1637,1024,55,183,66550000.0,1430000.0,9.0,0.0,1
1588,1195,65,158,218080000.0,675000.0,10.0,1.0,1
1319,1463,132,88,6800000.0,17080000.0,7.0,1.0,2
1128,1412,170,102,375000.0,10100000.0,9.0,2.0,2
1345,1373,123,111,23600000.0,3250000.0,7.0,3.0,0
1590,845,63,204,514900000.0,1030000.0,15.0,0.0,1
1541,1794,74,28,74000000.0,288200000.0,7.0,4.0,2
1363,1740,115,35,6960000.0,32400000.0,10.0,10.0,2
1423,1509,100,81,37650000.0,5400000.0,10.0,2.0,0
2068,1366,3,114,1470000000.0,16230000.0,13.0,0.0,1
1835,1638,21,53,558200000.0,38680000.0,9.0,13.0,0
1392,901,108,200,17700000.0,600000.0,1.0,1.0,1
1636,1731,56,36,114280000.0,143850000.0,12.0,5.0,0
1618,1684,59,49,79880000.0,130550000.0,12.0,9.0,1
1703,1896,41,13,435380000.0,317600000.0,12.0,2.0,2
1483,1424,84,98,34450000.0,72280000.0,10.0,7.0,1
1442,1535,92,75,28680000.0,53850000.0,13.0,7.0,1
2181,1698,1,45,1310000000.0,199050000.0,13.0,6.0,1
1772,1664,30,52,296500000.0,81750000.0,10.0,4.0,2
1573,1341,69,124,19780000.0,30580000.0,8.0,3.0,1
1351,1897,119,13,7000000.0,833500000.0,3.0,7.0,2
1567,1502,70,82,31130000.0,6100000.0,11.0,7.0,1
1280,1089,144,175,17530000.0,3340000.0,4.0,1.0,0
1701,1406,44,103,210800000.0,40380000.0,3.0,4.0,1
1429,1847,97,19,29750000.0,522700000.0,5.0,10.0,2
1880,1628,15,57,504000000.0,86900000.0,15.0,7.0,1
2043,1601,4,61,968500000.0,144080000.0,13.0,6.0,1
1528,1264,76,147,121230000.0,2780000.0,13.0,3.0,1
1373,1409,110,103,14630000.0,9980000.0,10.0,6.0,2
1344,917,125,196,13430000.0,575000.0,12.0,0.0,1
1612,1348,60,120,35700000.0,8230000.0,15.0,1.0,1
1513,1389,79,108,220780000.0,3280000.0,15.0,1.0,1
1116,1237,173,152,6100000.0,6980000.0,6.0,0.0,2
833,1325,207,130,1120000.0,19100000.0,4.0,0.0,2
1668,1244,51,151,108830000.0,41400000.0,13.0,1.0,1
1677,1829,50,22,97200000.0,258300000.0,10.0,9.0,1
1966,1543,8,72,766000000.0,41700000.0,9.0,4.0,1
1271,1722,146,37,18550000.0,214000000.0,2.0,4.0,2
1370,1730,113,36,4950000.0,179080000.0,8.0,4.0,1
1916,1760,11,32,368000000.0,315600000.0,10.0,12.0,1
1927,1023,10,184,357300000.0,1380000.0,13.0,1.0,1
1771,1464,30,87,207830000.0,14000000.0,10.0,1.0,1
1549,1211,73,156,53430000.0,1080000.0,10.0,1.0,1
1452,1307,89,137,12050000.0,14150000.0,8.0,2.0,0
1224,1339,153,126,675000.0,7100000.0,11.0,2.0,1
1056,1244,179,150,1430000.0,2049999.0,2.0,1.0,1
1091,1418,175,100,850000.0,11430000.0,5.0,6.0,0
1578,1567,68,70,197400000.0,52200000.0,11.0,8.0,0
1142,1342,165,124,1600000.0,29680000.0,4.0,1.0,0
1643,1327,55,129,66550000.0,2080000.0,12.0,3.0,1
1690,1407,48,103,130550000.0,32900000.0,11.0,2.0,1
1672,1297,51,139,18700000.0,2580000.0,11.0,4.0,1
1607,1891,60,15,79880000.0,773500000.0,15.0,8.0,2
1797,1363,27,114,288200000.0,16230000.0,15.0,0.0,1
1558,2051,72,3,74000000.0,1470000000.0,4.0,9.0,0
1623,1407,58,103,38680000.0,17700000.0,11.0,3.0,0
1603,1498,61,82,16300000.0,56830000.0,13.0,4.0,1
1735,1892,35,14,143850000.0,317600000.0,8.0,4.0,0
1674,1665,50,53,435380000.0,114280000.0,12.0,10.0,2
1692,1864,47,17,199050000.0,558200000.0,13.0,5.0,2
1213,787,156,210,2950000.0,885000.0,4.0,1.0,1
2182,1428,1,97,1310000000.0,29750000.0,13.0,4.0,1
1524,1308,78,136,41150000.0,6800000.0,8.0,4.0,1
1173,915,161,197,3600000.0,7740000.0,15.0,2.0,0
1585,1580,67,68,27630000.0,19780000.0,10.0,6.0,0
1502,1548,81,73,17930000.0,31130000.0,11.0,3.0,1
1326,918,130,194,6380000.0,1330000.0,15.0,0.0,1
870,1361,202,115,1920000.0,6380000.0,3.0,6.0,2
1435,1419,95,100,28680000.0,10100000.0,13.0,5.0,0
945,1444,191,92,3130000.0,7200000.0,9.0,4.0,2
856,1295,203,140,950000.0,7700000.0,4.0,2.0,2
1134,657,168,225,1850000.0,680000.0,6.0,3.0,1
1311,711,135,219,7130000.0,1320000.0,13.0,2.0,1
1349,619,117,230,6430000.0,690000.0,13.0,0.0,1
1150,1104,164,174,4800000.0,4380000.0,4.0,4.0,2
1035,834,183,207,325000.0,3440000.0,6.0,0.0,0
1140,682,166,223,6430000.0,925000.0,11.0,0.0,1
1346,1526,119,77,6960000.0,5400000.0,7.0,3.0,2
1599,1354,64,116,514900000.0,10930000.0,15.0,4.0,1
1723,1440,36,94,32400000.0,37650000.0,11.0,5.0,0
1539,1124,75,171,53850000.0,375000.0,13.0,6.0,1
1604,1447,62,90,218080000.0,17080000.0,10.0,4.0,1
1397,904,107,199,30100000.0,860000.0,9.0,1.0,1
1825,1207,23,158,456000000.0,2600000.0,15.0,0.0,1
1427,842,98,204,72280000.0,1030000.0,8.0,0.0,1
1491,1239,84,151,34450000.0,12450000.0,13.0,0.0,1
1596,1367,65,113,153500000.0,3250000.0,9.0,3.0,1
1319,1479,133,85,3080000.0,74250000.0,5.0,4.0,0
1699,1432,43,96,227850000.0,8750000.0,13.0,10.0,1
1904,1621,13,57,833500000.0,86900000.0,9.0,6.0,1
2026,1718,4,38,968500000.0,210800000.0,13.0,4.0,0
1278,2024,144,5,17530000.0,1620000000.0,2.0,12.0,2
1809,1342,25,123,474000000.0,23600000.0,13.0,2.0,1
1607,1400,60,106,144080000.0,40380000.0,7.0,4.0,1
1343,1307,122,137,7000000.0,10530000.0,3.0,3.0,0
1087,1774,177,29,3340000.0,296500000.0,1.0,6.0,2
1860,1685,19,48,522700000.0,199050000.0,10.0,6.0,1
1295,1157,140,163,18030000.0,0.0,13.0,1.0,1
1016,954,185,189,0.0,0.0,12.0,1.0,1
1039,940,181,193,575000.0,325000.0,10.0,6.0,0
949,824,190,208,200000.0,350000.0,10.0,3.0,1
1196,1022,159,184,2100000.0,250000.0,5.0,4.0,1
905,922,198,194,650000.0,125000.0,2.0,1.0,0
795,651,209,228,0.0,0.0,6.0,0.0,2
656,761,227,212,0.0,0.0,1.0,1.0,1
1420,1538,100,75,10100000.0,53850000.0,11.0,6.0,0
1544,1584,73,67,31130000.0,19780000.0,13.0,7.0,0
1120,1110,171,173,0.0,450000.0,8.0,3.0,1
1615,1559,59,70,153500000.0,197400000.0,9.0,4.0,1
1628,1467,57,85,218080000.0,34450000.0,13.0,3.0,1
1659,1974,54,7,144080000.0,968500000.0,10.0,10.0,1
1874,1341,16,123,504000000.0,7000000.0,15.0,4.0,1
1103,1456,174,89,375000.0,28680000.0,6.0,5.0,2
1511,1738,81,34,5400000.0,32400000.0,12.0,10.0,2
2060,1788,3,28,1470000000.0,288200000.0,13.0,4.0,1
2031,1767,4,31,1620000000.0,296500000.0,15.0,9.0,1
1341,1580,123,68,16230000.0,74000000.0,3.0,3.0,2
1391,1727,107,37,40380000.0,210800000.0,3.0,5.0,2
1527,1643,77,55,56830000.0,18700000.0,11.0,7.0,1
1343,1557,121,71,2580000.0,16300000.0,7.0,5.0,1
1458,1328,87,129,37650000.0,6960000.0,8.0,7.0,1
1304,1907,139,13,10530000.0,833500000.0,6.0,10.0,2
1085,1675,177,50,3340000.0,81750000.0,1.0,7.0,2
1928,1369,10,112,357300000.0,4950000.0,15.0,6.0,1
1507,1283,82,145,41700000.0,14750000.0,6.0,4.0,2
1401,1897,105,14,32900000.0,773500000.0,1.0,10.0,2
1730,1958,37,8,214000000.0,766000000.0,10.0,11.0,0
1700,1597,44,63,130550000.0,79880000.0,11.0,5.0,1
1018,1447,184,92,1380000.0,60130000.0,4.0,0.0,2
1229,1340,153,125,2100000.0,3830000.0,7.0,1.0,1
1422,1849,101,19,17700000.0,558200000.0,3.0,7.0,0
693,719,221,217,0.0,0.0,2.0,0.0,1
1902,1664,13,51,317600000.0,435380000.0,8.0,8.0,1
956,938,189,193,325000.0,0.0,9.0,1.0,1
1171,1008,162,184,0.0,250000.0,13.0,3.0,1
1556,1642,73,55,133400000.0,97200000.0,7.0,10.0,1
806,645,209,228,0.0,0.0,3.0,0.0,1
1320,1834,133,21,19100000.0,258300000.0,8.0,9.0,2
950,921,190,194,125000.0,200000.0,1.0,3.0,1
1775,1756,30,32,315600000.0,207830000.0,6.0,7.0,1
1898,1482,14,85,368000000.0,14000000.0,10.0,1.0,0
900,1693,201,46,600000.0,199050000.0,1.0,6.0,2
1691,1709,47,42,143850000.0,114280000.0,8.0,10.0,2
1863,1425,18,98,522700000.0,29750000.0,10.0,3.0,1
1265,822,147,208,1500000.0,350000.0,9.0,3.0,1
1071,1003,178,186,375000.0,0.0,7.0,3.0,1
1678,2189,49,1,199050000.0,1310000000.0,7.0,11.0,2
1768,1286,31,144,296500000.0,17530000.0,7.0,4.0,1
1976,1389,7,108,968500000.0,40380000.0,11.0,4.0,1
1288,1631,143,57,10530000.0,86900000.0,3.0,6.0,2
1616,1627,59,58,153500000.0,218080000.0,9.0,7.0,0
1802,1566,24,68,288200000.0,74000000.0,15.0,6.0,1
1339,2062,125,3,16230000.0,1470000000.0,2.0,7.0,2
1664,2042,51,4,81750000.0,1620000000.0,8.0,15.0,2
1859,1922,18,11,833500000.0,504000000.0,12.0,10.0,2
1698,1688,45,48,210800000.0,144080000.0,5.0,3.0,2
1603,1395,63,106,79880000.0,32900000.0,12.0,2.0,1
1086,1131,177,169,585000.0,2450000.0,9.0,4.0,1
1443,1932,93,9,60130000.0,357300000.0,9.0,5.0,2
1959,1276,8,146,766000000.0,18550000.0,11.0,1.0,1
1910,1687,13,48,773500000.0,130550000.0,7.0,6.0,1
1731,1017,37,183,179080000.0,1380000.0,13.0,0.0,1
1278,1735,145,35,14750000.0,214000000.0,5.0,4.0,2
1529,1440,78,93,5400000.0,37650000.0,9.0,5.0,1
1403,1120,104,172,10100000.0,375000.0,11.0,3.0,0
1742,1324,35,130,32400000.0,6960000.0,9.0,4.0,1
1528,1466,79,87,53850000.0,28680000.0,13.0,5.0,0
1542,1328,75,127,56830000.0,2580000.0,11.0,1.0,1
1633,1567,56,70,18700000.0,16300000.0,11.0,2.0,0
895,1275,201,147,650000.0,1500000.0,2.0,4.0,2
1642,833,55,206,97200000.0,1120000.0,10.0,3.0,1
1217,866,155,202,2950000.0,1920000.0,7.0,0.0,1
1005,1105,184,176,575000.0,375000.0,8.0,3.0,2
1818,1572,23,68,258300000.0,133400000.0,11.0,8.0,0
1293,1342,142,122,18030000.0,3830000.0,13.0,1.0,0
1297,680,140,224,7700000.0,925000.0,10.0,0.0,1
1496,1761,82,32,14000000.0,315600000.0,7.0,9.0,0
1138,614,165,232,1850000.0,690000.0,9.0,0.0,1
1714,1897,43,13,114280000.0,317600000.0,13.0,4.0,0
1849,900,19,200,558200000.0,600000.0,10.0,1.0,1
1660,1695,51,46,435380000.0,143850000.0,9.0,6.0,0
1715,1592,41,65,199050000.0,38680000.0,12.0,13.0,1
940,1123,193,170,7740000.0,4800000.0,1.0,5.0,1
1313,919,133,197,7130000.0,1330000.0,13.0,0.0,1
1135,1131,166,168,3600000.0,4380000.0,13.0,7.0,2
1596,1532,64,76,19780000.0,31130000.0,10.0,2.0,1
841,1155,205,162,950000.0,6430000.0,4.0,4.0,2
830,1448,207,90,3440000.0,7200000.0,4.0,6.0,2
782,1368,210,111,885000.0,6380000.0,8.0,6.0,2
655,1351,227,117,680000.0,6430000.0,7.0,1.0,2
1790,1864,27,17,207830000.0,368000000.0,12.0,5.0,1
1453,1650,89,52,29750000.0,199050000.0,2.0,3.0,1
2172,1880,1,15,1310000000.0,522700000.0,13.0,12.0,0
708,1329,219,127,1320000.0,6380000.0,4.0,10.0,2
1107,1089,175,178,585000.0,450000.0,9.0,3.0,1
1142,1109,163,174,0.0,2450000.0,10.0,3.0,1
1108,1090,174,178,2450000.0,450000.0,9.0,3.0,0
1135,1114,166,174,0.0,585000.0,10.0,1.0,0
1340,1311,124,135,4350000.0,23600000.0,4.0,2.0,1
1457,1133,88,168,7200000.0,1600000.0,15.0,1.0,1
1425,1447,97,91,11430000.0,7630000.0,7.0,5.0,0
1392,1151,106,163,3280000.0,1850000.0,15.0,5.0,0
1410,915,100,198,6230000.0,575000.0,10.0,0.0,1
1380,1332,110,126,3250000.0,6430000.0,10.0,3.0,1
1474,961,85,189,6100000.0,860000.0,10.0,0.0,0
1487,1620,83,58,7200000.0,66550000.0,15.0,11.0,1
1458,1475,89,85,17930000.0,7630000.0,11.0,5.0,2
1630,1354,56,116,108830000.0,4350000.0,15.0,3.0,0
1833,1387,21,108,456000000.0,3280000.0,15.0,1.0,1
1592,1460,65,88,27630000.0,6100000.0,8.0,6.0,1
1625,1516,58,79,16079999.0,31130000.0,9.0,2.0,1
1606,1400,63,104,19780000.0,6230000.0,10.0,3.0,1
1702,1395,43,105,227850000.0,3250000.0,13.0,2.0,0
1454,1491,90,83,17930000.0,7200000.0,10.0,9.0,0
1483,1612,85,60,7630000.0,66550000.0,11.0,10.0,0
1817,1476,23,86,456000000.0,6100000.0,15.0,3.0,0
1606,1373,63,111,27630000.0,3280000.0,11.0,0.0,1
1713,1389,43,105,227850000.0,6230000.0,11.0,3.0,1
1624,1522,58,79,108830000.0,31130000.0,13.0,1.0,0
1635,1344,54,118,16079999.0,4350000.0,9.0,3.0,1
1620,1381,59,108,19780000.0,3250000.0,12.0,2.0,1
1425,1641,96,54,17930000.0,66550000.0,8.0,8.0,2
1483,1491,85,83,7630000.0,7200000.0,11.0,10.0,0
1490,1359,84,114,6100000.0,3280000.0,8.0,0.0,1
1826,1597,22,65,456000000.0,27630000.0,13.0,4.0,1
1735,1598,36,63,227850000.0,19780000.0,11.0,8.0,1
1538,1328,76,127,31130000.0,4350000.0,11.0,2.0,1
1669,1590,50,66,16079999.0,108830000.0,12.0,9.0,1
1418,1352,100,115,6230000.0,3250000.0,12.0,2.0,1
1831,1486,22,84,456000000.0,7200000.0,13.0,8.0,1
1611,1469,61,86,27630000.0,7630000.0,11.0,8.0,1
1725,1548,40,74,227850000.0,31130000.0,13.0,2.0,0
1685,1582,49,67,16079999.0,19780000.0,12.0,8.0,1
1842,1537,20,76,456000000.0,31130000.0,13.0,2.0,1
1701,1595,44,63,16079999.0,27630000.0,12.0,4.0,1
1592,1540,64,76,27630000.0,31130000.0,13.0,2.0,0
1854,1689,19,47,456000000.0,16079999.0,13.0,9.0,1
1856,1357,19,114,456000000.0,3280000.0,13.0,0.0,1
1558,1549,73,74,41150000.0,52200000.0,8.0,9.0,1
1596,1374,63,110,35700000.0,14630000.0,15.0,4.0,0
1608,1342,60,119,108830000.0,7100000.0,11.0,1.0,1
1627,1317,59,131,218080000.0,7530000.0,15.0,4.0,1
1635,1421,56,98,153500000.0,17080000.0,10.0,4.0,1
1660,1416,52,100,66550000.0,8750000.0,12.0,9.0,1
1809,1312,24,134,474000000.0,3080000.0,13.0,5.0,1
1578,1448,68,90,197400000.0,34450000.0,11.0,3.0,1
1618,1369,60,110,514900000.0,30100000.0,15.0,4.0,1
1734,1343,38,118,227850000.0,3250000.0,11.0,2.0,1
1565,1422,72,97,121230000.0,12050000.0,13.0,3.0,1
1837,1615,20,62,456000000.0,35700000.0,15.0,8.0,0
1629,1537,59,76,108830000.0,41150000.0,11.0,9.0,1
1358,1373,114,109,3280000.0,14630000.0,13.0,5.0,0
1536,1355,77,115,52200000.0,7100000.0,12.0,1.0,0
1324,1409,129,101,7530000.0,8750000.0,9.0,6.0,0
1654,1633,53,57,218080000.0,66550000.0,15.0,10.0,1
1647,1797,55,26,153500000.0,474000000.0,10.0,13.0,0
1438,1295,93,140,17080000.0,3080000.0,11.0,2.0,1
1748,1551,34,73,227850000.0,121230000.0,11.0,4.0,1
1581,1615,68,61,197400000.0,514900000.0,11.0,2.0,0
1400,1417,104,98,30100000.0,34450000.0,9.0,3.0,1
1374,1391,110,106,3250000.0,12050000.0,13.0,3.0,1
1374,1599,110,63,3280000.0,35700000.0,11.0,8.0,0
1543,1622,75,60,52200000.0,108830000.0,10.0,8.0,0
1550,1342,74,119,41150000.0,7100000.0,11.0,2.0,1
1840,1370,20,112,456000000.0,14630000.0,13.0,6.0,1
1657,1285,54,144,153500000.0,3080000.0,11.0,1.0,1
1669,1394,50,105,218080000.0,8750000.0,15.0,4.0,1
1342,1615,119,60,7530000.0,66550000.0,7.0,7.0,0
1807,1428,24,92,474000000.0,17080000.0,13.0,4.0,1
1757,1382,33,107,227850000.0,12050000.0,13.0,3.0,1
1571,1354,70,115,121230000.0,3250000.0,13.0,1.0,1
1627,1405,59,99,514900000.0,34450000.0,15.0,3.0,1
1594,1387,64,106,197400000.0,30100000.0,11.0,4.0,1
1812,1349,24,115,474000000.0,3250000.0,15.0,1.0,1
1600,1614,63,61,35700000.0,66550000.0,13.0,5.0,0
1842,1340,20,123,456000000.0,7530000.0,13.0,1.0,1
1616,1528,61,78,197400000.0,41150000.0,11.0,8.0,1
1684,1372,50,110,218080000.0,30100000.0,15.0,1.0,1
1640,1410,57,97,108830000.0,17080000.0,11.0,3.0,1
1775,1639,30,58,227850000.0,153500000.0,13.0,12.0,1
1664,1534,52,76,514900000.0,121230000.0,15.0,4.0,1
1823,1589,23,66,474000000.0,35700000.0,15.0,6.0,1
1852,1606,19,62,456000000.0,197400000.0,13.0,4.0,1
1667,1637,51,58,108830000.0,514900000.0,11.0,3.0,1
1731,1728,38,41,218080000.0,227850000.0,15.0,13.0,1
1837,1653,21,54,474000000.0,108830000.0,15.0,6.0,1
1838,1745,20,35,456000000.0,218080000.0,13.0,7.0,0
1659,1739,54,36,108830000.0,218080000.0,13.0,7.0,0
1806,1869,24,17,456000000.0,474000000.0,11.0,13.0,2
629,377,229,244,0.0,0.0,5.0,0.0,1
1137,711,165,218,1180000.0,240000.0,12.0,0.0,1
1421,1300,96,137,17700000.0,2080000.0,4.0,2.0,1
956,589,191,233,125000.0,0.0,4.0,0.0,1
1872,1584,17,67,368000000.0,38680000.0,11.0,10.0,1
1006,1297,184,138,1380000.0,17530000.0,4.0,3.0,2
964,1016,189,182,3130000.0,325000.0,9.0,1.0,1
1703,1584,45,67,199050000.0,133400000.0,12.0,8.0,0
1200,858,158,203,675000.0,1030000.0,13.0,0.0,0
1249,1424,149,94,14750000.0,32900000.0,2.0,2.0,2
928,1312,196,132,600000.0,7530000.0,0.0,1.0,1
1885,1637,15,57,522700000.0,97200000.0,10.0,7.0,1
1143,905,164,198,1600000.0,575000.0,5.0,0.0,1
1233,1327,153,128,2100000.0,3830000.0,9.0,2.0,0
1702,1760,46,32,435380000.0,288200000.0,7.0,4.0,1
1550,1286,73,143,53850000.0,5200000.0,13.0,2.0,1
1663,1738,52,37,130550000.0,114280000.0,13.0,10.0,2
1866,1596,19,63,833500000.0,79880000.0,12.0,5.0,1
1723,1696,42,48,179080000.0,144080000.0,13.0,6.0,0
1020,904,181,199,0.0,200000.0,15.0,3.0,1
1746,1653,35,54,214000000.0,81750000.0,10.0,10.0,1
858,1135,203,166,350000.0,0.0,7.0,1.0,1
798,701,209,219,0.0,0.0,6.0,3.0,0
1670,1431,51,91,19280000.0,37650000.0,11.0,5.0,1
672,692,226,221,0.0,0.0,4.0,0.0,1
1290,1327,142,128,18030000.0,6960000.0,11.0,3.0,0
1084,968,176,190,850000.0,860000.0,3.0,1.0,0
1755,1739,32,37,218080000.0,34680000.0,15.0,5.0,1
1358,1345,114,117,7000000.0,10930000.0,1.0,4.0,0
1461,1082,87,178,29750000.0,450000.0,4.0,4.0,1
1722,1392,43,104,62780000.0,10100000.0,8.0,6.0,1
1085,1274,175,147,6100000.0,12450000.0,3.0,0.0,2
1280,1040,146,180,2780000.0,1430000.0,8.0,0.0,1
1779,1601,29,62,51330000.0,197400000.0,10.0,4.0,1
1552,1542,71,75,31700000.0,41700000.0,15.0,4.0,2
977,1084,188,176,325000.0,375000.0,12.0,6.0,1
1743,1549,36,73,72700000.0,53430000.0,5.0,7.0,1
1281,932,145,195,1500000.0,0.0,12.0,1.0,1
1345,1001,117,186,30580000.0,575000.0,10.0,3.0,1
1635,1687,59,50,18700000.0,16079999.0,9.0,6.0,0
1317,1110,131,173,6800000.0,1750000.0,4.0,5.0,1
1732,1401,40,102,79280000.0,34450000.0,13.0,3.0,1
1436,1440,91,90,12480000.0,28680000.0,9.0,6.0,1
1344,1003,120,185,16230000.0,250000.0,2.0,0.0,1
1138,628,165,230,1180000.0,0.0,12.0,2.0,1
1256,1371,148,111,3080000.0,7100000.0,6.0,2.0,2
1371,1303,111,135,3280000.0,2080000.0,9.0,1.0,0
719,369,217,244,240000.0,0.0,3.0,0.0,1
1141,898,164,200,0.0,200000.0,13.0,3.0,1
727,646,216,228,0.0,0.0,4.0,0.0,1
1284,1239,143,152,18030000.0,2100000.0,9.0,4.0,0
1342,1312,123,133,6960000.0,3830000.0,4.0,2.0,1
1205,853,158,203,675000.0,1030000.0,11.0,1.0,1
805,685,209,223,0.0,0.0,4.0,0.0,1
980,904,188,198,125000.0,600000.0,6.0,1.0,1
1313,588,131,233,7530000.0,0.0,5.0,0.0,1
1108,940,173,194,1600000.0,575000.0,5.0,0.0,2
1585,1710,65,43,31700000.0,72700000.0,12.0,1.0,1
1727,1727,40,40,79280000.0,62780000.0,13.0,0.0,0
1029,1054,182,179,575000.0,450000.0,7.0,4.0,1
1336,1339,124,122,6800000.0,7000000.0,7.0,3.0,1
1356,1099,115,174,10930000.0,1750000.0,5.0,4.0,1
1549,1542,73,75,53430000.0,41700000.0,10.0,7.0,0
1401,1392,102,104,34450000.0,10100000.0,13.0,5.0,0
1340,1348,121,117,16230000.0,13430000.0,5.0,2.0,0
1292,1073,139,178,1500000.0,375000.0,15.0,6.0,1
934,975,196,189,0.0,325000.0,6.0,4.0,0
1331,1475,126,86,30580000.0,29750000.0,10.0,3.0,2
1286,1073,142,176,12450000.0,6100000.0,8.0,0.0,1
1436,1237,90,152,32900000.0,14750000.0,1.0,7.0,1
1719,1729,43,37,435380000.0,214000000.0,7.0,7.0,1
1721,1902,41,14,114280000.0,522700000.0,11.0,10.0,2
848,673,203,225,950000.0,925000.0,4.0,0.0,1
1607,1645,63,57,19780000.0,19280000.0,15.0,0.0,1
1726,1869,40,18,179080000.0,368000000.0,11.0,5.0,0
1690,1752,50,32,16079999.0,218080000.0,15.0,5.0,0
1614,1760,61,31,18700000.0,34680000.0,7.0,4.0,2
1285,1035,144,181,2780000.0,1430000.0,11.0,0.0,1
1655,1535,54,76,153500000.0,53850000.0,11.0,4.0,1
1073,979,176,190,850000.0,860000.0,3.0,2.0,0
1267,1241,147,150,3080000.0,2049999.0,3.0,1.0,1
1138,1120,165,169,4800000.0,3600000.0,3.0,3.0,1
734,893,214,201,1320000.0,1330000.0,4.0,0.0,1
1301,1002,135,186,17530000.0,1380000.0,2.0,0.0,1
812,982,209,188,3440000.0,3130000.0,1.0,1.0,2
1783,1436,26,90,51330000.0,28680000.0,13.0,5.0,1
1137,932,167,196,4380000.0,7740000.0,5.0,2.0,1
1430,1362,93,114,17700000.0,3280000.0,7.0,0.0,1
1614,1423,61,97,197400000.0,12480000.0,11.0,3.0,1
1351,1293,117,138,6380000.0,7130000.0,15.0,5.0,1
1376,1209,109,156,6380000.0,2950000.0,9.0,4.0,1
1285,1167,144,161,7700000.0,6430000.0,10.0,7.0,0
821,827,208,207,1920000.0,885000.0,3.0,1.0,2
1491,1011,83,183,7200000.0,325000.0,15.0,1.0,1
636,633,228,229,690000.0,680000.0,4.0,3.0,1
1594,1856,66,21,133400000.0,833500000.0,10.0,10.0,0
