date,home_team,away_team,home_score,away_score,tournament,location,home_elo_rating,away_elo_rating,home_elo_rank,away_elo_rank,home_market_value,away_market_value
2023-06-09,Lebanon,Vanuatu,3,1,Intercontinental Cup,India,1326,1117,124,174,6430000.0,585000.0
2023-06-09,India,Mongolia,2,0,Intercontinental Cup,India,1242,803,151,210,4800000.0,500000.0
2023-06-10,Kyrgyzstan,Afghanistan,1,0,Central Asian Nations Cup,Kyrgyzstan,1245,1090,150,178,7580000.0,325000.0
2023-06-11,Tajikistan,Turkmenistan,1,1,Central Asian Nations Cup,Uzbekistan,1321,1250,128,148,7700000.0,2950000.0
2023-06-11,Uzbekistan,Oman,3,0,Central Asian Nations Cup,Uzbekistan,1615,1575,57,66,79280000.0,6100000.0
2023-06-12,Lebanon,Mongolia,0,0,Intercontinental Cup,India,1312,817,132,210,6430000.0,500000.0
2023-06-12,India,Vanuatu,1,0,Intercontinental Cup,India,1248,1111,149,174,4800000.0,585000.0
2023-06-13,Iran,Afghanistan,6,1,Central Asian Nations Cup,Kyrgyzstan,1779,1089,28,178,34680000.0,325000.0
2023-06-14,Oman,Tajikistan,1,1,Central Asian Nations Cup,Uzbekistan,1563,1333,67,124,6100000.0,7700000.0
2023-06-14,Netherlands,Croatia,2,4,European Nations League,the Netherlands,1991,2012,7,4,766000000.0,357300000.0
2023-06-14,Egypt,Guinea,2,1,African Nations Cup qual,Morocco,1682,1416,45,100,108830000.0,74250000.0
2023-06-14,Gambia,South Sudan,3,2,African Nations Cup qual,Egypt,1448,1117,92,173,72280000.0,1600000.0
2023-06-14,Guinea-Bissau,Sao Tome and Principe,1,0,African Nations Cup qual,Guinea-Bissau,1402,1066,105,180,41400000.0,1430000.0
2023-06-14,Uzbekistan,Turkmenistan,2,0,Central Asian Nations Cup,Uzbekistan,1619,1246,56,150,79280000.0,2950000.0
2023-06-15,Canada,Panama,2,0,CONCACAF Nat League,the United States,1757,1647,33,52,129050000.0,32400000.0
2023-06-15,Spain,Italy,2,1,European Nations League,the Netherlands,1987,1925,8,12,1310000000.0,833500000.0
2023-06-15,India,Lebanon,0,0,Intercontinental Cup,India,1246,1314,149,129,4800000.0,6430000.0
2023-06-15,Vanuatu,Mongolia,1,0,Intercontinental Cup,India,1116,812,174,210,585000.0,500000.0
2023-06-16,Kosovo,Romania,0,0,European Champ qual,Kosovo,1501,1620,79,54,114280000.0,97200000.0
2023-06-16,Israel,Belarus,2,1,European Champ qual,Hungary,1611,1394,58,106,86900000.0,14000000.0
2023-06-16,Greece,Ireland,2,1,European Champ qual,Greece,1696,1658,43,49,315600000.0,144080000.0
2023-06-16,France,Gibraltar,3,0,European Champ qual,Portugal,2112,1066,3,179,1470000000.0,1380000.0
2023-06-16,Finland,Slovenia,2,0,European Champ qual,Finland,1694,1656,45,50,41700000.0,143850000.0
2023-06-16,Andorra,Switzerland,1,2,European Champ qual,Andorra,1121,1891,171,14,3340000.0,317600000.0
2023-06-16,Latvia,Turkey,2,3,European Champ qual,Latvia,1340,1709,119,39,17530000.0,522700000.0
2023-06-16,Martinique,Saint Lucia,3,1,CONCACAF Champ qual,the United States,1409,1065,103,181,3830000.0,250000.0
2023-06-16,Guadeloupe,Antigua and Barbuda,5,0,CONCACAF Champ qual,the United States,1217,1121,158,171,12600000.0,650000.0
2023-06-16,Curaçao,Saint Kitts and Nevis,1,1,CONCACAF Champ qual,the United States,1336,1197,122,162,28680000.0,575000.0
2023-06-16,Denmark,Northern Ireland,1,0,European Champ qual,Denmark,1857,1519,17,77,368000000.0,79880000.0
2023-06-16,Malta,England,0,4,European Champ qual,Malta,1268,2004,143,5,14750000.0,1620000000.0
2023-06-16,Kazakhstan,San Marino,3,0,European Champ qual,Italy,1419,780,99,211,17700000.0,1120000.0
2023-06-16,Wales,Armenia,2,4,European Champ qual,Wales,1679,1489,47,81,199050000.0,40380000.0
2023-06-16,North Macedonia,Ukraine,2,3,European Champ qual,North Macedonia,1529,1829,74,23,38680000.0,288200000.0
2023-06-16,Kyrgyzstan,Iran,1,5,Central Asian Nations Cup,Kyrgyzstan,1239,1785,152,26,7580000.0,34680000.0
2023-06-17,Montenegro,Hungary,0,0,European Champ qual,Montenegro,1559,1820,69,23,60130000.0,210800000.0
2023-06-17,Luxembourg,Liechtenstein,2,0,European Champ qual,Luxembourg,1434,968,96,190,32900000.0,600000.0
2023-06-17,Lithuania,Bulgaria,1,1,European Champ qual,Lithuania,1263,1484,145,84,18550000.0,29750000.0
2023-06-17,Iceland,Slovakia,1,2,European Champ qual,Iceland,1502,1616,78,57,74000000.0,130550000.0
2023-06-17,Faroe Islands,Czechia,0,3,European Champ qual,the Faroe Islands,1299,1791,137,26,4950000.0,179080000.0
2023-06-17,Belgium,Austria,1,1,European Champ qual,Belgium,1972,1774,9,29,558200000.0,258300000.0
2023-06-17,Albania,Moldova,2,0,European Champ qual,Albania,1544,1242,72,150,81750000.0,10530000.0
2023-06-17,Puerto Rico,Suriname,0,0,CONCACAF Champ qual,the United States,1119,1303,173,136,1180000.0,37650000.0
2023-06-17,Grenada,Guyana,1,1,CONCACAF Champ qual,the United States,1114,1197,176,160,1750000.0,1500000.0
2023-06-17,Norway,Scotland,1,2,European Champ qual,Norway,1722,1820,37,23,504000000.0,207830000.0
2023-06-17,Cyprus,Georgia,1,2,European Champ qual,Cyprus,1346,1661,117,48,19100000.0,199050000.0
2023-06-17,Portugal,Bosnia and Herzegovina,3,0,European Champ qual,Portugal,2008,1603,5,61,968500000.0,133400000.0
2023-06-17,Azerbaijan,Estonia,1,1,European Champ qual,Azerbaijan,1408,1448,104,93,16230000.0,7000000.0
2023-06-17,Benin,Senegal,1,1,African Nations Cup qual,Benin,1386,1740,108,35,17080000.0,474000000.0
2023-06-17,Angola,Central African Republic,2,1,African Nations Cup qual,Cameroon,1421,1320,99,128,52200000.0,6980000.0
2023-06-17,Uzbekistan,Tajikistan,5,1,Central Asian Nations Cup,Uzbekistan,1626,1326,54,124,79280000.0,7700000.0
2023-06-17,Oman,Turkmenistan,2,0,Central Asian Nations Cup,Uzbekistan,1571,1238,67,153,6100000.0,2950000.0
2023-06-17,South Africa,Morocco,2,1,African Nations Cup qual,South Africa,1571,1838,67,20,41150000.0,456000000.0
2023-06-17,Equatorial Guinea,Tunisia,1,0,African Nations Cup qual,Equatorial Guinea,1498,1725,81,36,12050000.0,66550000.0
2023-06-17,Comoros,Lesotho,1,0,African Nations Cup qual,South Africa,1254,1197,147,160,3280000.0,675000.0
2023-06-17,Botswana,Libya,1,0,African Nations Cup qual,Botswana,1341,1324,119,125,3080000.0,11430000.0
2023-06-17,Zambia,Ivory Coast,3,0,African Nations Cup qual,Zambia,1506,1632,77,52,14630000.0,514900000.0
2023-06-18,Madagascar,Ghana,0,0,African Nations Cup qual,Madagascar,1237,1580,154,64,8230000.0,220780000.0
2023-06-18,Mexico,Panama,1,0,CONCACAF Nat League,the United States,1790,1634,27,51,79800000.0,32400000.0
2023-06-18,Croatia,Spain,0,0,European Nations League,the Netherlands,2010,1989,4,7,357300000.0,1310000000.0
2023-06-18,Netherlands,Italy,2,3,European Nations League,the Netherlands,1955,1961,10,9,766000000.0,833500000.0
2023-06-18,Algeria,Uganda,2,1,African Nations Cup qual,Cameroon,1714,1376,39,111,227850000.0,8750000.0
2023-06-18,Cape Verde,Burkina Faso,3,1,African Nations Cup qual,Cape Verde,1519,1568,76,68,53430000.0,121230000.0
2023-06-18,Congo,Mali,0,2,African Nations Cup qual,Congo,1264,1608,143,61,2600000.0,35700000.0
2023-06-18,Gabon,DR Congo,0,2,African Nations Cup qual,Gabon,1431,1516,96,78,34450000.0,153500000.0
2023-06-18,Nigeria,Sierra Leone,3,2,African Nations Cup qual,Liberia,1615,1325,58,125,218080000.0,13430000.0
2023-06-18,Tanzania,Niger,1,0,African Nations Cup qual,Tanzania,1324,1225,126,155,7530000.0,9980000.0
2023-06-18,Togo,Eswatini,2,0,African Nations Cup qual,South Africa,1363,1264,116,143,29680000.0,1080000.0
2023-06-18,India,Lebanon,2,0,Intercontinental Cup,India,1266,1294,142,137,4800000.0,6430000.0
2023-06-18,Rwanda,Mozambique,0,2,African Nations Cup qual,Rwanda,1247,1343,148,119,6800000.0,30100000.0
2023-06-19,Northern Ireland,Kazakhstan,0,1,European Champ qual,Northern Ireland,1489,1449,83,92,79880000.0,17700000.0
2023-06-19,Israel,Andorra,2,1,European Champ qual,Israel,1612,1120,60,172,86900000.0,3340000.0
2023-06-19,Ireland,Gibraltar,3,0,European Champ qual,Ireland,1659,1065,50,180,144080000.0,1380000.0
2023-06-19,France,Greece,1,0,European Champ qual,France,2114,1694,3,44,1470000000.0,315600000.0
2023-06-19,Armenia,Latvia,2,1,European Champ qual,Armenia,1497,1332,82,123,40380000.0,17530000.0
2023-06-19,England,North Macedonia,7,0,European Champ qual,England,2007,1526,6,75,1620000000.0,38680000.0
2023-06-19,Belarus,Kosovo,2,1,European Champ qual,Hungary,1420,1475,101,85,14000000.0,114280000.0
2023-06-19,Finland,San Marino,6,0,European Champ qual,Finland,1694,780,44,211,41700000.0,1120000.0
2023-06-19,Slovenia,Denmark,1,1,European Champ qual,Slovenia,1662,1851,47,17,143850000.0,368000000.0
2023-06-19,Turkey,Wales,2,0,European Champ qual,Turkey,1728,1660,36,49,522700000.0,199050000.0
2023-06-19,Ukraine,Malta,1,0,European Champ qual,Slovakia,1831,1266,22,141,288200000.0,14750000.0
2023-06-19,Switzerland,Romania,2,2,European Champ qual,Switzerland,1875,1636,14,51,317600000.0,97200000.0
2023-06-20,Scotland,Georgia,2,0,European Champ qual,Scotland,1831,1650,22,50,207830000.0,199050000.0
2023-06-20,Norway,Cyprus,3,1,European Champ qual,Norway,1726,1342,38,119,504000000.0,19100000.0
2023-06-20,Moldova,Poland,3,2,European Champ qual,Moldova,1279,1758,140,33,10530000.0,214000000.0
2023-06-20,Liechtenstein,Slovakia,0,1,European Champ qual,Liechtenstein,966,1618,190,55,600000.0,130550000.0
2023-06-20,Iceland,Portugal,0,1,European Champ qual,Iceland,1498,2012,80,4,74000000.0,968500000.0
2023-06-20,Hungary,Lithuania,2,0,European Champ qual,Hungary,1821,1262,24,147,210800000.0,18550000.0
2023-06-20,Faroe Islands,Albania,1,3,European Champ qual,the Faroe Islands,1281,1562,139,68,4950000.0,81750000.0
2023-06-20,Bosnia and Herzegovina,Luxembourg,0,2,European Champ qual,Bosnia and Herzegovina,1554,1483,69,85,133400000.0,32900000.0
2023-06-20,Bulgaria,Serbia,1,1,European Champ qual,Bulgaria,1497,1854,82,16,29750000.0,296500000.0
2023-06-20,French Guiana,Saint Kitts and Nevis,1,1,CONCACAF Champ qual,the United States,1304,1203,133,159,125000.0,575000.0
2023-06-20,Austria,Sweden,2,0,European Champ qual,Austria,1794,1736,27,35,258300000.0,435380000.0
2023-06-20,Martinique,Puerto Rico,2,0,CONCACAF Champ qual,the United States,1419,1109,101,176,3830000.0,1180000.0
2023-06-20,Guadeloupe,Guyana,2,0,CONCACAF Champ qual,the United States,1245,1169,151,165,12600000.0,1500000.0
2023-06-20,Burundi,Namibia,3,2,African Nations Cup qual,Tanzania,1276,1385,142,109,12450000.0,2080000.0
2023-06-20,Estonia,Belgium,0,3,European Champ qual,Estonia,1442,1978,95,8,7000000.0,558200000.0
2023-06-20,Ethiopia,Malawi,0,0,African Nations Cup qual,Mozambique,1307,1260,131,148,2780000.0,2049999.0
2023-06-20,Uzbekistan,Iran,0,1,Central Asian Nations Cup,Uzbekistan,1609,1802,60,25,79280000.0,34680000.0
2023-06-20,Kyrgyzstan,Oman,0,1,Central Asian Nations Cup,Uzbekistan,1234,1576,155,64,7580000.0,6100000.0
2023-06-20,Mauritania,Sudan,3,0,African Nations Cup qual,Morocco,1401,1291,107,136,23600000.0,3250000.0
2023-06-21,Kuwait,Nepal,3,1,South Asian Championship,India,1382,929,110,195,4350000.0,1330000.0
2023-06-21,India,Pakistan,4,0,South Asian Championship,India,1269,829,143,209,4800000.0,3440000.0
2023-06-22,Lebanon,Bangladesh,2,0,South Asian Championship,India,1299,859,135,204,6430000.0,7740000.0
2023-06-22,Maldives,Bhutan,2,0,South Asian Championship,India,942,562,194,236,950000.0,690000.0
2023-06-24,United States,Jamaica,1,1,CONCACAF Championship,the United States,1828,1550,23,70,356700000.0,53850000.0
2023-06-24,India,Nepal,2,0,South Asian Championship,India,1273,925,143,195,4800000.0,1330000.0
2023-06-24,Kuwait,Pakistan,4,0,South Asian Championship,India,1385,826,109,209,4350000.0,3440000.0
2023-06-25,Lebanon,Bhutan,4,1,South Asian Championship,India,1300,561,135,236,6430000.0,690000.0
2023-06-25,Bangladesh,Maldives,3,1,South Asian Championship,India,896,905,200,198,7740000.0,950000.0
2023-06-25,Trinidad and Tobago,Saint Kitts and Nevis,3,0,CONCACAF Championship,the United States,1401,1180,107,163,10100000.0,575000.0
2023-06-25,Mexico,Honduras,4,0,CONCACAF Championship,the United States,1803,1455,25,91,79800000.0,16300000.0
2023-06-25,Haiti,Qatar,2,1,CONCACAF Championship,the United States,1570,1519,67,75,56830000.0,17930000.0
2023-06-26,Panama,Costa Rica,2,1,CONCACAF Championship,the United States,1663,1660,46,48,32400000.0,18700000.0
2023-06-26,Martinique,El Salvador,2,1,CONCACAF Championship,the United States,1448,1446,93,95,3830000.0,6960000.0
2023-06-27,India,Kuwait,1,1,South Asian Championship,India,1274,1384,143,111,4800000.0,4350000.0
2023-06-27,Guatemala,Cuba,1,0,CONCACAF Championship,the United States,1490,1325,84,124,5400000.0,2100000.0
2023-06-27,Nepal,Pakistan,1,0,South Asian Championship,India,939,812,194,209,1330000.0,3440000.0
2023-06-28,Lebanon,Maldives,1,0,South Asian Championship,India,1304,901,133,200,6430000.0,950000.0
2023-06-28,Bangladesh,Bhutan,3,1,South Asian Championship,India,904,553,198,236,7740000.0,690000.0
2023-06-28,United States,Saint Kitts and Nevis,6,0,CONCACAF Championship,the United States,1829,1179,23,163,356700000.0,575000.0
2023-06-28,Jamaica,Trinidad and Tobago,4,1,CONCACAF Championship,the United States,1576,1375,64,114,53850000.0,10100000.0
2023-06-29,Mexico,Haiti,3,1,CONCACAF Championship,the United States,1819,1554,25,70,79800000.0,56830000.0
2023-06-29,Honduras,Qatar,1,1,CONCACAF Championship,the United States,1460,1514,89,77,16300000.0,17930000.0
2023-06-30,Costa Rica,El Salvador,0,0,CONCACAF Championship,the United States,1646,1460,51,89,18700000.0,6960000.0
2023-06-30,Panama,Martinique,2,1,CONCACAF Championship,the United States,1674,1437,46,96,32400000.0,3830000.0
2023-07-01,Canada,Guatemala,0,0,CONCACAF Championship,the United States,1704,1504,41,79,129050000.0,5400000.0
2023-07-01,Guadeloupe,Cuba,4,1,CONCACAF Championship,the United States,1319,1274,129,143,12600000.0,2100000.0
2023-07-01,India,Lebanon,0,0,South Asian Championship,India,1270,1308,144,131,4800000.0,6430000.0
2023-07-01,Kuwait,Bangladesh,1,0,South Asian Championship,India,1386,902,108,199,4350000.0,7740000.0
2023-07-02,United States,Trinidad and Tobago,6,0,CONCACAF Championship,the United States,1833,1371,21,114,356700000.0,10100000.0
2023-07-02,Qatar,Mexico,1,0,CONCACAF Championship,the United States,1557,1776,70,28,17930000.0,79800000.0
2023-07-02,Jamaica,Saint Kitts and Nevis,5,0,CONCACAF Championship,the United States,1585,1170,63,164,53850000.0,575000.0
2023-07-02,Honduras,Haiti,2,1,CONCACAF Championship,the United States,1492,1522,85,75,16300000.0,56830000.0
2023-07-04,Canada,Cuba,4,2,CONCACAF Championship,the United States,1710,1268,40,144,129050000.0,2100000.0
2023-07-04,El Salvador,Panama,2,2,CONCACAF Championship,the United States,1474,1660,90,48,6960000.0,32400000.0
2023-07-04,Costa Rica,Martinique,6,4,CONCACAF Championship,the United States,1663,1420,46,100,18700000.0,3830000.0
2023-07-04,India,Kuwait,1,1,South Asian Championship,India,1271,1385,143,109,4800000.0,4350000.0
2023-07-04,Guatemala,Guadeloupe,3,2,CONCACAF Championship,the United States,1517,1306,77,133,5400000.0,12600000.0
2023-07-05,South Africa,Namibia,1,1,COSAFA Cup,South Africa,1557,1399,69,108,41150000.0,2080000.0
2023-07-05,Botswana,Eswatini,1,0,COSAFA Cup,South Africa,1357,1248,117,150,3080000.0,1080000.0
2023-07-06,Malawi,Zambia,1,0,COSAFA Cup,South Africa,1292,1474,136,89,2049999.0,14630000.0
2023-07-06,Comoros,Seychelles,3,0,COSAFA Cup,South Africa,1262,880,148,202,3280000.0,1030000.0
2023-07-07,Lesotho,Mauritius,2,0,COSAFA Cup,South Africa,1209,944,158,193,675000.0,850000.0
2023-07-07,Angola,Mozambique,1,1,COSAFA Cup,South Africa,1417,1347,101,118,52200000.0,30100000.0
2023-07-08,Mexico,Costa Rica,2,0,CONCACAF Championship,the United States,1802,1637,25,51,79800000.0,18700000.0
2023-07-08,Panama,Qatar,4,0,CONCACAF Championship,the United States,1693,1524,45,74,32400000.0,17930000.0
2023-07-08,Eswatini,Namibia,2,1,COSAFA Cup,South Africa,1276,1371,143,113,1080000.0,2080000.0
2023-07-08,South Africa,Botswana,2,1,COSAFA Cup,South Africa,1563,1351,68,117,41150000.0,3080000.0
2023-07-09,Zambia,Comoros,2,1,COSAFA Cup,South Africa,1483,1253,86,150,14630000.0,3280000.0
2023-07-09,Malawi,Seychelles,2,0,COSAFA Cup,South Africa,1297,875,136,203,2049999.0,1030000.0
2023-07-09,Jamaica,Guatemala,1,0,CONCACAF Championship,the United States,1605,1497,62,81,53850000.0,5400000.0
2023-07-10,Lesotho,Mozambique,1,0,COSAFA Cup,South Africa,1237,1319,154,128,675000.0,30100000.0
2023-07-10,Mauritius,Angola,1,0,COSAFA Cup,South Africa,982,1379,188,109,850000.0,52200000.0
2023-07-11,Bermuda,Greenland,3,2,Island Games,the United Kingdom,1169,953,165,192,375000.0,0.0
2023-07-11,Zambia,Seychelles,4,2,COSAFA Cup,South Africa,1485,873,86,203,14630000.0,1030000.0
2023-07-11,Malawi,Comoros,2,0,COSAFA Cup,South Africa,1323,1227,126,156,2049999.0,3280000.0
2023-07-11,Botswana,Namibia,0,0,COSAFA Cup,South Africa,1352,1370,117,114,3080000.0,2080000.0
2023-07-11,South Africa,Eswatini,2,1,COSAFA Cup,South Africa,1567,1272,68,144,41150000.0,1080000.0
2023-07-12,Mozambique,Mauritius,1,0,COSAFA Cup,South Africa,1324,977,124,188,30100000.0,850000.0
2023-07-12,Angola,Lesotho,4,2,COSAFA Cup,South Africa,1397,1219,107,158,52200000.0,675000.0
2023-07-12,United States,Panama,1,1,CONCACAF Championship,the United States,1805,1707,25,41,356700000.0,32400000.0
2023-07-12,Mexico,Jamaica,3,0,CONCACAF Championship,the United States,1823,1584,23,63,79800000.0,53850000.0
2023-07-14,Lesotho,Malawi,1,1,COSAFA Cup,South Africa,1225,1317,156,129,675000.0,2049999.0
2023-07-14,South Africa,Zambia,1,2,COSAFA Cup,South Africa,1537,1515,71,78,41150000.0,14630000.0
2023-07-16,Mexico,Panama,1,0,CONCACAF Championship,the United States,1840,1690,20,45,79800000.0,32400000.0
2023-07-16,Zambia,Lesotho,1,0,COSAFA Cup,South Africa,1521,1219,76,158,14630000.0,675000.0
2023-07-16,South Africa,Malawi,0,0,COSAFA Cup,South Africa,1522,1332,74,121,41150000.0,2049999.0
2023-08-24,Madagascar,Seychelles,1,0,Indian Ocean Games,Madagascar,1254,871,150,203,8230000.0,1030000.0
2023-08-24,Comoros,Mayotte,0,0,Indian Ocean Games,Madagascar,1226,1210,155,158,3280000.0,0.0
2023-08-26,Madagascar,Mauritius,1,1,Indian Ocean Games,Madagascar,1242,989,151,188,8230000.0,850000.0
2023-08-28,Mauritius,Seychelles,1,0,Indian Ocean Games,Madagascar,999,861,187,204,850000.0,1030000.0
2023-08-28,Comoros,Reunion,1,1,Indian Ocean Games,Madagascar,1232,1357,155,116,3280000.0,0.0
2023-08-31,Reunion,Mauritius,2,1,Indian Ocean Games,Madagascar,1360,996,116,187,0.0,850000.0
2023-08-31,Madagascar,Comoros,4,2,Indian Ocean Games,Madagascar,1258,1216,150,157,8230000.0,3280000.0
2023-09-02,Madagascar,Reunion,1,0,Indian Ocean Games,Madagascar,1273,1345,144,117,8230000.0,0.0
2023-09-02,Mauritius,Comoros,2,0,Indian Ocean Games,Madagascar,1031,1181,186,162,850000.0,3280000.0
2023-09-06,Libya,Equatorial Guinea,1,1,African Nations Cup qual,Libya,1328,1494,123,84,11430000.0,12050000.0
2023-09-07,Netherlands,Greece,3,0,European Champ qual,the Netherlands,1963,1686,9,45,766000000.0,315600000.0
2023-09-07,Lithuania,Montenegro,2,2,European Champ qual,Lithuania,1272,1538,146,70,18550000.0,60130000.0
2023-09-07,Kazakhstan,Finland,0,1,European Champ qual,Kazakhstan,1437,1706,95,42,17700000.0,41700000.0
2023-09-07,France,Ireland,2,0,European Champ qual,France,2116,1657,2,49,1470000000.0,144080000.0
2023-09-07,Denmark,San Marino,4,0,European Champ qual,Denmark,1851,780,16,212,368000000.0,1120000.0
2023-09-07,Czechia,Albania,1,1,European Champ qual,Czechia,1787,1577,27,66,179080000.0,81750000.0
2023-09-07,US Virgin Islands,Cayman Islands,2,2,CONCACAF Nat League C,the US VirgIslands,639,825,227,207,0.0,0.0
2023-09-07,Guatemala,El Salvador,2,0,CONCACAF Nat League A,Guatemala,1517,1454,77,91,5400000.0,6960000.0
2023-09-07,Saint Lucia,Sint Maarten,5,1,CONCACAF Nat League B,Curaçao,1081,817,179,208,250000.0,325000.0
2023-09-07,Saint Kitts and Nevis,Guadeloupe,1,2,CONCACAF Nat League B,Saint Kitts and Nevis,1152,1324,166,126,575000.0,12600000.0
2023-09-07,Trinidad and Tobago,Curaçao,1,0,CONCACAF Nat League A,Trinidad and Tobago,1384,1323,112,128,10100000.0,28680000.0
2023-09-07,Paraguay,Peru,0,0,World Cup qualifier,Paraguay,1721,1841,39,19,134450000.0,28900000.0
2023-09-07,Colombia,Venezuela,1,0,World Cup qualifier,Colombia,1956,1695,11,43,300500000.0,62780000.0
2023-09-07,Argentina,Ecuador,1,0,World Cup qualifier,Argentina,2152,1849,1,17,761200000.0,366730000.0
2023-09-07,Anguilla,Saint Martin,0,6,CONCACAF Nat League C,Anguilla,584,859,232,205,0.0,0.0
2023-09-07,Poland,Faroe Islands,2,0,European Champ qual,Poland,1760,1279,32,143,214000000.0,4950000.0
2023-09-07,Panama,Martinique,3,0,CONCACAF Nat League A,Panama,1708,1413,40,101,32400000.0,3830000.0
2023-09-07,Slovenia,Northern Ireland,4,2,European Champ qual,Slovenia,1672,1479,47,88,143850000.0,79880000.0
2023-09-07,Thailand,Lebanon,2,1,King's Cup,Thailand,1385,1300,111,136,6380000.0,6430000.0
2023-09-07,Serbia,Hungary,1,2,European Champ qual,Serbia,1827,1848,24,18,296500000.0,210800000.0
2023-09-07,India,Iraq,2,2,King's Cup,Thailand,1282,1606,142,60,4800000.0,19780000.0
2023-09-07,Tunisia,Botswana,3,0,African Nations Cup qual,Tunisia,1732,1348,36,117,66550000.0,3080000.0
2023-09-07,Niger,Uganda,0,2,African Nations Cup qual,Morocco,1207,1394,157,108,9980000.0,8750000.0
2023-09-07,Ghana,Central African Republic,2,1,African Nations Cup qual,Ghana,1584,1316,63,130,220780000.0,6980000.0
2023-09-07,Angola,Madagascar,0,0,African Nations Cup qual,Angola,1386,1284,109,141,52200000.0,8230000.0
2023-09-07,Algeria,Tanzania,0,0,African Nations Cup qual,Algeria,1693,1342,44,119,227850000.0,7530000.0
2023-09-08,Bosnia and Herzegovina,Liechtenstein,2,1,European Champ qual,Bosnia and Herzegovina,1555,965,68,191,133400000.0,600000.0
2023-09-08,St Vincent & Grenadines,Belize,2,1,CONCACAF Nat League B,Martinique,1059,1034,182,183,0.0,375000.0
2023-09-08,Dominican Republic,Nicaragua,0,2,CONCACAF Nat League B,the Dominican Republic,1168,1309,164,133,18030000.0,2580000.0
2023-09-08,Bermuda,French Guiana,0,0,CONCACAF Nat League B,Bermuda,1171,1302,163,135,375000.0,125000.0
2023-09-08,Barbados,Montserrat,2,3,CONCACAF Nat League B,Barbados,1018,1002,186,188,200000.0,375000.0
2023-09-08,Croatia,Latvia,5,0,European Champ qual,Croatia,2011,1331,5,123,357300000.0,17530000.0
2023-09-08,Grenada,Suriname,1,1,CONCACAF Nat League A,Grenada,1119,1298,172,137,1750000.0,37650000.0
2023-09-08,Cuba,Haiti,0,0,CONCACAF Nat League A,the Dominican Republic,1280,1510,145,79,2100000.0,56830000.0
2023-09-08,Uruguay,Chile,3,1,World Cup qualifier,Uruguay,1925,1698,12,42,362450000.0,72700000.0
2023-09-08,Brazil,Bolivia,5,1,World Cup qualifier,Brazil,2095,1601,3,61,908700000.0,19280000.0
2023-09-08,Jamaica,Honduras,1,0,CONCACAF Nat League A,Jamaica,1594,1482,62,84,53850000.0,16300000.0
2023-09-08,Cyprus,Scotland,0,3,European Champ qual,Cyprus,1335,1838,121,21,19100000.0,207830000.0
2023-09-08,Luxembourg,Iceland,3,1,European Champ qual,Luxembourg,1506,1475,81,88,32900000.0,74000000.0
2023-09-08,Georgia,Spain,1,7,European Champ qual,Georgia,1633,2006,52,7,199050000.0,1310000000.0
2023-09-08,Egypt,Ethiopia,1,0,African Nations Cup qual,Egypt,1686,1313,45,131,108830000.0,2780000.0
2023-09-08,Burkina Faso,Eswatini,0,0,African Nations Cup qual,Morocco,1554,1286,69,142,121230000.0,1080000.0
2023-09-08,Turkey,Armenia,1,1,European Champ qual,Turkey,1713,1512,39,78,522700000.0,40380000.0
2023-09-08,Slovakia,Portugal,0,1,European Champ qual,Slovakia,1612,2018,56,4,130550000.0,968500000.0
2023-09-08,Mali,South Sudan,4,0,African Nations Cup qual,Mali,1610,1114,58,175,35700000.0,1600000.0
2023-09-09,Romania,Israel,1,1,European Champ qual,Romania,1629,1619,54,55,97200000.0,86900000.0
2023-09-09,Antigua and Barbuda,Guyana,1,5,CONCACAF Nat League B,Antigua and Barbuda,1077,1204,179,159,650000.0,1500000.0
2023-09-09,Bahamas,Puerto Rico,1,6,CONCACAF Nat League B,the Bahamas,833,1133,206,169,0.0,1180000.0
2023-09-09,British Virgin Islands,Turks and Caicos Islands,3,1,CONCACAF Nat League C,the British VirgIslands,643,742,227,214,0.0,50000.0
2023-09-09,Andorra,Belarus,0,0,European Champ qual,Andorra,1130,1410,170,102,3340000.0,14000000.0
2023-09-09,Azerbaijan,Belgium,0,1,European Champ qual,Azerbaijan,1405,1981,104,8,16230000.0,558200000.0
2023-09-09,England,Ukraine,1,1,European Champ qual,Poland,1998,1840,7,20,1620000000.0,288200000.0
2023-09-09,Estonia,Sweden,0,5,European Champ qual,Estonia,1422,1756,97,33,7000000.0,435380000.0
2023-09-09,Kosovo,Switzerland,2,2,European Champ qual,Kosovo,1489,1861,84,15,114280000.0,317600000.0
2023-09-09,North Macedonia,Italy,1,1,European Champ qual,North Macedonia,1541,1946,70,11,38680000.0,833500000.0
2023-09-09,Comoros,Zambia,1,1,African Nations Cup qual,the Comoros,1193,1509,161,79,3280000.0,14630000.0
2023-09-09,Ivory Coast,Lesotho,1,0,African Nations Cup qual,Ivory Coast,1634,1217,51,155,514900000.0,675000.0
2023-09-09,Malawi,Guinea,2,2,African Nations Cup qual,Malawi,1331,1416,123,99,2049999.0,74250000.0
2023-09-09,Mauritania,Gabon,2,1,African Nations Cup qual,Mauritania,1417,1415,98,100,23600000.0,34450000.0
2023-09-09,Mozambique,Benin,3,2,African Nations Cup qual,Mozambique,1342,1368,119,114,30100000.0,17080000.0
2023-09-09,Rwanda,Senegal,1,1,African Nations Cup qual,Rwanda,1264,1750,150,34,6800000.0,474000000.0
2023-09-09,DR Congo,Sudan,2,0,African Nations Cup qual,DR Congo,1524,1283,73,143,153500000.0,3250000.0
2023-09-10,Finland,Denmark,0,1,European Champ qual,Finland,1689,1868,44,15,41700000.0,368000000.0
2023-09-10,Faroe Islands,Moldova,0,1,European Champ qual,the Faroe Islands,1254,1313,151,131,4950000.0,10530000.0
2023-09-10,El Salvador,Trinidad and Tobago,2,3,CONCACAF Nat League A,El Salvador,1425,1413,95,102,6960000.0,10100000.0
2023-09-10,Greece,Gibraltar,5,0,European Champ qual,Greece,1687,1061,45,181,315600000.0,1380000.0
2023-09-10,Saint Lucia,Saint Kitts and Nevis,2,0,CONCACAF Nat League B,Saint Lucia,1109,1124,176,171,250000.0,575000.0
2023-09-10,Martinique,Curaçao,1,0,CONCACAF Nat League A,Martinique,1423,1313,97,131,3830000.0,28680000.0
2023-09-10,Guatemala,Panama,1,1,CONCACAF Nat League A,Guatemala,1522,1703,74,40,5400000.0,32400000.0
2023-09-10,Albania,Poland,2,0,European Champ qual,Albania,1614,1723,57,37,81750000.0,214000000.0
2023-09-10,Ireland,Netherlands,1,2,European Champ qual,Ireland,1648,1972,50,9,144080000.0,766000000.0
2023-09-10,Nigeria,Sao Tome and Principe,6,0,African Nations Cup qual,Nigeria,1617,1064,56,180,218080000.0,1430000.0
2023-09-10,Lithuania,Serbia,1,3,European Champ qual,Lithuania,1268,1831,148,24,18550000.0,296500000.0
2023-09-10,Montenegro,Bulgaria,2,1,European Champ qual,Montenegro,1550,1480,70,86,60130000.0,29750000.0
2023-09-10,San Marino,Slovenia,0,4,European Champ qual,San Marino,779,1673,212,47,1120000.0,143850000.0
2023-09-10,Congo,Gambia,2,2,African Nations Cup qual,Morocco,1274,1438,146,93,2600000.0,72280000.0
2023-09-10,Togo,Cape Verde,3,2,African Nations Cup qual,Togo,1386,1496,111,81,29680000.0,53430000.0
2023-09-10,Lebanon,India,1,0,King's Cup,Thailand,1314,1268,130,148,6430000.0,4800000.0
2023-09-10,Thailand,Iraq,2,2,King's Cup,Thailand,1390,1601,110,61,6380000.0,19780000.0
2023-09-10,Kazakhstan,Northern Ireland,1,0,European Champ qual,Kazakhstan,1454,1462,91,89,17700000.0,79880000.0
2023-09-11,Dominican Republic,Montserrat,3,0,CONCACAF Nat League B,the Dominican Republic,1180,990,163,189,18030000.0,375000.0
2023-09-11,Nicaragua,Barbados,5,1,CONCACAF Nat League B,Nicaragua,1316,1011,128,186,2580000.0,200000.0
2023-09-11,Cayman Islands,Aruba,1,2,CONCACAF Nat League C,the Cayman Islands,806,969,210,191,0.0,125000.0
2023-09-11,Armenia,Croatia,0,1,European Champ qual,Armenia,1508,2015,78,5,40380000.0,357300000.0
2023-09-11,Iceland,Bosnia and Herzegovina,1,0,European Champ qual,Iceland,1494,1536,82,71,74000000.0,133400000.0
2023-09-11,Latvia,Wales,0,2,European Champ qual,Latvia,1318,1673,127,47,17530000.0,199050000.0
2023-09-11,Portugal,Luxembourg,9,0,European Champ qual,Portugal,2021,1503,4,80,968500000.0,32900000.0
2023-09-11,Slovakia,Liechtenstein,3,0,European Champ qual,Slovakia,1613,964,58,192,130550000.0,600000.0
2023-09-11,Guinea-Bissau,Sierra Leone,2,1,African Nations Cup qual,Guinea-Bissau,1413,1314,103,130,41400000.0,13430000.0
2023-09-12,Turks and Caicos Islands,Dominica,0,3,CONCACAF Nat League C,Turks and Caicos Islands,720,994,216,189,50000.0,0.0
2023-09-12,Spain,Cyprus,6,0,European Champ qual,Spain,2007,1334,7,122,1310000000.0,19100000.0
2023-09-12,Romania,Kosovo,2,0,European Champ qual,Romania,1641,1477,50,87,97200000.0,114280000.0
2023-09-12,Norway,Georgia,2,1,European Champ qual,Norway,1745,1623,33,54,504000000.0,199050000.0
2023-09-12,Malta,North Macedonia,0,2,European Champ qual,Malta,1253,1557,151,67,14750000.0,38680000.0
2023-09-12,Italy,Ukraine,2,1,European Champ qual,Italy,1955,1831,10,21,833500000.0,288200000.0
2023-09-12,Israel,Belarus,1,0,European Champ qual,Israel,1625,1404,53,107,86900000.0,14000000.0
2023-09-12,Belgium,Estonia,5,0,European Champ qual,Belgium,1983,1420,8,98,558200000.0,7000000.0
2023-09-12,St Vincent & Grenadines,Bermuda,4,3,CONCACAF Nat League B,St Vincent & Grenadines,1080,1150,179,166,0.0,375000.0
2023-09-12,Sweden,Austria,1,3,European Champ qual,Sweden,1720,1821,37,25,435380000.0,258300000.0
2023-09-12,Guyana,Bahamas,3,2,CONCACAF Nat League B,Guyana,1206,831,159,206,1500000.0,0.0
2023-09-12,French Guiana,Belize,0,2,CONCACAF Nat League B,French Guiana,1248,1088,152,178,125000.0,375000.0
2023-09-12,Jamaica,Haiti,2,2,CONCACAF Nat League A,Jamaica,1584,1520,64,75,53850000.0,56830000.0
2023-09-12,Honduras,Grenada,4,0,CONCACAF Nat League A,Honduras,1487,1114,84,175,16300000.0,1750000.0
2023-09-12,Venezuela,Paraguay,1,0,World Cup qualifier,Venezuela,1711,1705,38,41,62780000.0,134450000.0
2023-09-12,Peru,Brazil,0,1,World Cup qualifier,Peru,1829,2107,23,2,28900000.0,908700000.0
2023-09-12,Ecuador,Uruguay,2,1,World Cup qualifier,Ecuador,1868,1906,15,12,366730000.0,362450000.0
2023-09-12,Chile,Colombia,0,0,World Cup qualifier,Chile,1707,1947,39,11,72700000.0,300500000.0
2023-09-12,Bolivia,Argentina,0,3,World Cup qualifier,Bolivia,1596,2157,62,1,19280000.0,761200000.0
2023-09-12,Puerto Rico,Antigua and Barbuda,5,0,CONCACAF Nat League B,the Bahamas,1167,1043,165,183,1180000.0,650000.0
2023-09-12,Switzerland,Andorra,3,0,European Champ qual,Switzerland,1862,1129,17,171,317600000.0,3340000.0
2023-09-12,Cuba,Suriname,1,0,CONCACAF Nat League A,Cuba,1295,1283,138,142,2100000.0,37650000.0
2023-09-12,Cameroon,Burundi,3,0,African Nations Cup qual,Cameroon,1636,1271,51,145,197400000.0,12450000.0
2023-09-30,Botswana,Zimbabwe,1,1,Independence Cup,Botswana,1342,1318,118,127,3080000.0,7100000.0
2023-10-08,Solomon Islands,Papua New Guinea,3,1,Melanesian Cup,New Caledonia,1267,1180,148,163,450000.0,0.0
2023-10-08,New Caledonia,Vanuatu,4,0,Melanesian Cup,New Caledonia,1200,1095,159,176,5200000.0,585000.0
2023-10-11,New Caledonia,Papua New Guinea,3,1,Melanesian Cup,New Caledonia,1220,1160,155,165,5200000.0,0.0
2023-10-11,Solomon Islands,Vanuatu,1,0,Melanesian Cup,New Caledonia,1278,1084,144,178,450000.0,585000.0
2023-10-12,Bonaire,Anguilla,2,0,CONCACAF Nat League C,Bonaire,861,578,204,232,350000.0,0.0
2023-10-12,Cyprus,Norway,0,4,European Champ qual,Cyprus,1323,1756,125,31,19100000.0,504000000.0
2023-10-12,Belarus,Romania,0,0,European Champ qual,Hungary,1416,1629,102,53,14000000.0,97200000.0
2023-10-12,Andorra,Kosovo,0,3,European Champ qual,Andorra,1115,1491,174,82,3340000.0,114280000.0
2023-10-12,Albania,Czechia,3,0,European Champ qual,Albania,1657,1748,49,33,81750000.0,179080000.0
2023-10-12,British Virgin Islands,Dominica,1,1,CONCACAF Nat League C,Saint Lucia,658,979,226,190,0.0,0.0
2023-10-12,Faroe Islands,Poland,0,2,European Champ qual,the Faroe Islands,1248,1729,152,37,4950000.0,214000000.0
2023-10-12,Bolivia,Ecuador,1,2,World Cup qualifier,Bolivia,1585,1879,64,15,19280000.0,366730000.0
2023-10-12,Suriname,Haiti,1,1,CONCACAF Nat League A,Suriname,1291,1512,140,76,37650000.0,56830000.0
2023-10-12,Grenada,Jamaica,1,4,CONCACAF Nat League A,Grenada,1107,1591,175,62,1750000.0,53850000.0
2023-10-12,Cuba,Honduras,0,0,CONCACAF Nat League A,the Dominican Republic,1305,1477,135,87,2100000.0,16300000.0
2023-10-12,Colombia,Uruguay,2,2,World Cup qualifier,Colombia,1939,1914,11,12,300500000.0,362450000.0
2023-10-12,Chile,Peru,2,0,World Cup qualifier,Chile,1739,1797,35,27,72700000.0,28900000.0
2023-10-12,Brazil,Venezuela,1,1,World Cup qualifier,Brazil,2089,1729,3,37,908700000.0,62780000.0
2023-10-12,Latvia,Armenia,2,0,European Champ qual,Latvia,1356,1470,116,88,17530000.0,40380000.0
2023-10-12,Argentina,Paraguay,1,0,World Cup qualifier,Argentina,2159,1703,1,42,761200000.0,134450000.0
2023-10-12,Saint Kitts and Nevis,Sint Maarten,3,2,CONCACAF Nat League B,Anguilla,1130,809,172,208,575000.0,325000.0
2023-10-12,Spain,Scotland,2,0,European Champ qual,Spain,2017,1816,5,24,1310000000.0,207830000.0
2023-10-12,Saint Lucia,Guadeloupe,2,1,CONCACAF Nat League B,Saint Lucia,1135,1300,169,137,250000.0,12600000.0
2023-10-12,Cambodia,Pakistan,0,0,World Cup & As Cup q,Cambodia,865,821,203,207,2480000.0,3440000.0
2023-10-12,Afghanistan,Mongolia,1,0,World Cup & As Cup q,Tajikistan,1083,805,179,210,325000.0,500000.0
2023-10-12,Croatia,Turkey,0,1,European Champ qual,Croatia,1978,1742,8,34,357300000.0,522700000.0
2023-10-12,Taiwan,East Timor,4,0,World Cup & As Cup q,Taiwan,927,617,195,230,1920000.0,925000.0
2023-10-12,Hong Kong,Bhutan,4,0,World Cup & As Cup q,Hong Kong,1121,567,173,235,3600000.0,690000.0
2023-10-12,Indonesia,Brunei,6,0,World Cup & As Cup q,Indonesia,1297,601,138,231,30580000.0,680000.0
2023-10-12,Maldives,Bangladesh,1,1,World Cup & As Cup q,the Maldives,896,911,200,198,950000.0,7740000.0
2023-10-12,Yemen,Sri Lanka,3,0,World Cup & As Cup q,Saudi Arabia,1099,674,176,224,1850000.0,885000.0
2023-10-12,Nepal,Laos,1,1,World Cup & As Cup q,Nepal,917,681,196,220,1330000.0,1320000.0
2023-10-12,Singapore,Guam,2,1,World Cup & As Cup q,Singapore,1133,704,170,217,4380000.0,240000.0
2023-10-12,Myanmar,Macao,5,1,World Cup & As Cup q,Myanmar,929,657,194,227,3130000.0,0.0
2023-10-13,Curaçao,Panama,1,2,CONCACAF Nat League A,Curaçao,1307,1709,135,43,28680000.0,32400000.0
2023-10-13,Martinique,El Salvador,1,0,CONCACAF Nat League A,Martinique,1438,1410,94,104,3830000.0,6960000.0
2023-10-13,Trinidad and Tobago,Guatemala,3,2,CONCACAF Nat League A,Trinidad and Tobago,1434,1501,96,79,10100000.0,5400000.0
2023-10-13,Barbados,Dominican Republic,0,5,CONCACAF Nat League B,Barbados,979,1212,189,158,200000.0,18030000.0
2023-10-13,Netherlands,France,1,2,European Champ qual,the Netherlands,1954,2120,10,2,766000000.0,1470000000.0
2023-10-13,Montserrat,Nicaragua,0,3,CONCACAF Nat League B,Barbados,981,1325,188,125,375000.0,2580000.0
2023-10-13,St Vincent & Grenadines,French Guiana,1,4,CONCACAF Nat League B,St Vincent & Grenadines,1052,1276,182,145,0.0,125000.0
2023-10-13,Austria,Belgium,2,3,European Champ qual,Austria,1805,1999,26,7,258300000.0,558200000.0
2023-10-13,Estonia,Azerbaijan,0,2,European Champ qual,Estonia,1381,1456,111,92,7000000.0,16230000.0
2023-10-13,Iceland,Luxembourg,1,1,European Champ qual,Iceland,1489,1508,83,77,74000000.0,32900000.0
2023-10-13,Ireland,Greece,0,2,European Champ qual,Ireland,1613,1722,59,39,144080000.0,315600000.0
2023-10-13,Liechtenstein,Bosnia and Herzegovina,0,2,European Champ qual,Liechtenstein,960,1540,192,71,600000.0,133400000.0
2023-10-13,Belize,Bermuda,0,1,CONCACAF Nat League B,Belize,1066,1172,179,164,375000.0,375000.0
2023-10-13,Portugal,Slovakia,3,2,European Champ qual,Portugal,2023,1611,4,60,968500000.0,130550000.0
2023-10-13,Malaysia,India,4,2,Independence Tournament,Malaysia,1310,1253,134,150,7130000.0,4800000.0
2023-10-14,Bahamas,Antigua and Barbuda,1,4,CONCACAF Nat League B,the Bahamas,807,1067,208,179,0.0,650000.0
2023-10-14,Slovenia,Finland,3,0,European Champ qual,Slovenia,1700,1662,45,48,143850000.0,41700000.0
2023-10-14,Guyana,Puerto Rico,3,1,CONCACAF Nat League B,Saint Kitts and Nevis,1233,1140,155,166,1500000.0,1180000.0
2023-10-14,Aruba,US Virgin Islands,3,1,CONCACAF Nat League C,Aruba,974,634,191,228,125000.0,0.0
2023-10-14,Bulgaria,Lithuania,0,2,European Champ qual,Bulgaria,1429,1319,96,128,29750000.0,18550000.0
2023-10-14,Denmark,Kazakhstan,3,1,European Champ qual,Denmark,1871,1451,16,92,368000000.0,17700000.0
2023-10-14,Hungary,Serbia,2,1,European Champ qual,Hungary,1858,1817,18,23,210800000.0,296500000.0
2023-10-14,Italy,Malta,4,0,European Champ qual,Italy,1956,1252,9,151,833500000.0,14750000.0
2023-10-14,Northern Ireland,San Marino,3,0,European Champ qual,Northern Ireland,1463,778,89,212,79880000.0,1120000.0
2023-10-14,Ukraine,North Macedonia,2,0,European Champ qual,Czechia,1841,1547,19,70,288200000.0,38680000.0
2023-10-14,Papua New Guinea,Vanuatu,0,1,Melanesian Cup,New Caledonia,1136,1108,168,175,0.0,585000.0
2023-10-14,New Caledonia,Solomon Islands,0,1,Melanesian Cup,New Caledonia,1198,1300,160,138,5200000.0,450000.0
2023-10-15,Honduras,Cuba,4,0,CONCACAF Nat League A,Honduras,1490,1292,83,143,16300000.0,2100000.0
2023-10-15,Jamaica,Haiti,3,2,CONCACAF Nat League A,Trinidad and Tobago,1607,1496,61,79,53850000.0,56830000.0
2023-10-15,Suriname,Grenada,4,0,CONCACAF Nat League A,Suriname,1303,1095,138,176,37650000.0,1750000.0
2023-10-15,Guadeloupe,Saint Lucia,2,0,CONCACAF Nat League B,Guadeloupe,1311,1124,134,171,12600000.0,250000.0
2023-10-15,Saint Kitts and Nevis,Sint Maarten,0,1,CONCACAF Nat League B,Saint Kitts and Nevis,1093,846,177,206,575000.0,325000.0
2023-10-15,Czechia,Faroe Islands,1,0,European Champ qual,Czechia,1749,1247,31,152,179080000.0,4950000.0
2023-10-15,Georgia,Cyprus,4,0,European Champ qual,Georgia,1636,1316,50,130,199050000.0,19100000.0
2023-10-15,Poland,Moldova,1,1,European Champ qual,Poland,1711,1329,42,125,214000000.0,10530000.0
2023-10-15,Romania,Andorra,4,0,European Champ qual,Romania,1631,1113,53,173,97200000.0,3340000.0
2023-10-15,Switzerland,Belarus,3,3,European Champ qual,Switzerland,1844,1434,18,95,317600000.0,14000000.0
2023-10-15,Turkey,Latvia,4,0,European Champ qual,Turkey,1746,1352,32,116,522700000.0,17530000.0
2023-10-15,Wales,Croatia,2,1,European Champ qual,Wales,1705,1947,44,10,199050000.0,357300000.0
2023-10-15,Norway,Spain,0,1,European Champ qual,Norway,1745,2028,33,4,504000000.0,1310000000.0
2023-10-16,Belgium,Sweden,1,1,European Champ qual,Belgium,1983,1738,7,36,558200000.0,435380000.0
2023-10-16,Dominican Republic,Barbados,5,2,CONCACAF Nat League B,the Dominican Republic,1221,970,156,191,18030000.0,200000.0
2023-10-16,French Guiana,St Vincent & Grenadines,3,2,CONCACAF Nat League B,Martinique,1285,1043,144,184,125000.0,0.0
2023-10-16,Nicaragua,Montserrat,3,0,CONCACAF Nat League B,Nicaragua,1330,976,125,189,2580000.0,375000.0
2023-10-16,Saint Martin,Anguilla,8,0,CONCACAF Nat League C,Saint Kitts and Nevis,894,564,201,235,0.0,0.0
2023-10-16,Turks and Caicos Islands,British Virgin Islands,2,2,CONCACAF Nat League C,Turks and Caicos Islands,711,667,216,226,50000.0,0.0
2023-10-16,Azerbaijan,Austria,0,1,European Champ qual,Azerbaijan,1448,1813,92,25,16230000.0,258300000.0
2023-10-16,Gibraltar,Ireland,0,4,European Champ qual,Portugal,1057,1616,183,59,1380000.0,144080000.0
2023-10-16,Bosnia and Herzegovina,Portugal,0,5,European Champ qual,Bosnia and Herzegovina,1532,2031,72,4,133400000.0,968500000.0
2023-10-16,Iceland,Liechtenstein,4,0,European Champ qual,Iceland,1491,958,80,192,74000000.0,600000.0
2023-10-16,Luxembourg,Slovakia,0,1,European Champ qual,Luxembourg,1488,1631,84,52,32900000.0,130550000.0
2023-10-16,Greece,Netherlands,0,1,European Champ qual,Greece,1709,1967,42,8,315600000.0,766000000.0
2023-10-17,Malta,Ukraine,1,3,European Champ qual,Malta,1249,1844,152,17,14750000.0,288200000.0
2023-10-17,Northern Ireland,Slovenia,0,1,European Champ qual,Northern Ireland,1451,1712,91,41,79880000.0,143850000.0
2023-10-17,San Marino,Denmark,1,2,European Champ qual,San Marino,778,1871,212,16,1120000.0,368000000.0
2023-10-17,Serbia,Montenegro,3,1,European Champ qual,Serbia,1824,1546,23,69,296500000.0,60130000.0
2023-10-17,Morocco,Liberia,3,0,African Nations Cup qual,Morocco,1840,1293,20,140,456000000.0,14150000.0
2023-10-17,Guam,Singapore,0,1,World Cup & As Cup q,Guam,699,1138,217,167,240000.0,4380000.0
2023-10-17,Bhutan,Hong Kong,2,0,World Cup & As Cup q,Bhutan,623,1065,230,179,690000.0,3600000.0
2023-10-17,Brunei,Indonesia,0,6,World Cup & As Cup q,Brunei,598,1300,232,138,680000.0,30580000.0
2023-10-17,Lithuania,Hungary,2,2,European Champ qual,Lithuania,1336,1841,124,19,18550000.0,210800000.0
2023-10-17,Laos,Nepal,0,1,World Cup & As Cup q,Laos,668,930,225,195,1320000.0,1330000.0
2023-10-17,Macao,Myanmar,0,0,World Cup & As Cup q,Macao,666,920,227,197,0.0,3130000.0
2023-10-17,Bangladesh,Maldives,2,1,World Cup & As Cup q,Bangladesh,925,882,196,202,7740000.0,950000.0
2023-10-17,Finland,Kazakhstan,1,2,European Champ qual,Finland,1628,1485,53,85,41700000.0,17700000.0
2023-10-17,Guyana,Puerto Rico,3,1,CONCACAF Nat League B,Saint Kitts and Nevis,1255,1118,150,171,1500000.0,1180000.0
2023-10-17,Cayman Islands,US Virgin Islands,2,1,CONCACAF Nat League C,the Cayman Islands,813,627,209,229,0.0,0.0
2023-10-17,Ecuador,Colombia,0,0,World Cup qualifier,Ecuador,1877,1941,15,11,366730000.0,300500000.0
2023-10-17,Bermuda,Belize,1,1,CONCACAF Nat League B,Bermuda,1161,1077,164,178,375000.0,375000.0
2023-10-17,Antigua and Barbuda,Bahamas,2,2,CONCACAF Nat League B,Antigua and Barbuda,1051,823,183,208,650000.0,0.0
2023-10-17,Panama,Guatemala,3,0,CONCACAF Nat League A,Panama,1719,1491,38,79,32400000.0,5400000.0
2023-10-17,El Salvador,Martinique,0,0,CONCACAF Nat League A,El Salvador,1406,1442,103,93,6960000.0,3830000.0
2023-10-17,Curaçao,Trinidad and Tobago,5,3,CONCACAF Nat League A,Curaçao,1339,1402,123,105,28680000.0,10100000.0
2023-10-17,Venezuela,Chile,3,0,World Cup qualifier,Venezuela,1755,1713,30,40,62780000.0,72700000.0
2023-10-17,Uruguay,Brazil,2,0,World Cup qualifier,Uruguay,1950,2053,9,3,362450000.0,908700000.0
2023-10-17,Peru,Argentina,0,2,World Cup qualifier,Peru,1786,2170,27,1,28900000.0,761200000.0
2023-10-17,Paraguay,Bolivia,1,0,World Cup qualifier,Paraguay,1712,1576,41,63,134450000.0,19280000.0
2023-10-17,Mongolia,Afghanistan,0,1,World Cup & As Cup q,Mongolia,794,1094,210,175,500000.0,325000.0
2023-10-17,England,Italy,3,1,European Champ qual,England,2030,1939,5,12,1620000000.0,833500000.0
2023-10-17,Pakistan,Cambodia,1,0,World Cup & As Cup q,Pakistan,838,848,207,205,3440000.0,2480000.0
2023-10-17,Taiwan,East Timor,3,0,World Cup & As Cup q,Taiwan,933,611,194,231,1920000.0,925000.0
2023-10-17,Malaysia,Tajikistan,0,2,Independence Tournament,Malaysia,1283,1364,146,115,7130000.0,7700000.0
2023-10-17,Sri Lanka,Yemen,1,1,World Cup & As Cup q,Sri Lanka,689,1084,220,177,885000.0,1850000.0
2023-10-17,Australia,New Zealand,2,0,Soccer Ashes Trophy,England,1780,1525,29,72,51330000.0,31700000.0
2023-11-12,Kosovo,Israel,1,0,European Champ qual,Kosovo,1513,1603,76,61,114280000.0,86900000.0
2023-11-15,Israel,Switzerland,1,1,European Champ qual,Hungary,1615,1832,60,21,86900000.0,317600000.0
2023-11-15,Equatorial Guinea,Namibia,1,0,World Cup qualifier,Equatorial Guinea,1502,1368,78,114,12050000.0,2080000.0
2023-11-15,DR Congo,Mauritania,2,0,World Cup qualifier,DR Congo,1529,1402,72,104,153500000.0,23600000.0
2023-11-15,Rwanda,Zimbabwe,0,0,World Cup qualifier,Rwanda,1261,1321,149,130,6800000.0,7100000.0
2023-11-15,Ethiopia,Sierra Leone,0,0,World Cup qualifier,Morocco,1313,1318,134,131,2780000.0,13430000.0
2023-11-16,Japan,Myanmar,5,0,World Cup & As Cup q,Japan,1900,920,14,197,263899999.0,3130000.0
2023-11-16,Bahrain,Yemen,2,0,World Cup & As Cup q,Saudi Arabia,1487,1078,85,177,6230000.0,1850000.0
2023-11-16,Australia,Bangladesh,7,0,World Cup & As Cup q,Australia,1780,925,28,196,51330000.0,7740000.0
2023-11-16,Slovakia,Iceland,4,2,European Champ qual,Slovakia,1643,1479,49,88,130550000.0,74000000.0
2023-11-16,Montenegro,Lithuania,2,0,European Champ qual,Montenegro,1555,1327,67,127,60130000.0,18550000.0
2023-11-16,Luxembourg,Bosnia and Herzegovina,4,1,European Champ qual,Luxembourg,1517,1503,74,78,32900000.0,133400000.0
2023-11-16,Liechtenstein,Portugal,0,2,European Champ qual,Liechtenstein,958,2031,192,4,600000.0,968500000.0
2023-11-16,Georgia,Scotland,2,2,European Champ qual,Georgia,1640,1809,50,25,199050000.0,207830000.0
2023-11-16,Estonia,Austria,0,2,European Champ qual,Estonia,1370,1821,110,23,7000000.0,258300000.0
2023-11-16,Cyprus,Spain,1,3,European Champ qual,Cyprus,1314,2030,134,5,19100000.0,1310000000.0
2023-11-16,Azerbaijan,Sweden,3,0,European Champ qual,Azerbaijan,1500,1686,80,46,16230000.0,435380000.0
2023-11-16,Iran,Hong Kong,4,0,World Cup & As Cup q,Iran,1832,1064,20,179,34680000.0,3600000.0
2023-11-16,US Virgin Islands,Aruba,1,4,CONCACAF Nat League C,the US VirgIslands,613,988,230,188,0.0,125000.0
2023-11-16,British Virgin Islands,Dominica,1,2,CONCACAF Nat League C,the British VirgIslands,658,988,227,188,0.0,0.0
2023-11-16,Saint Kitts and Nevis,Saint Lucia,0,0,CONCACAF Nat League B,Saint Kitts and Nevis,1089,1128,176,170,575000.0,250000.0
2023-11-16,Venezuela,Ecuador,0,0,World Cup qualifier,Venezuela,1756,1876,29,15,62780000.0,366730000.0
2023-11-16,United States,Trinidad and Tobago,3,0,CONCACAF Nat League A,the United States,1808,1398,26,106,356700000.0,10100000.0
2023-11-16,Costa Rica,Panama,0,3,CONCACAF Nat League A,Costa Rica,1588,1754,63,31,18700000.0,32400000.0
2023-11-16,Colombia,Brazil,2,1,World Cup qualifier,Colombia,1962,2032,10,3,300500000.0,908700000.0
2023-11-16,Chile,Paraguay,0,0,World Cup qualifier,Chile,1707,1718,44,38,72700000.0,134450000.0
2023-11-16,Bolivia,Peru,2,0,World Cup qualifier,Bolivia,1615,1747,58,33,19280000.0,28900000.0
2023-11-16,Bulgaria,Hungary,2,2,European Champ qual,Bulgaria,1439,1827,94,22,29750000.0,210800000.0
2023-11-16,Iraq,Indonesia,5,1,World Cup & As Cup q,Iraq,1607,1293,60,141,19780000.0,30580000.0
2023-11-16,Argentina,Uruguay,0,2,World Cup qualifier,Argentina,2118,2002,2,7,761200000.0,362450000.0
2023-11-16,Lebanon,Palestine,0,0,World Cup & As Cup q,the United Arab Emirates,1314,1413,134,100,6430000.0,7630000.0
2023-11-16,Sudan,Togo,1,1,World Cup qualifier,Libya,1289,1380,145,108,3250000.0,29680000.0
2023-11-16,Nigeria,Lesotho,1,1,World Cup qualifier,Nigeria,1600,1235,62,154,218080000.0,675000.0
2023-11-16,Egypt,Djibouti,6,0,World Cup qualifier,Egypt,1677,913,47,198,108830000.0,575000.0
2023-11-16,Cape Verde,Angola,0,0,World Cup qualifier,Cape Verde,1464,1397,89,107,53430000.0,52200000.0
2023-11-16,Burundi,Gambia,3,2,World Cup qualifier,Tanzania,1300,1409,138,101,12450000.0,72280000.0
2023-11-16,Botswana,Mozambique,2,3,World Cup qualifier,Botswana,1322,1366,129,113,3080000.0,30100000.0
2023-11-16,Algeria,Somalia,3,1,World Cup qualifier,Algeria,1711,897,41,200,227850000.0,860000.0
2023-11-16,United Arab Emirates,Nepal,4,0,World Cup & As Cup q,the United Arab Emirates,1490,928,83,195,31130000.0,1330000.0
2023-11-16,Gabon,Kenya,2,1,World Cup qualifier,Gabon,1426,1341,97,120,34450000.0,10930000.0
2023-11-16,Thailand,China,1,2,World Cup & As Cup q,Thailand,1365,1481,114,87,6380000.0,12480000.0
2023-11-16,Turkmenistan,Uzbekistan,1,3,World Cup & As Cup q,Turkmenistan,1226,1635,155,51,2950000.0,79280000.0
2023-11-16,Malaysia,Kyrgyzstan,4,3,World Cup & As Cup q,Malaysia,1295,1225,140,156,7130000.0,7580000.0
2023-11-16,Oman,Taiwan,3,0,World Cup & As Cup q,Oman,1576,932,64,194,6100000.0,1920000.0
2023-11-16,Philippines,Vietnam,0,2,World Cup & As Cup q,the Philippines,1045,1407,183,102,6430000.0,6380000.0
2023-11-16,Qatar,Afghanistan,8,1,World Cup & As Cup q,Qatar,1511,1090,77,175,17930000.0,325000.0
2023-11-16,Kuwait,India,0,1,World Cup & As Cup q,Kuwait,1357,1285,116,147,4350000.0,4800000.0
2023-11-16,Saudi Arabia,Pakistan,4,0,World Cup & As Cup q,Saudi Arabia,1547,837,70,207,27630000.0,3440000.0
2023-11-16,South Korea,Singapore,5,0,World Cup & As Cup q,South Korea,1782,1137,27,167,142200000.0,4380000.0
2023-11-16,Syria,North Korea,1,0,World Cup & As Cup q,Saudi Arabia,1431,1360,96,115,7200000.0,6850000.0
2023-11-16,Tajikistan,Jordan,1,1,World Cup & As Cup q,Tajikistan,1369,1555,111,67,7700000.0,16079999.0
2023-11-17,Honduras,Mexico,2,0,CONCACAF Nat League A,Honduras,1538,1792,71,26,16300000.0,79800000.0
2023-11-17,Belize,French Guiana,1,0,CONCACAF Nat League B,Belize,1103,1259,174,150,375000.0,125000.0
2023-11-17,Bermuda,St Vincent & Grenadines,3,1,CONCACAF Nat League B,Bermuda,1174,1030,164,184,375000.0,0.0
2023-11-17,Montserrat,Dominican Republic,2,1,CONCACAF Nat League B,Montserrat,1004,1193,187,162,375000.0,18030000.0
2023-11-17,Denmark,Slovenia,2,1,European Champ qual,Denmark,1878,1705,15,44,368000000.0,143850000.0
2023-11-17,England,Malta,2,0,European Champ qual,England,2030,1249,5,152,1620000000.0,14750000.0
2023-11-17,Finland,Northern Ireland,4,0,European Champ qual,Finland,1641,1438,50,95,41700000.0,79880000.0
2023-11-17,Italy,North Macedonia,5,2,European Champ qual,Italy,1943,1551,12,68,833500000.0,38680000.0
2023-11-17,Kazakhstan,San Marino,3,1,European Champ qual,Kazakhstan,1486,777,86,212,17700000.0,1120000.0
2023-11-17,Moldova,Albania,1,1,European Champ qual,Moldova,1341,1649,123,48,10530000.0,81750000.0
2023-11-17,Poland,Czechia,1,1,European Champ qual,Poland,1707,1753,42,32,214000000.0,179080000.0
2023-11-17,Barbados,Nicaragua,0,4,CONCACAF Nat League B,Barbados,956,1344,192,122,200000.0,2580000.0
2023-11-17,Burkina Faso,Guinea-Bissau,1,1,World Cup qualifier,Morocco,1550,1411,69,101,121230000.0,41400000.0
2023-11-17,Comoros,Central African Republic,4,2,World Cup qualifier,the Comoros,1241,1285,154,144,3280000.0,6980000.0
2023-11-17,Cameroon,Mauritius,3,0,World Cup qualifier,Cameroon,1626,1030,56,184,197400000.0,850000.0
2023-11-17,Zambia,Congo,4,2,World Cup qualifier,Zambia,1522,1267,73,148,14630000.0,2600000.0
2023-11-17,Tunisia,Sao Tome and Principe,4,0,World Cup qualifier,Tunisia,1731,1063,37,180,66550000.0,1430000.0
2023-11-17,Mali,Chad,3,1,World Cup qualifier,Mali,1631,1180,53,163,35700000.0,6100000.0
2023-11-17,Solomon Islands,Samoa,1,0,Pacific Games,the Solomon Islands,1301,676,137,223,450000.0,350000.0
2023-11-17,Liberia,Malawi,0,1,World Cup qualifier,Liberia,1269,1355,147,117,14150000.0,2049999.0
2023-11-17,Ivory Coast,Seychelles,9,0,World Cup qualifier,Ivory Coast,1629,860,55,204,514900000.0,1030000.0
2023-11-17,Guinea,Uganda,2,1,World Cup qualifier,Morocco,1443,1362,92,114,74250000.0,8750000.0
2023-11-17,Ghana,Madagascar,1,0,World Cup qualifier,Ghana,1580,1286,64,143,220780000.0,8230000.0
2023-11-17,Libya,Eswatini,1,0,World Cup qualifier,South Africa,1348,1270,120,146,11430000.0,1080000.0
2023-11-18,Latvia,Croatia,0,2,European Champ qual,Latvia,1349,1950,119,11,17530000.0,357300000.0
2023-11-18,Jamaica,Canada,1,2,CONCACAF Nat League A,Jamaica,1585,1737,63,37,53850000.0,129050000.0
2023-11-18,Antigua and Barbuda,Puerto Rico,2,3,CONCACAF Nat League B,Antigua and Barbuda,1029,1140,185,166,650000.0,1180000.0
2023-11-18,Anguilla,Bonaire,0,3,CONCACAF Nat League C,Anguilla,547,878,236,203,0.0,350000.0
2023-11-18,Armenia,Wales,1,1,European Champ qual,Armenia,1470,1697,89,45,40380000.0,199050000.0
2023-11-18,Belarus,Andorra,1,0,European Champ qual,Hungary,1439,1108,94,172,14000000.0,3340000.0
2023-11-18,France,Gibraltar,14,0,European Champ qual,France,2123,1057,1,181,1470000000.0,1380000.0
2023-11-18,Netherlands,Ireland,1,0,European Champ qual,the Netherlands,1970,1613,9,58,766000000.0,144080000.0
2023-11-18,Senegal,South Sudan,4,0,World Cup qualifier,Senegal,1744,1131,36,170,474000000.0,1600000.0
2023-11-18,Switzerland,Kosovo,1,1,European Champ qual,Switzerland,1815,1530,23,72,317600000.0,114280000.0
2023-11-18,South Africa,Benin,2,1,World Cup qualifier,South Africa,1529,1347,73,121,41150000.0,17080000.0
2023-11-18,Tanzania,Niger,1,0,World Cup qualifier,Morocco,1353,1202,118,159,7530000.0,9980000.0
2023-11-18,Fiji,Northern Mariana Islands,10,0,Pacific Games,the Solomon Islands,1196,404,161,242,2450000.0,0.0
2023-11-18,New Caledonia,Tonga,7,0,Pacific Games,the Solomon Islands,1200,525,160,238,5200000.0,10000.0
2023-11-18,Romania,Israel,2,1,European Champ qual,Hungary,1650,1596,48,61,97200000.0,86900000.0
2023-11-19,Scotland,Norway,3,3,European Champ qual,Scotland,1800,1755,25,31,207830000.0,504000000.0
2023-11-19,Saint Lucia,Sint Maarten,1,2,CONCACAF Nat League B,Saint Lucia,1092,878,175,203,250000.0,325000.0
2023-11-19,Belgium,Azerbaijan,5,0,European Champ qual,Belgium,1990,1497,8,79,558200000.0,16230000.0
2023-11-19,Bosnia and Herzegovina,Slovakia,1,2,European Champ qual,Bosnia and Herzegovina,1485,1661,86,48,133400000.0,130550000.0
2023-11-19,Hungary,Montenegro,3,1,European Champ qual,Hungary,1833,1549,19,69,210800000.0,60130000.0
2023-11-19,Liechtenstein,Luxembourg,0,1,European Champ qual,Liechtenstein,955,1520,192,75,600000.0,32900000.0
2023-11-19,Portugal,Iceland,2,0,European Champ qual,Portugal,2032,1478,4,88,968500000.0,74000000.0
2023-11-19,Serbia,Bulgaria,2,2,European Champ qual,Serbia,1802,1457,24,91,296500000.0,29750000.0
2023-11-19,Guadeloupe,Saint Kitts and Nevis,5,0,CONCACAF Nat League B,Guadeloupe,1326,1078,128,177,12600000.0,575000.0
2023-11-19,Sweden,Estonia,2,0,European Champ qual,Sweden,1691,1365,46,111,435380000.0,7000000.0
2023-11-19,Sudan,DR Congo,1,0,World Cup qualifier,Libya,1321,1497,132,79,3250000.0,153500000.0
2023-11-19,Nigeria,Zimbabwe,1,1,World Cup qualifier,Rwanda,1587,1334,62,127,218080000.0,7100000.0
2023-11-19,Spain,Georgia,3,1,European Champ qual,Spain,2033,1637,3,52,1310000000.0,199050000.0
2023-11-19,Gabon,Burundi,2,1,World Cup qualifier,Tanzania,1439,1287,95,142,34450000.0,12450000.0
2023-11-19,Egypt,Sierra Leone,2,0,World Cup qualifier,Liberia,1684,1311,47,136,108830000.0,13430000.0
2023-11-19,Mozambique,Algeria,0,2,World Cup qualifier,Mozambique,1354,1723,117,39,30100000.0,227850000.0
2023-11-20,Panama,Costa Rica,3,1,CONCACAF Nat League A,Panama,1765,1577,29,64,32400000.0,18700000.0
2023-11-20,Montserrat,Barbados,4,2,CONCACAF Nat League B,Montserrat,1022,938,186,193,375000.0,200000.0
2023-11-20,Aruba,Cayman Islands,5,1,CONCACAF Nat League C,Aruba,1001,800,188,209,125000.0,0.0
2023-11-20,Dominica,Turks and Caicos Islands,2,0,CONCACAF Nat League C,the British VirgIslands,998,701,189,216,0.0,50000.0
2023-11-20,Albania,Faroe Islands,0,0,European Champ qual,Albania,1631,1264,54,148,81750000.0,4950000.0
2023-11-20,Czechia,Moldova,3,0,European Champ qual,Czechia,1756,1338,32,125,179080000.0,10530000.0
2023-11-20,Italy,Ukraine,0,0,European Champ qual,Germany,1937,1850,12,16,833500000.0,288200000.0
2023-11-20,North Macedonia,England,1,1,European Champ qual,North Macedonia,1567,2014,66,6,38680000.0,1620000000.0
2023-11-20,Northern Ireland,Denmark,2,0,European Champ qual,Northern Ireland,1491,1825,83,20,79880000.0,368000000.0
2023-11-20,San Marino,Finland,1,2,European Champ qual,San Marino,777,1641,212,51,1120000.0,41700000.0
2023-11-20,Trinidad and Tobago,United States,2,1,CONCACAF Nat League A,Trinidad and Tobago,1432,1774,98,28,10100000.0,356700000.0
2023-11-20,Guinea-Bissau,Djibouti,1,0,World Cup qualifier,Egypt,1413,911,101,198,41400000.0,575000.0
2023-11-20,Ivory Coast,Gambia,2,0,World Cup qualifier,Tanzania,1642,1396,50,107,514900000.0,72280000.0
2023-11-20,Kenya,Seychelles,5,0,World Cup qualifier,Ivory Coast,1346,855,122,205,10930000.0,1030000.0
2023-11-20,Liberia,Equatorial Guinea,0,1,World Cup qualifier,Liberia,1256,1515,151,77,14150000.0,12050000.0
2023-11-20,Madagascar,Chad,3,0,World Cup qualifier,Morocco,1311,1155,136,164,8230000.0,6100000.0
2023-11-20,Mali,Central African Republic,1,1,World Cup qualifier,Mali,1614,1302,57,139,35700000.0,6980000.0
2023-11-20,Samoa,Eastern Samoa,10,0,Pacific Games,the Solomon Islands,701,446,216,240,350000.0,0.0
2023-11-20,Vanuatu,Tuvalu,6,0,Pacific Games,the Solomon Islands,1117,728,171,214,585000.0,0.0
2023-11-20,Slovenia,Kazakhstan,2,1,European Champ qual,Slovenia,1710,1481,42,87,143850000.0,17700000.0
2023-11-21,Kosovo,Belarus,0,1,European Champ qual,Kosovo,1500,1469,77,89,114280000.0,14000000.0
2023-11-21,Romania,Switzerland,1,0,European Champ qual,Romania,1674,1791,48,26,97200000.0,317600000.0
2023-11-21,Wales,Turkey,1,1,European Champ qual,Wales,1695,1765,45,29,199050000.0,522700000.0
2023-11-21,Australia,Palestine,1,0,World Cup & As Cup q,Kuwait,1784,1409,27,102,51330000.0,7630000.0
2023-11-21,Bahrain,United Arab Emirates,0,2,World Cup & As Cup q,Bahrain,1449,1528,94,72,6230000.0,31130000.0
2023-11-21,Japan,Syria,5,0,World Cup & As Cup q,Saudi Arabia,1905,1426,13,98,263899999.0,7200000.0
2023-11-21,China,South Korea,0,3,World Cup & As Cup q,China,1464,1799,91,24,12480000.0,142200000.0
2023-11-21,Hong Kong,Turkmenistan,2,2,World Cup & As Cup q,Hong Kong,1068,1222,179,158,3600000.0,2950000.0
2023-11-21,India,Qatar,0,3,World Cup & As Cup q,India,1262,1534,151,70,4800000.0,17930000.0
2023-11-21,Greece,France,2,2,European Champ qual,Greece,1728,2109,38,2,315600000.0,1470000000.0
2023-11-21,Jordan,Saudi Arabia,0,2,World Cup & As Cup q,Jordan,1516,1586,75,63,16079999.0,27630000.0
2023-11-21,Bangladesh,Lebanon,1,1,World Cup & As Cup q,Bangladesh,939,1300,194,141,7740000.0,6430000.0
2023-11-21,Gibraltar,Netherlands,0,6,European Champ qual,Portugal,1057,1970,181,10,1380000.0,766000000.0
2023-11-21,Nicaragua,Dominican Republic,0,0,CONCACAF Nat League B,Nicaragua,1332,1205,128,160,2580000.0,18030000.0
2023-11-21,Andorra,Israel,0,2,European Champ qual,Andorra,1102,1602,173,61,3340000.0,86900000.0
2023-11-21,St Vincent & Grenadines,Belize,3,0,CONCACAF Nat League B,Grenada,1072,1061,178,180,0.0,375000.0
2023-11-21,Puerto Rico,Bahamas,6,1,CONCACAF Nat League B,Puerto Rico,1147,816,165,208,1180000.0,0.0
2023-11-21,Guyana,Antigua and Barbuda,6,0,CONCACAF Nat League B,the Dominican Republic,1273,1011,147,186,1500000.0,650000.0
2023-11-21,French Guiana,Bermuda,3,0,CONCACAF Nat League B,Martinique,1286,1147,145,165,125000.0,375000.0
2023-11-21,Mexico,Honduras,2,0,CONCACAF Nat League A,Mexico,1799,1531,24,71,79800000.0,16300000.0
2023-11-21,Canada,Jamaica,2,3,CONCACAF Nat League A,Canada,1705,1617,43,56,129050000.0,53850000.0
2023-11-21,Uruguay,Bolivia,3,0,World Cup qualifier,Uruguay,2006,1611,7,59,362450000.0,19280000.0
2023-11-21,Peru,Venezuela,1,1,World Cup qualifier,Peru,1742,1761,35,31,28900000.0,62780000.0
2023-11-21,Brazil,Argentina,0,1,World Cup qualifier,Brazil,2011,2139,6,1,908700000.0,761200000.0
2023-11-21,Ecuador,Chile,1,0,World Cup qualifier,Ecuador,1883,1700,15,44,366730000.0,72700000.0
2023-11-21,Kuwait,Afghanistan,4,0,World Cup & As Cup q,Saudi Arabia,1370,1077,112,177,4350000.0,325000.0
2023-11-21,Croatia,Armenia,1,0,European Champ qual,Croatia,1951,1469,11,89,357300000.0,40380000.0
2023-11-21,Paraguay,Colombia,0,1,World Cup qualifier,Paraguay,1706,1974,42,9,134450000.0,300500000.0
2023-11-21,Myanmar,North Korea,1,6,World Cup & As Cup q,Myanmar,910,1370,198,112,3130000.0,6850000.0
2023-11-21,Nepal,Yemen,0,2,World Cup & As Cup q,Nepal,902,1104,200,172,1330000.0,1850000.0
2023-11-21,Kyrgyzstan,Oman,1,0,World Cup & As Cup q,Kyrgyzstan,1257,1544,152,69,7580000.0,6100000.0
2023-11-21,Fiji,Tahiti,0,0,Pacific Games,the Solomon Islands,1193,1151,162,164,2450000.0,60000.0
2023-11-21,Cook Islands,Tonga,2,1,Pacific Games,the Solomon Islands,691,513,221,238,0.0,10000.0
2023-11-21,Uganda,Somalia,1,0,World Cup qualifier,Morocco,1365,894,114,201,8750000.0,860000.0
2023-11-21,Togo,Senegal,0,0,World Cup qualifier,Togo,1393,1731,105,37,29680000.0,474000000.0
2023-11-21,Tanzania,Morocco,0,2,World Cup qualifier,Tanzania,1347,1846,119,17,7530000.0,456000000.0
2023-11-21,Rwanda,South Africa,2,0,World Cup qualifier,Rwanda,1304,1486,136,84,6800000.0,41150000.0
2023-11-21,Niger,Zambia,2,1,World Cup qualifier,Morocco,1237,1487,157,83,9980000.0,14630000.0
2023-11-21,Namibia,Sao Tome and Principe,2,0,World Cup qualifier,Morocco,1377,1054,110,182,2080000.0,1430000.0
2023-11-21,Mauritius,Angola,0,0,World Cup qualifier,Mauritius,1043,1384,184,108,850000.0,52200000.0
2023-11-21,Mauritania,South Sudan,0,0,World Cup qualifier,Senegal,1389,1144,107,167,23600000.0,1600000.0
2023-11-21,Libya,Cameroon,1,1,World Cup qualifier,Libya,1357,1617,116,56,11430000.0,197400000.0
2023-11-21,Pakistan,Tajikistan,1,6,World Cup & As Cup q,Pakistan,831,1375,207,111,3440000.0,7700000.0
2023-11-21,Malawi,Tunisia,0,1,World Cup qualifier,Malawi,1348,1738,118,36,2049999.0,66550000.0
2023-11-21,Philippines,Indonesia,1,1,World Cup & As Cup q,the Philippines,1053,1285,183,146,6430000.0,30580000.0
2023-11-21,Singapore,Thailand,1,3,World Cup & As Cup q,Singapore,1118,1384,170,108,4380000.0,6380000.0
2023-11-21,Uzbekistan,Iran,2,2,World Cup & As Cup q,Uzbekistan,1640,1827,52,20,79280000.0,34680000.0
2023-11-21,Taiwan,Malaysia,0,1,World Cup & As Cup q,Taiwan,925,1302,196,138,1920000.0,7130000.0
2023-11-21,Benin,Lesotho,0,0,World Cup qualifier,South Africa,1341,1241,124,156,17080000.0,675000.0
2023-11-21,Botswana,Guinea,1,0,World Cup qualifier,Botswana,1343,1422,123,100,3080000.0,74250000.0
2023-11-21,Burkina Faso,Ethiopia,3,0,World Cup qualifier,Morocco,1564,1299,66,142,121230000.0,2780000.0
2023-11-21,Cape Verde,Eswatini,2,0,World Cup qualifier,South Africa,1479,1255,87,154,53430000.0,1080000.0
2023-11-21,Comoros,Ghana,1,0,World Cup qualifier,the Comoros,1273,1548,147,68,3280000.0,220780000.0
2023-11-21,Vietnam,Iraq,0,1,World Cup & As Cup q,Vietnam,1393,1621,105,55,6380000.0,19780000.0
2023-11-23,Solomon Islands,Eastern Samoa,11,0,Pacific Games,the Solomon Islands,1301,446,140,240,450000.0,0.0
2023-11-23,Papua New Guinea,Vanuatu,1,1,Pacific Games,the Solomon Islands,1135,1118,169,170,0.0,585000.0
2023-11-24,New Caledonia,Cook Islands,8,0,Pacific Games,the Solomon Islands,1205,686,160,222,5200000.0,0.0
2023-11-24,Tahiti,Northern Mariana Islands,5,0,Pacific Games,the Solomon Islands,1152,403,164,242,60000.0,0.0
2023-11-27,Tahiti,Samoa,2,1,Pacific Games,the Solomon Islands,1155,698,163,219,60000.0,350000.0
2023-11-27,Northern Mariana Islands,Eastern Samoa,4,0,Pacific Games,the Solomon Islands,445,404,240,242,0.0,0.0
2023-11-27,Tuvalu,Tonga,4,0,Pacific Games,the Solomon Islands,745,496,214,238,0.0,10000.0
2023-11-28,Solomon Islands,Fiji,2,0,Pacific Games,the Solomon Islands,1315,1179,134,162,450000.0,2450000.0
2023-11-28,New Caledonia,Vanuatu,1,0,Pacific Games,the Solomon Islands,1220,1103,159,172,5200000.0,585000.0
2023-11-30,Tonga,Eastern Samoa,6,2,Pacific Games,the Solomon Islands,524,376,238,243,10000.0,0.0
2023-11-30,Tahiti,Papua New Guinea,2,0,Pacific Games,the Solomon Islands,1183,1107,162,170,60000.0,0.0
2023-12-01,Fiji,Vanuatu,4,2,Pacific Games,the Solomon Islands,1203,1079,162,175,2450000.0,585000.0
2023-12-02,Solomon Islands,New Caledonia,2,2,Pacific Games,the Solomon Islands,1305,1230,136,158,450000.0,5200000.0
2024-01-12,Qatar,Lebanon,3,0,Asian Cup,Qatar,1533,1297,70,142,17930000.0,6430000.0
2024-01-13,Syria,Uzbekistan,0,0,Asian Cup,Qatar,1432,1633,96,53,7200000.0,79280000.0
2024-01-13,China,Tajikistan,0,0,Asian Cup,Qatar,1430,1382,98,111,12480000.0,7700000.0
2024-01-13,Australia,India,2,0,Asian Cup,Qatar,1791,1259,26,152,51330000.0,4800000.0
2024-01-13,Ivory Coast,Guinea-Bissau,2,0,African Nations Cup,Ivory Coast,1654,1398,50,104,514900000.0,41400000.0
2024-01-14,Japan,Vietnam,4,2,Asian Cup,Qatar,1913,1376,13,113,263899999.0,6380000.0
2024-01-14,Cape Verde,Ghana,2,1,African Nations Cup,Ivory Coast,1505,1511,77,75,53430000.0,220780000.0
2024-01-14,Egypt,Mozambique,2,2,African Nations Cup,Ivory Coast,1668,1381,48,112,108830000.0,30100000.0
2024-01-14,United Arab Emirates,Hong Kong,3,1,Asian Cup,Qatar,1524,1075,72,178,31130000.0,3600000.0
2024-01-14,Iran,Palestine,4,1,Asian Cup,Qatar,1837,1403,18,103,34680000.0,7630000.0
2024-01-14,Equatorial Guinea,Nigeria,1,1,African Nations Cup,Ivory Coast,1509,1561,76,67,12050000.0,218080000.0
2024-01-15,Cameroon,Guinea,1,1,African Nations Cup,Ivory Coast,1602,1455,60,93,197400000.0,74250000.0
2024-01-15,South Korea,Bahrain,3,1,Asian Cup,Qatar,1812,1417,22,101,142200000.0,6230000.0
2024-01-15,Jordan,Malaysia,4,0,Asian Cup,Qatar,1535,1283,69,145,16079999.0,7130000.0
2024-01-15,Iraq,Indonesia,3,1,Asian Cup,Qatar,1625,1253,55,154,19780000.0,30580000.0
2024-01-15,Senegal,Gambia,3,0,African Nations Cup,Ivory Coast,1743,1385,35,108,474000000.0,72280000.0
2024-01-15,Algeria,Angola,1,1,African Nations Cup,Ivory Coast,1715,1425,39,99,227850000.0,52200000.0
2024-01-16,Burkina Faso,Mauritania,1,0,African Nations Cup,Ivory Coast,1584,1384,63,110,121230000.0,23600000.0
2024-01-16,Mali,South Africa,2,0,African Nations Cup,Ivory Coast,1643,1455,51,92,35700000.0,41150000.0
2024-01-16,Namibia,Tunisia,1,0,African Nations Cup,Ivory Coast,1428,1689,99,46,2080000.0,66550000.0
2024-01-16,Saudi Arabia,Oman,2,1,Asian Cup,Qatar,1610,1544,59,68,27630000.0,6100000.0
2024-01-16,Thailand,Kyrgyzstan,2,0,Asian Cup,Qatar,1409,1245,103,155,6380000.0,7580000.0
2024-01-17,Qatar,Tajikistan,1,0,Asian Cup,Qatar,1543,1372,69,113,17930000.0,7700000.0
2024-01-17,China,Lebanon,0,0,Asian Cup,Qatar,1421,1306,101,136,12480000.0,6430000.0
2024-01-17,Morocco,Tanzania,3,0,African Nations Cup,Ivory Coast,1852,1342,16,123,456000000.0,7530000.0
2024-01-17,DR Congo,Zambia,1,1,African Nations Cup,Ivory Coast,1486,1491,84,82,153500000.0,14630000.0
2024-01-18,Uzbekistan,India,3,0,Asian Cup,Qatar,1642,1250,51,153,79280000.0,4800000.0
2024-01-18,Palestine,United Arab Emirates,1,1,Asian Cup,Qatar,1411,1516,103,75,7630000.0,31130000.0
2024-01-18,Australia,Syria,1,0,Asian Cup,Qatar,1797,1426,25,98,51330000.0,7200000.0
2024-01-18,Ivory Coast,Nigeria,0,1,African Nations Cup,Ivory Coast,1616,1599,57,63,514900000.0,218080000.0
2024-01-18,Equatorial Guinea,Guinea-Bissau,4,2,African Nations Cup,Ivory Coast,1535,1372,70,112,12050000.0,41400000.0
2024-01-18,Egypt,Ghana,2,2,African Nations Cup,Ivory Coast,1657,1522,49,73,108830000.0,220780000.0
2024-01-19,Cape Verde,Mozambique,3,0,African Nations Cup,Ivory Coast,1534,1352,72,115,53430000.0,30100000.0
2024-01-19,Guinea,Gambia,1,0,African Nations Cup,Ivory Coast,1475,1365,88,113,74250000.0,72280000.0
2024-01-19,Senegal,Cameroon,3,1,African Nations Cup,Ivory Coast,1766,1579,29,64,474000000.0,197400000.0
2024-01-19,Iran,Hong Kong,1,0,Asian Cup,Qatar,1838,1074,18,178,34680000.0,3600000.0
2024-01-19,Iraq,Japan,2,1,Asian Cup,Qatar,1667,1871,48,15,19780000.0,263899999.0
2024-01-19,Indonesia,Vietnam,1,0,Asian Cup,Qatar,1286,1343,143,121,30580000.0,6380000.0
2024-01-20,Jordan,South Korea,2,2,Asian Cup,Qatar,1552,1795,67,25,16079999.0,142200000.0
2024-01-20,Bahrain,Malaysia,1,0,Asian Cup,Qatar,1433,1267,97,148,6230000.0,7130000.0
2024-01-20,Mali,Tunisia,1,1,African Nations Cup,Ivory Coast,1646,1686,51,46,35700000.0,66550000.0
2024-01-20,Angola,Mauritania,3,2,African Nations Cup,Ivory Coast,1447,1362,94,113,52200000.0,23600000.0
2024-01-20,Algeria,Burkina Faso,2,2,African Nations Cup,Ivory Coast,1706,1593,40,63,227850000.0,121230000.0
2024-01-21,DR Congo,Morocco,1,1,African Nations Cup,Ivory Coast,1506,1832,78,20,153500000.0,456000000.0
2024-01-21,South Africa,Namibia,4,0,African Nations Cup,Ivory Coast,1498,1385,81,107,41150000.0,2080000.0
2024-01-21,Saudi Arabia,Kyrgyzstan,2,0,Asian Cup,Qatar,1618,1237,56,156,27630000.0,7580000.0
2024-01-21,Oman,Thailand,0,0,Asian Cup,Qatar,1535,1418,70,102,6100000.0,6380000.0
2024-01-21,Tanzania,Zambia,1,1,African Nations Cup,Ivory Coast,1352,1481,115,87,7530000.0,14630000.0
2024-01-22,Tajikistan,Lebanon,2,1,Asian Cup,Qatar,1392,1286,106,142,7700000.0,6430000.0
2024-01-22,Qatar,China,1,0,Asian Cup,Qatar,1554,1410,67,103,17930000.0,12480000.0
2024-01-22,Nigeria,Guinea-Bissau,1,0,African Nations Cup,Ivory Coast,1610,1361,59,115,218080000.0,41400000.0
2024-01-22,Ivory Coast,Equatorial Guinea,0,4,African Nations Cup,Ivory Coast,1547,1604,70,61,514900000.0,12050000.0
2024-01-22,Ghana,Mozambique,2,2,African Nations Cup,Ivory Coast,1511,1363,77,112,220780000.0,30100000.0
2024-01-22,Cape Verde,Egypt,2,2,African Nations Cup,Ivory Coast,1542,1649,71,50,53430000.0,108830000.0
2024-01-23,Angola,Burkina Faso,2,0,African Nations Cup,Ivory Coast,1499,1541,81,71,52200000.0,121230000.0
2024-01-23,Cameroon,Gambia,3,2,African Nations Cup,Ivory Coast,1590,1354,63,115,197400000.0,72280000.0
2024-01-23,Mauritania,Algeria,1,0,African Nations Cup,Ivory Coast,1406,1662,105,48,23600000.0,227850000.0
2024-01-23,Senegal,Guinea,2,0,African Nations Cup,Ivory Coast,1778,1463,28,92,474000000.0,74250000.0
2024-01-23,Australia,Uzbekistan,1,1,Asian Cup,Qatar,1787,1652,27,50,51330000.0,79280000.0
2024-01-23,Palestine,Hong Kong,3,0,Asian Cup,Qatar,1422,1063,101,179,7630000.0,3600000.0
2024-01-23,Syria,India,1,0,Asian Cup,Qatar,1439,1237,96,155,7200000.0,4800000.0
2024-01-23,Iran,United Arab Emirates,2,1,Asian Cup,Qatar,1845,1509,17,77,34680000.0,31130000.0
2024-01-24,Japan,Indonesia,3,1,Asian Cup,Qatar,1873,1284,15,144,263899999.0,30580000.0
2024-01-24,Iraq,Vietnam,3,2,Asian Cup,Qatar,1674,1336,45,126,19780000.0,6380000.0
2024-01-24,South Africa,Tunisia,0,0,African Nations Cup,Ivory Coast,1510,1674,77,45,41150000.0,66550000.0
2024-01-24,Morocco,Zambia,1,0,African Nations Cup,Ivory Coast,1838,1475,18,89,456000000.0,14630000.0
2024-01-24,Mali,Namibia,0,0,African Nations Cup,Ivory Coast,1630,1401,55,106,35700000.0,2080000.0
2024-01-24,DR Congo,Tanzania,0,0,African Nations Cup,Ivory Coast,1496,1362,83,113,153500000.0,7530000.0
2024-01-25,Bahrain,Jordan,1,0,Asian Cup,Qatar,1466,1519,92,73,6230000.0,16079999.0
2024-01-25,Kyrgyzstan,Oman,1,1,Asian Cup,Qatar,1254,1518,153,74,7580000.0,6100000.0
2024-01-25,Saudi Arabia,Thailand,0,0,Asian Cup,Qatar,1605,1431,60,100,27630000.0,6380000.0
2024-01-25,Malaysia,South Korea,3,3,Asian Cup,Qatar,1290,1772,141,28,7130000.0,142200000.0
2024-01-27,Nigeria,Cameroon,2,0,African Nations Cup,Ivory Coast,1645,1555,52,65,218080000.0,197400000.0
2024-01-27,Angola,Namibia,3,0,African Nations Cup,Ivory Coast,1531,1369,71,111,52200000.0,2080000.0
2024-01-28,Tajikistan,United Arab Emirates,1,1,Asian Cup,Qatar,1400,1501,106,81,7700000.0,31130000.0
2024-01-28,Australia,Indonesia,4,0,Asian Cup,Qatar,1792,1279,25,146,51330000.0,30580000.0
2024-01-28,Guinea,Equatorial Guinea,1,0,African Nations Cup,Ivory Coast,1498,1569,83,63,74250000.0,12050000.0
2024-01-28,DR Congo,Egypt,1,1,African Nations Cup,Ivory Coast,1506,1639,79,53,153500000.0,108830000.0
2024-01-29,Qatar,Palestine,2,1,Asian Cup,Qatar,1564,1412,65,102,17930000.0,7630000.0
2024-01-29,Jordan,Iraq,3,2,Asian Cup,Qatar,1554,1639,69,52,16079999.0,19780000.0
2024-01-29,Ivory Coast,Senegal,1,1,African Nations Cup,Ivory Coast,1556,1769,67,28,514900000.0,474000000.0
2024-01-29,Cape Verde,Mauritania,1,0,African Nations Cup,Ivory Coast,1558,1390,66,107,53430000.0,23600000.0
2024-01-30,Mali,Burkina Faso,2,1,African Nations Cup,Ivory Coast,1649,1522,50,74,35700000.0,121230000.0
2024-01-30,South Africa,Morocco,2,0,African Nations Cup,Ivory Coast,1575,1773,63,26,41150000.0,456000000.0
2024-01-30,Uzbekistan,Thailand,2,1,Asian Cup,Qatar,1663,1420,47,101,79280000.0,6380000.0
2024-01-30,Saudi Arabia,South Korea,1,1,Asian Cup,Qatar,1616,1761,58,30,27630000.0,142200000.0
2024-01-31,Iran,Syria,1,1,Asian Cup,Qatar,1824,1460,20,93,34680000.0,7200000.0
2024-01-31,Japan,Bahrain,3,1,Asian Cup,Qatar,1880,1459,15,94,263899999.0,6230000.0
2024-02-02,South Korea,Australia,2,1,Asian Cup,Qatar,1788,1765,25,28,142200000.0,51330000.0
2024-02-02,Jordan,Tajikistan,1,0,Asian Cup,Qatar,1569,1385,64,108,16079999.0,7700000.0
2024-02-02,Nigeria,Angola,1,0,African Nations Cup,Ivory Coast,1662,1514,48,77,218080000.0,52200000.0
2024-02-02,DR Congo,Guinea,3,1,African Nations Cup,Ivory Coast,1543,1461,72,92,153500000.0,74250000.0
2024-02-03,Qatar,Uzbekistan,1,1,Asian Cup,Qatar,1564,1663,68,47,17930000.0,79280000.0
2024-02-03,Iran,Japan,2,1,Asian Cup,Qatar,1853,1851,15,16,34680000.0,263899999.0
2024-02-03,Ivory Coast,Mali,2,1,African Nations Cup,Ivory Coast,1580,1625,63,56,514900000.0,35700000.0
2024-02-03,Cape Verde,South Africa,0,0,African Nations Cup,Ivory Coast,1559,1574,69,64,53430000.0,41150000.0
2024-02-06,Jordan,South Korea,2,0,Asian Cup,Qatar,1627,1730,56,36,16079999.0,142200000.0
2024-02-07,Ivory Coast,DR Congo,1,0,African Nations Cup,Ivory Coast,1596,1527,64,72,514900000.0,153500000.0
2024-02-07,Qatar,Iran,3,2,Asian Cup,Qatar,1601,1816,63,20,17930000.0,34680000.0
2024-02-07,Nigeria,South Africa,1,1,African Nations Cup,Ivory Coast,1656,1580,50,66,218080000.0,41150000.0
2024-02-10,Qatar,Jordan,3,1,Asian Cup,Qatar,1631,1597,55,63,17930000.0,16079999.0
2024-02-10,DR Congo,South Africa,0,0,African Nations Cup,Ivory Coast,1531,1576,72,66,153500000.0,41150000.0
2024-02-11,Ivory Coast,Nigeria,2,1,African Nations Cup,Ivory Coast,1618,1634,58,54,514900000.0,218080000.0
2024-03-20,Eswatini,Somalia,3,0,African Nations Cup qual,Morocco,1263,886,152,201,1080000.0,860000.0
2024-03-20,Liberia,Djibouti,2,0,African Nations Cup qual,Morocco,1264,913,150,197,14150000.0,575000.0
2024-03-20,Tonga,Samoa,1,4,Oceania Cup qualifier,Tonga,496,726,238,215,10000.0,350000.0
2024-03-21,Iraq,Philippines,1,0,World Cup & As Cup q,Iraq,1640,1052,51,182,19780000.0,6430000.0
2024-03-21,Iran,Turkmenistan,5,0,World Cup & As Cup q,Iran,1817,1215,21,161,34680000.0,2950000.0
2024-03-21,Indonesia,Vietnam,1,0,World Cup & As Cup q,Indonesia,1297,1318,139,132,30580000.0,6380000.0
2024-03-21,Hong Kong,Uzbekistan,0,2,World Cup & As Cup q,Hong Kong,1060,1666,180,47,3600000.0,79280000.0
2024-03-21,Afghanistan,India,0,0,World Cup & As Cup q,Saudi Arabia,1086,1228,175,158,325000.0,4800000.0
2024-03-21,Bahrain,Nepal,5,0,World Cup & As Cup q,Bahrain,1461,898,92,200,6230000.0,1330000.0
2024-03-21,Australia,Lebanon,2,0,World Cup & As Cup q,Australia,1767,1284,29,144,51330000.0,6430000.0
2024-03-21,Japan,North Korea,1,0,World Cup & As Cup q,Japan,1852,1369,16,110,263899999.0,6850000.0
2024-03-21,Lithuania,Gibraltar,1,0,European Nations League C,Portugal,1326,1050,128,183,18550000.0,1380000.0
2024-03-21,Poland,Estonia,5,1,European Champ qual,Poland,1714,1357,39,115,214000000.0,7000000.0
2024-03-21,Iceland,Israel,4,1,European Champ qual,Hungary,1550,1557,72,70,74000000.0,86900000.0
2024-03-21,Greece,Kazakhstan,5,0,European Champ qual,Greece,1738,1477,35,88,315600000.0,17700000.0
2024-03-21,Georgia,Luxembourg,2,0,European Champ qual,Georgia,1650,1507,50,80,199050000.0,32900000.0
2024-03-21,Bosnia and Herzegovina,Ukraine,1,2,European Champ qual,Bosnia and Herzegovina,1478,1857,87,15,133400000.0,288200000.0
2024-03-21,United States,Jamaica,3,1,CONCACAF Nat League,the United States,1772,1610,27,61,356700000.0,53850000.0
2024-03-21,Mexico,Panama,3,0,CONCACAF Nat League,the United States,1826,1733,19,36,79800000.0,32400000.0
2024-03-21,Myanmar,Syria,1,1,World Cup & As Cup q,Myanmar,927,1443,196,96,3130000.0,7200000.0
2024-03-21,Wales,Finland,4,1,European Champ qual,Wales,1715,1621,38,57,199050000.0,41700000.0
2024-03-21,Oman,Malaysia,2,0,World Cup & As Cup q,Oman,1526,1284,74,144,6100000.0,7130000.0
2024-03-21,Palestine,Bangladesh,5,0,World Cup & As Cup q,Kuwait,1417,938,102,194,7630000.0,7740000.0
2024-03-21,Guinea,Vanuatu,6,0,FIFA Series,Saudi Arabia,1467,1073,91,177,74250000.0,585000.0
2024-03-21,Pakistan,Jordan,0,3,World Cup & As Cup q,Pakistan,830,1598,207,63,3440000.0,16079999.0
2024-03-21,Andorra,South Africa,1,1,FIFA Series,Algeria,1115,1563,170,68,3340000.0,41150000.0
2024-03-21,United Arab Emirates,Yemen,2,1,World Cup & As Cup q,the United Arab Emirates,1503,1102,81,172,31130000.0,1850000.0
2024-03-21,Taiwan,Kyrgyzstan,0,2,World Cup & As Cup q,Taiwan,912,1267,198,149,1920000.0,7580000.0
2024-03-21,South Korea,Thailand,1,1,World Cup & As Cup q,South Korea,1713,1437,40,99,142200000.0,6380000.0
2024-03-21,Singapore,China,2,2,World Cup & As Cup q,Singapore,1128,1400,169,103,4380000.0,12480000.0
2024-03-21,Saudi Arabia,Tajikistan,1,0,World Cup & As Cup q,Saudi Arabia,1621,1380,57,108,27630000.0,7700000.0
2024-03-21,Qatar,Kuwait,3,0,World Cup & As Cup q,Qatar,1638,1333,53,126,17930000.0,4350000.0
2024-03-21,Cape Verde,Guyana,1,0,FIFA Series,Saudi Arabia,1564,1268,67,148,53430000.0,1500000.0
2024-03-22,Bermuda,Brunei,2,0,FIFA Series,Saudi Arabia,1149,596,165,232,375000.0,680000.0
2024-03-22,Central African Republic,Bhutan,6,0,FIFA Series,Sri Lanka,1303,622,137,229,6980000.0,690000.0
2024-03-22,Bulgaria,Tanzania,1,0,FIFA Series,Azerbaijan,1468,1351,90,115,29750000.0,7530000.0
2024-03-22,Azerbaijan,Mongolia,1,0,FIFA Series,Azerbaijan,1497,794,84,210,16230000.0,500000.0
2024-03-22,Algeria,Bolivia,3,2,FIFA Series,Algeria,1671,1602,46,62,227850000.0,19280000.0
2024-03-22,Sao Tome and Principe,South Sudan,1,1,African Nations Cup qual,Morocco,1059,1139,181,167,1430000.0,1600000.0
2024-03-22,Chad,Mauritius,1,0,African Nations Cup qual,Cameroon,1169,1029,164,184,6100000.0,850000.0
2024-03-22,US Virgin Islands,British Virgin Islands,1,1,World Cup qualifier,the US VirgIslands,610,661,231,227,0.0,0.0
2024-03-22,Anguilla,Turks and Caicos Islands,0,0,World Cup qualifier,Anguilla,558,698,236,220,0.0,50000.0
2024-03-22,Egypt,New Zealand,1,0,FIFA Series and Capital Cup,Egypt,1646,1518,51,75,108830000.0,31700000.0
2024-03-22,Equatorial Guinea,Cambodia,2,0,FIFA Series,Saudi Arabia,1570,847,65,205,12050000.0,2480000.0
2024-03-22,Sri Lanka,Papua New Guinea,0,0,FIFA Series,Sri Lanka,700,1096,217,172,885000.0,0.0
2024-03-23,Canada,Trinidad and Tobago,2,0,Copa America qualifier,the United States,1715,1417,38,101,129050000.0,10100000.0
2024-03-23,Costa Rica,Honduras,3,1,Copa America qualifier,the United States,1606,1490,62,85,18700000.0,16300000.0
2024-03-23,Samoa,Cook Islands,1,0,Oceania Cup qualifier,Tonga,744,668,215,224,350000.0,0.0
2024-03-23,Croatia,Tunisia,0,0,FIFA Series and Capital Cup,Egypt,1941,1684,12,45,357300000.0,66550000.0
2024-03-24,Jamaica,Panama,1,0,CONCACAF Nat League,the United States,1637,1706,55,42,53850000.0,32400000.0
2024-03-25,Central African Republic,Papua New Guinea,4,0,FIFA Series,Sri Lanka,1316,1083,134,175,6980000.0,0.0
2024-03-25,Azerbaijan,Bulgaria,1,1,FIFA Series,Azerbaijan,1492,1473,84,90,16230000.0,29750000.0
2024-03-25,Bolivia,Andorra,1,0,FIFA Series,Algeria,1604,1113,63,170,19280000.0,3340000.0
2024-03-25,Cape Verde,Equatorial Guinea,1,0,FIFA Series,Saudi Arabia,1579,1555,65,69,53430000.0,12050000.0
2024-03-25,Guinea,Bermuda,5,1,FIFA Series,Saudi Arabia,1475,1141,89,165,74250000.0,375000.0
2024-03-25,Sri Lanka,Bhutan,2,0,FIFA Series,Sri Lanka,712,610,217,230,885000.0,690000.0
2024-03-25,Tanzania,Mongolia,3,0,FIFA Series,Azerbaijan,1353,792,117,210,7530000.0,500000.0
2024-03-26,Uzbekistan,Hong Kong,3,0,World Cup & As Cup q,Uzbekistan,1667,1059,46,180,79280000.0,3600000.0
2024-03-26,Vietnam,Indonesia,0,3,World Cup & As Cup q,Vietnam,1271,1344,148,121,6380000.0,30580000.0
2024-03-26,Georgia,Greece,0,0,European Champ qual,Georgia,1649,1739,50,34,199050000.0,315600000.0
2024-03-26,Ukraine,Iceland,2,1,European Champ qual,Poland,1863,1544,15,72,288200000.0,74000000.0
2024-03-26,Wales,Poland,0,0,European Champ qual,Wales,1709,1720,41,38,199050000.0,214000000.0
2024-03-26,Lithuania,Gibraltar,1,0,European Nations League C,Lithuania,1330,1046,126,182,18550000.0,1380000.0
2024-03-26,Mauritius,Chad,1,2,African Nations Cup qual,Mauritius,1011,1187,185,163,850000.0,6100000.0
2024-03-26,Liberia,Djibouti,0,0,African Nations Cup qual,Liberia,1247,930,153,196,14150000.0,575000.0
2024-03-26,Sao Tome and Principe,South Sudan,0,0,African Nations Cup qual,Morocco,1064,1134,179,167,1430000.0,1600000.0
2024-03-26,Tonga,Cook Islands,0,1,Oceania Cup qualifier,Tonga,480,684,239,222,10000.0,0.0
2024-03-26,Algeria,South Africa,3,3,FIFA Series,Algeria,1663,1571,48,66,227850000.0,41150000.0
2024-03-26,Eswatini,Somalia,2,2,African Nations Cup qual,South Africa,1247,902,153,200,1080000.0,860000.0
2024-03-26,United Arab Emirates,Yemen,3,0,World Cup & As Cup q,Saudi Arabia,1509,1096,79,172,31130000.0,1850000.0
2024-03-26,Syria,Myanmar,7,0,World Cup & As Cup q,Saudi Arabia,1447,923,96,197,7200000.0,3130000.0
2024-03-26,Tajikistan,Saudi Arabia,1,1,World Cup & As Cup q,Tajikistan,1388,1613,109,59,7700000.0,27630000.0
2024-03-26,Philippines,Iraq,0,5,World Cup & As Cup q,the Philippines,1047,1645,181,53,6430000.0,19780000.0
2024-03-26,Malaysia,Oman,0,2,World Cup & As Cup q,Malaysia,1266,1544,151,72,7130000.0,6100000.0
2024-03-26,Kyrgyzstan,Taiwan,5,1,World Cup & As Cup q,Kyrgyzstan,1272,907,146,198,7580000.0,1920000.0
2024-03-26,Kuwait,Qatar,1,2,World Cup & As Cup q,Kuwait,1324,1647,128,51,4350000.0,17930000.0
2024-03-26,Jordan,Pakistan,7,0,World Cup & As Cup q,Jordan,1599,829,64,207,16079999.0,3440000.0
2024-03-26,India,Afghanistan,1,2,World Cup & As Cup q,India,1196,1118,162,170,4800000.0,325000.0
2024-03-26,China,Singapore,4,1,World Cup & As Cup q,China,1407,1121,104,169,12480000.0,4380000.0
2024-03-26,Bangladesh,Palestine,0,1,World Cup & As Cup q,Bangladesh,934,1421,195,100,7740000.0,7630000.0
2024-03-26,Bahrain,Nepal,3,0,World Cup & As Cup q,Bahrain,1463,896,92,201,6230000.0,1330000.0
2024-03-26,Australia,Lebanon,5,0,World Cup & As Cup q,Australia,1770,1281,29,144,51330000.0,6430000.0
2024-03-26,Turks and Caicos Islands,Anguilla,1,1,World Cup qualifier,Turks and Caicos Islands,686,570,221,235,50000.0,0.0
2024-03-26,British Virgin Islands,US Virgin Islands,0,0,World Cup qualifier,the British VirgIslands,653,618,227,230,0.0,0.0
2024-03-26,Thailand,South Korea,0,3,World Cup & As Cup q,Thailand,1418,1732,101,37,6380000.0,142200000.0
2024-03-26,Brunei,Vanuatu,3,2,FIFA Series,Saudi Arabia,624,1045,229,183,680000.0,585000.0
2024-03-26,Turkmenistan,Iran,0,1,World Cup & As Cup q,Turkmenistan,1213,1819,160,20,2950000.0,34680000.0
2024-03-26,New Zealand,Tunisia,0,0,FIFA Series and Capital Cup,Egypt,1525,1677,75,45,31700000.0,66550000.0
2024-03-26,Egypt,Croatia,2,4,FIFA Series and Capital Cup,Egypt,1635,1952,55,12,108830000.0,357300000.0
2024-03-26,Guyana,Cambodia,4,1,FIFA Series,Saudi Arabia,1272,843,146,205,1500000.0,2480000.0
2024-06-05,Antigua and Barbuda,Bermuda,1,1,World Cup qualifier,Antigua and Barbuda,1013,1139,185,166,650000.0,375000.0
2024-06-05,Curaçao,Barbados,4,1,World Cup qualifier,Curaçao,1341,934,121,194,28680000.0,200000.0
2024-06-05,Nicaragua,Montserrat,4,1,World Cup qualifier,Nicaragua,1327,1016,129,184,2580000.0,375000.0
2024-06-05,Suriname,St Vincent & Grenadines,4,1,World Cup qualifier,Suriname,1316,1075,135,178,37650000.0,0.0
2024-06-05,Trinidad and Tobago,Grenada,2,2,World Cup qualifier,Trinidad and Tobago,1410,1088,102,174,10100000.0,1750000.0
2024-06-05,Central African Republic,Chad,1,0,World Cup qualifier,Morocco,1329,1174,128,164,6980000.0,6100000.0
2024-06-05,Liberia,Namibia,1,1,World Cup qualifier,South Africa,1254,1359,153,113,14150000.0,2080000.0
2024-06-05,Sierra Leone,Djibouti,2,1,World Cup qualifier,Morocco,1311,926,136,196,13430000.0,575000.0
2024-06-05,Guatemala,Dominica,6,0,World Cup qualifier,Guatemala,1486,1007,86,187,5400000.0,0.0
2024-06-05,Tunisia,Equatorial Guinea,1,0,World Cup qualifier,Tunisia,1686,1546,45,71,66550000.0,12050000.0
2024-06-05,Togo,South Sudan,1,1,World Cup qualifier,Togo,1377,1149,109,165,29680000.0,1600000.0
2024-06-06,Senegal,DR Congo,1,1,World Cup qualifier,Senegal,1761,1546,30,72,474000000.0,153500000.0
2024-06-06,Mauritania,Sudan,0,2,World Cup qualifier,Mauritania,1350,1373,117,110,23600000.0,3250000.0
2024-06-06,Mali,Ghana,1,2,World Cup qualifier,Mali,1614,1532,59,75,35700000.0,220780000.0
2024-06-06,Malawi,Sao Tome and Principe,3,1,World Cup qualifier,Malawi,1307,1056,137,180,2049999.0,1430000.0
2024-06-06,Libya,Mauritius,2,1,World Cup qualifier,Libya,1410,1009,102,186,11430000.0,850000.0
2024-06-06,Guinea-Bissau,Ethiopia,0,0,World Cup qualifier,Guinea-Bissau,1350,1300,117,139,41400000.0,2780000.0
2024-06-06,Costa Rica,Saint Kitts and Nevis,4,0,World Cup qualifier,Costa Rica,1614,1077,59,177,18700000.0,575000.0
2024-06-06,Jamaica,Dominican Republic,1,0,World Cup qualifier,Jamaica,1639,1206,52,161,53850000.0,18030000.0
2024-06-06,Benin,Rwanda,1,0,World Cup qualifier,Ivory Coast,1365,1317,111,134,17080000.0,6800000.0
2024-06-06,Algeria,Guinea,1,2,World Cup qualifier,Algeria,1629,1509,53,80,227850000.0,74250000.0
2024-06-06,Panama,Guyana,2,0,World Cup qualifier,Panama,1709,1259,41,152,32400000.0,1500000.0
2024-06-06,Honduras,Cuba,3,1,World Cup qualifier,Honduras,1497,1294,83,140,16300000.0,2100000.0
2024-06-06,Haiti,Saint Lucia,2,1,World Cup qualifier,Barbados,1497,1088,83,173,56830000.0,250000.0
2024-06-06,El Salvador,Puerto Rico,0,0,World Cup qualifier,El Salvador,1381,1146,107,166,6960000.0,1180000.0
2024-06-06,Afghanistan,Qatar,0,0,World Cup & As Cup q,Saudi Arabia,1136,1629,169,53,325000.0,17930000.0
2024-06-06,Egypt,Burkina Faso,2,1,World Cup qualifier,Egypt,1643,1493,51,85,108830000.0,121230000.0
2024-06-06,Bahrain,Yemen,0,0,World Cup & As Cup q,Bahrain,1446,1113,95,171,6230000.0,1850000.0
2024-06-06,North Korea,Syria,1,0,World Cup & As Cup q,Laos,1393,1423,106,99,6850000.0,7200000.0
2024-06-06,China,Thailand,1,1,World Cup & As Cup q,China,1402,1423,104,99,12480000.0,6380000.0
2024-06-06,Vietnam,Philippines,3,2,World Cup & As Cup q,Vietnam,1276,1042,146,183,6380000.0,6430000.0
2024-06-06,Uzbekistan,Turkmenistan,3,1,World Cup & As Cup q,Uzbekistan,1669,1218,46,159,79280000.0,2950000.0
2024-06-06,United Arab Emirates,Nepal,4,0,World Cup & As Cup q,Saudi Arabia,1511,894,79,201,31130000.0,1330000.0
2024-06-06,Bangladesh,Australia,0,2,World Cup & As Cup q,Bangladesh,933,1771,195,27,7740000.0,51330000.0
2024-06-06,Singapore,South Korea,0,7,World Cup & As Cup q,Singapore,1116,1737,170,37,4380000.0,142200000.0
2024-06-06,Taiwan,Oman,0,3,World Cup & As Cup q,Taiwan,904,1547,198,71,1920000.0,6100000.0
2024-06-06,Myanmar,Japan,0,5,World Cup & As Cup q,Myanmar,922,1853,197,17,3130000.0,263899999.0
2024-06-06,Lebanon,Palestine,0,0,World Cup & As Cup q,Qatar,1289,1413,142,101,6430000.0,7630000.0
2024-06-06,Kyrgyzstan,Malaysia,1,1,World Cup & As Cup q,Kyrgyzstan,1266,1272,150,147,7580000.0,7130000.0
2024-06-06,Jordan,Tajikistan,3,0,World Cup & As Cup q,Jordan,1609,1378,63,108,16079999.0,7700000.0
2024-06-06,Indonesia,Iraq,0,2,World Cup & As Cup q,Indonesia,1327,1659,127,47,30580000.0,19780000.0
2024-06-06,India,Kuwait,0,0,World Cup & As Cup q,India,1198,1322,162,130,4800000.0,4350000.0
2024-06-06,Hong Kong,Iran,2,4,World Cup & As Cup q,Hong Kong,1058,1820,179,20,3600000.0,34680000.0
2024-06-06,Pakistan,Saudi Arabia,0,3,World Cup & As Cup q,Pakistan,828,1614,206,59,3440000.0,27630000.0
2024-06-07,Morocco,Zambia,2,1,World Cup qualifier,Morocco,1770,1478,28,89,456000000.0,14630000.0
2024-06-07,Nigeria,South Africa,1,1,World Cup qualifier,Nigeria,1618,1579,59,65,218080000.0,41150000.0
2024-06-07,Mozambique,Somalia,2,1,World Cup qualifier,Mozambique,1365,900,112,200,30100000.0,860000.0
2024-06-07,Madagascar,Comoros,2,1,World Cup qualifier,South Africa,1312,1282,135,146,8230000.0,3280000.0
2024-06-07,Uganda,Botswana,1,0,World Cup qualifier,Uganda,1373,1326,110,128,8750000.0,3080000.0
2024-06-07,Lesotho,Zimbabwe,2,0,World Cup qualifier,South Africa,1286,1284,143,144,675000.0,7100000.0
2024-06-07,Ivory Coast,Gabon,1,0,World Cup qualifier,Ivory Coast,1635,1424,53,97,514900000.0,34450000.0
2024-06-07,Burundi,Kenya,1,1,World Cup qualifier,Malawi,1284,1395,144,105,12450000.0,10930000.0
2024-06-07,Angola,Eswatini,1,0,World Cup qualifier,Angola,1510,1243,80,155,52200000.0,1080000.0
2024-06-08,Estonia,Faroe Islands,4,1,Baltic Cup,Estonia,1366,1255,112,153,7000000.0,4950000.0
2024-06-08,Gambia,Seychelles,5,1,World Cup qualifier,Morocco,1358,851,117,205,72280000.0,1030000.0
2024-06-08,Cameroon,Cape Verde,4,1,World Cup qualifier,Cameroon,1582,1552,65,70,197400000.0,53430000.0
2024-06-08,Trinidad and Tobago,Bahamas,7,1,World Cup qualifier,Saint Kitts and Nevis,1413,813,101,209,10100000.0,0.0
2024-06-08,Anguilla,Suriname,0,4,World Cup qualifier,Anguilla,600,1318,233,131,0.0,37650000.0
2024-06-08,British Virgin Islands,Guatemala,0,3,World Cup qualifier,the British VirgIslands,652,1487,227,87,0.0,5400000.0
2024-06-08,Belize,Nicaragua,0,4,World Cup qualifier,Belize,1056,1349,179,122,375000.0,2580000.0
2024-06-08,Aruba,Curaçao,0,2,World Cup qualifier,Aruba,985,1353,190,118,125000.0,28680000.0
2024-06-08,Latvia,Lithuania,0,2,Baltic Cup,Latvia,1312,1359,133,115,17530000.0,18550000.0
2024-06-08,Cayman Islands,Antigua and Barbuda,1,0,World Cup qualifier,the Cayman Islands,824,987,208,189,0.0,650000.0
2024-06-09,Grenada,Costa Rica,0,3,World Cup qualifier,Grenada,1082,1620,175,59,1750000.0,18700000.0
2024-06-09,El Salvador,St Vincent & Grenadines,3,1,World Cup qualifier,Suriname,1390,1066,107,177,6960000.0,0.0
2024-06-09,Panama,Montserrat,3,1,World Cup qualifier,Nicaragua,1710,1015,41,184,32400000.0,375000.0
2024-06-09,Bermuda,Honduras,1,6,World Cup qualifier,Bermuda,1124,1512,169,78,375000.0,16300000.0
2024-06-09,Barbados,Haiti,1,3,World Cup qualifier,Barbados,930,1501,196,84,200000.0,56830000.0
2024-06-09,Dominica,Jamaica,2,3,World Cup qualifier,Dominica,1005,1641,186,52,0.0,53850000.0
2024-06-09,DR Congo,Togo,1,0,World Cup qualifier,DR Congo,1553,1370,69,112,153500000.0,29680000.0
2024-06-09,Djibouti,Ethiopia,1,1,World Cup qualifier,Morocco,942,1284,193,143,575000.0,2780000.0
2024-06-09,Mauritania,Senegal,0,1,World Cup qualifier,Mauritania,1344,1767,124,30,23600000.0,474000000.0
2024-06-09,Liberia,Sao Tome and Principe,1,0,World Cup qualifier,Morocco,1264,1046,151,181,14150000.0,1430000.0
2024-06-09,Namibia,Tunisia,0,0,World Cup qualifier,South Africa,1374,1671,109,45,2080000.0,66550000.0
2024-06-10,Benin,Nigeria,2,1,World Cup qualifier,Ivory Coast,1397,1586,105,64,17080000.0,218080000.0
2024-06-10,Botswana,Somalia,3,1,World Cup qualifier,Mozambique,1331,895,125,200,3080000.0,860000.0
2024-06-10,Burkina Faso,Sierra Leone,2,2,World Cup qualifier,Mali,1483,1321,86,130,121230000.0,13430000.0
2024-06-10,Equatorial Guinea,Malawi,1,0,World Cup qualifier,Equatorial Guinea,1551,1302,72,137,12050000.0,2049999.0
2024-06-10,Guinea-Bissau,Egypt,1,1,World Cup qualifier,Guinea-Bissau,1360,1633,116,54,41400000.0,108830000.0
2024-06-10,Ghana,Central African Republic,4,3,World Cup qualifier,Ghana,1538,1323,75,128,220780000.0,6980000.0
2024-06-10,Uganda,Algeria,1,2,World Cup qualifier,Uganda,1361,1641,115,51,8750000.0,227850000.0
2024-06-10,Mozambique,Guinea,1,0,World Cup qualifier,Morocco,1393,1481,107,88,30100000.0,74250000.0
2024-06-11,Morocco,Congo,6,0,World Cup qualifier,Morocco,1773,1268,28,150,456000000.0,2600000.0
2024-06-11,Iran,Uzbekistan,0,0,World Cup & As Cup q,Iran,1808,1681,20,44,34680000.0,79280000.0
2024-06-11,Iraq,Vietnam,3,1,World Cup & As Cup q,Iraq,1663,1272,49,149,19780000.0,6380000.0
2024-06-11,Indonesia,Philippines,2,0,World Cup & As Cup q,Indonesia,1333,1036,126,183,30580000.0,6430000.0
2024-06-11,Australia,Palestine,5,0,World Cup & As Cup q,Australia,1776,1408,26,102,51330000.0,7630000.0
2024-06-11,Zambia,Tanzania,0,1,World Cup qualifier,Zambia,1446,1377,94,112,14630000.0,7530000.0
2024-06-11,South Sudan,Sudan,0,3,World Cup qualifier,South Sudan,1126,1396,168,108,1600000.0,3250000.0
2024-06-11,South Africa,Zimbabwe,3,1,World Cup qualifier,South Africa,1585,1278,65,146,41150000.0,7100000.0
2024-06-11,Rwanda,Lesotho,1,0,World Cup qualifier,South Africa,1335,1268,125,150,6800000.0,675000.0
2024-06-11,Mauritius,Eswatini,2,1,World Cup qualifier,Mauritius,1036,1216,183,158,850000.0,1080000.0
2024-06-11,Dominican Republic,British Virgin Islands,4,0,World Cup qualifier,the Dominican Republic,1208,650,160,227,18030000.0,0.0
2024-06-11,Ivory Coast,Kenya,0,0,World Cup qualifier,Malawi,1623,1407,57,103,514900000.0,10930000.0
2024-06-11,Gabon,Gambia,3,2,World Cup qualifier,Gabon,1435,1347,96,122,34450000.0,72280000.0
2024-06-11,Comoros,Chad,2,0,World Cup qualifier,Morocco,1303,1153,137,164,3280000.0,6100000.0
2024-06-11,Burundi,Seychelles,3,1,World Cup qualifier,Morocco,1289,846,141,204,12450000.0,1030000.0
2024-06-11,Angola,Cameroon,1,1,World Cup qualifier,Angola,1508,1584,80,66,52200000.0,197400000.0
2024-06-11,Saint Kitts and Nevis,Bahamas,1,0,World Cup qualifier,Saint Kitts and Nevis,1081,809,176,209,575000.0,0.0
2024-06-11,Puerto Rico,Anguilla,8,0,World Cup qualifier,Puerto Rico,1148,598,165,233,1180000.0,0.0
2024-06-11,Guyana,Belize,3,1,World Cup qualifier,Barbados,1273,1042,148,182,1500000.0,375000.0
2024-06-11,Aruba,Saint Lucia,2,2,World Cup qualifier,Barbados,991,1082,189,174,125000.0,250000.0
2024-06-11,Japan,Syria,5,0,World Cup & As Cup q,Japan,1857,1419,16,100,263899999.0,7200000.0
2024-06-11,Madagascar,Mali,0,0,World Cup qualifier,South Africa,1326,1600,129,61,8230000.0,35700000.0
2024-06-11,Kuwait,Afghanistan,1,0,World Cup & As Cup q,Kuwait,1328,1130,128,167,4350000.0,325000.0
2024-06-11,Cape Verde,Libya,1,0,World Cup qualifier,Cape Verde,1560,1402,69,104,53430000.0,11430000.0
2024-06-11,Malaysia,Taiwan,3,1,World Cup & As Cup q,Malaysia,1276,900,147,200,7130000.0,1920000.0
2024-06-11,Lithuania,Estonia,1,1,Baltic Cup,Lithuania,1355,1370,118,114,18550000.0,7000000.0
2024-06-11,Lebanon,Bangladesh,4,0,World Cup & As Cup q,Qatar,1298,924,139,196,6430000.0,7740000.0
2024-06-11,United Arab Emirates,Bahrain,1,1,World Cup & As Cup q,the United Arab Emirates,1502,1455,82,92,31130000.0,6230000.0
2024-06-11,Turkmenistan,Hong Kong,0,0,World Cup & As Cup q,Turkmenistan,1205,1071,161,177,2950000.0,3600000.0
2024-06-11,Thailand,Singapore,3,1,World Cup & As Cup q,Thailand,1428,1111,98,170,6380000.0,4380000.0
2024-06-11,Latvia,Faroe Islands,1,0,Baltic Cup,Latvia,1321,1246,132,154,17530000.0,4950000.0
2024-06-11,Tajikistan,Pakistan,3,0,World Cup & As Cup q,Tajikistan,1380,826,111,206,7700000.0,3440000.0
2024-06-11,South Korea,China,1,0,World Cup & As Cup q,South Korea,1740,1399,35,105,142200000.0,12480000.0
2024-06-11,Saudi Arabia,Jordan,1,2,World Cup & As Cup q,Saudi Arabia,1588,1635,63,53,27630000.0,16079999.0
2024-06-11,Qatar,India,2,1,World Cup & As Cup q,Qatar,1631,1196,55,162,17930000.0,4800000.0
2024-06-11,Oman,Kyrgyzstan,1,1,World Cup & As Cup q,Oman,1531,1282,75,145,6100000.0,7580000.0
2024-06-11,North Korea,Myanmar,4,1,World Cup & As Cup q,Laos,1397,918,106,197,6850000.0,3130000.0
2024-06-11,Nepal,Yemen,2,2,World Cup & As Cup q,Saudi Arabia,905,1102,198,172,1330000.0,1850000.0
2024-06-14,Germany,Scotland,5,1,European Championship,Germany,1937,1751,13,30,773500000.0,207830000.0
2024-06-15,Vanuatu,Solomon Islands,1,0,Oceania Nations Cup,Vanuatu,1080,1252,177,153,585000.0,450000.0
2024-06-15,Switzerland,Hungary,3,1,European Championship,Germany,1844,1791,18,22,317600000.0,210800000.0
2024-06-15,Spain,Croatia,3,0,European Championship,Germany,2057,1931,3,13,1310000000.0,357300000.0
2024-06-15,Italy,Albania,2,1,European Championship,Germany,1956,1616,11,60,833500000.0,81750000.0
2024-06-16,Tahiti,Samoa,2,0,Oceania Nations Cup,Fiji,1189,738,163,215,60000.0,350000.0
2024-06-16,Fiji,Papua New Guinea,5,1,Oceania Nations Cup,Fiji,1240,1064,155,179,2450000.0,0.0
2024-06-16,Netherlands,Poland,2,1,European Championship,Germany,1985,1734,10,37,766000000.0,214000000.0
2024-06-16,England,Serbia,1,0,European Championship,Germany,1993,1788,7,24,1620000000.0,296500000.0
2024-06-16,Denmark,Slovenia,1,1,European Championship,Germany,1827,1740,19,34,368000000.0,143850000.0
2024-06-17,France,Austria,1,0,European Championship,Germany,2087,1852,2,16,1470000000.0,258300000.0
2024-06-17,Romania,Ukraine,3,0,European Championship,Germany,1714,1786,41,24,97200000.0,288200000.0
2024-06-17,Slovakia,Belgium,1,0,European Championship,Germany,1713,1945,42,11,130550000.0,558200000.0
2024-06-18,New Zealand,Solomon Islands,3,0,Oceania Nations Cup,Vanuatu,1540,1237,74,155,31700000.0,450000.0
2024-06-18,Turkey,Georgia,3,1,European Championship,Germany,1777,1636,26,52,522700000.0,199050000.0
2024-06-18,Portugal,Czechia,2,1,European Championship,Germany,2013,1765,6,30,968500000.0,179080000.0
2024-06-19,Papua New Guinea,Tahiti,1,1,Oceania Nations Cup,Fiji,1073,1180,177,163,0.0,60000.0
2024-06-19,Fiji,Samoa,9,1,Oceania Nations Cup,Fiji,1244,734,154,215,2450000.0,350000.0
2024-06-19,Scotland,Switzerland,1,1,European Championship,Germany,1758,1837,31,17,207830000.0,317600000.0
2024-06-19,Germany,Hungary,2,0,European Championship,Germany,1952,1776,11,26,773500000.0,210800000.0
2024-06-19,Albania,Croatia,2,2,European Championship,Germany,1634,1913,54,13,81750000.0,357300000.0
2024-06-20,Spain,Italy,1,0,European Championship,Germany,2075,1938,3,12,1310000000.0,833500000.0
2024-06-20,Serbia,Slovenia,1,1,European Championship,Germany,1785,1743,23,33,296500000.0,143850000.0
2024-06-20,Denmark,England,1,1,European Championship,Germany,1838,1982,17,9,368000000.0,1620000000.0
2024-06-20,Argentina,Canada,2,0,Copa America,the United States,2151,1714,1,40,761200000.0,129050000.0
2024-06-21,Chile,Peru,0,0,Copa America,the United States,1726,1742,38,34,72700000.0,28900000.0
2024-06-21,Austria,Poland,3,1,European Championship,Germany,1877,1709,14,42,258300000.0,214000000.0
2024-06-21,Ukraine,Slovakia,2,1,European Championship,Germany,1806,1693,20,44,288200000.0,130550000.0
2024-06-21,Vanuatu,New Zealand,0,4,Oceania Nations Cup,Vanuatu,1070,1550,178,73,585000.0,31700000.0
2024-06-21,France,Netherlands,0,0,European Championship,Germany,2080,1992,2,7,1470000000.0,766000000.0
2024-06-22,Papua New Guinea,Samoa,2,1,Oceania Nations Cup,Fiji,1079,728,176,215,0.0,350000.0
2024-06-22,Fiji,Tahiti,1,0,Oceania Nations Cup,Fiji,1258,1166,152,163,2450000.0,60000.0
2024-06-22,Portugal,Turkey,3,0,European Championship,Germany,2031,1759,4,30,968500000.0,522700000.0
2024-06-22,Czechia,Georgia,1,1,European Championship,Germany,1756,1645,32,50,179080000.0,199050000.0
2024-06-22,Belgium,Romania,2,0,European Championship,Germany,1961,1698,10,42,558200000.0,97200000.0
2024-06-22,Venezuela,Ecuador,2,1,Copa America,the United States,1778,1842,25,16,62780000.0,366730000.0
2024-06-22,Mexico,Jamaica,1,0,Copa America,the United States,1806,1626,20,57,79800000.0,53850000.0
2024-06-23,Uruguay,Panama,3,1,Copa America,the United States,2003,1685,7,44,362450000.0,32400000.0
2024-06-23,United States,Bolivia,2,0,Copa America,the United States,1800,1580,22,66,356700000.0,19280000.0
2024-06-23,Hungary,Scotland,1,0,European Championship,Germany,1800,1734,22,36,210800000.0,207830000.0
2024-06-23,Germany,Switzerland,1,1,European Championship,Germany,1938,1851,11,16,773500000.0,317600000.0
2024-06-24,Spain,Albania,1,0,European Championship,Germany,2079,1630,3,56,1310000000.0,81750000.0
2024-06-24,Croatia,Italy,1,1,European Championship,Germany,1915,1936,13,12,357300000.0,833500000.0
2024-06-24,Colombia,Paraguay,2,1,Copa America,the United States,2021,1704,5,41,300500000.0,134450000.0
2024-06-24,Brazil,Costa Rica,0,0,Copa America,the United States,2006,1641,6,51,908700000.0,18700000.0
2024-06-25,France,Poland,1,1,European Championship,Germany,2060,1729,3,38,1470000000.0,214000000.0
2024-06-25,England,Slovenia,0,0,European Championship,Germany,1967,1758,8,31,1620000000.0,143850000.0
2024-06-25,Denmark,Serbia,0,0,European Championship,Germany,1834,1789,18,24,368000000.0,296500000.0
2024-06-25,Austria,Netherlands,3,2,European Championship,Germany,1910,1959,14,10,258300000.0,766000000.0
2024-06-25,Canada,Peru,1,0,Copa America,the United States,1741,1715,33,40,129050000.0,28900000.0
2024-06-25,Argentina,Chile,1,0,Copa America,the United States,2155,1722,1,39,761200000.0,72700000.0
2024-06-26,Ecuador,Jamaica,3,1,Copa America,the United States,1859,1609,15,60,366730000.0,53850000.0
2024-06-26,Venezuela,Mexico,1,0,Copa America,the United States,1805,1779,21,27,62780000.0,79800000.0
2024-06-26,Georgia,Portugal,2,0,European Championship,Germany,1713,1963,41,8,199050000.0,968500000.0
2024-06-26,Belgium,Ukraine,0,0,European Championship,Germany,1951,1816,10,19,558200000.0,288200000.0
2024-06-26,Turkey,Czechia,2,1,European Championship,Germany,1784,1731,25,37,522700000.0,179080000.0
2024-06-26,Botswana,Eswatini,0,0,COSAFA Cup,South Africa,1325,1222,130,158,3080000.0,1080000.0
2024-06-26,South Africa,Mozambique,1,1,COSAFA Cup,South Africa,1571,1407,66,103,41150000.0,30100000.0
2024-06-26,Romania,Slovakia,1,1,European Championship,Germany,1698,1693,43,44,97200000.0,130550000.0
2024-06-27,United States,Panama,1,2,Copa America,the United States,1761,1724,30,39,356700000.0,32400000.0
2024-06-27,New Zealand,Tahiti,5,0,Oceania Nations Cup,Vanuatu,1560,1156,69,163,31700000.0,60000.0
2024-06-27,Uruguay,Bolivia,5,0,Copa America,the United States,2011,1572,5,65,362450000.0,19280000.0
2024-06-27,Kenya,Zambia,2,0,COSAFA Cup,South Africa,1440,1413,94,101,10930000.0,14630000.0
2024-06-27,Zimbabwe,Comoros,1,0,COSAFA Cup,South Africa,1299,1282,138,144,7100000.0,3280000.0
2024-06-27,Vanuatu,Fiji,2,1,Oceania Nations Cup,Vanuatu,1101,1227,173,157,585000.0,2450000.0
2024-06-28,Lesotho,Seychelles,1,1,COSAFA Cup,South Africa,1251,863,152,203,675000.0,1030000.0
2024-06-28,Angola,Namibia,0,0,COSAFA Cup,South Africa,1501,1381,82,111,52200000.0,2080000.0
2024-06-28,Colombia,Costa Rica,3,0,Copa America,the United States,2030,1632,4,54,300500000.0,18700000.0
2024-06-28,Brazil,Paraguay,4,1,Copa America,the United States,2019,1691,5,45,908700000.0,134450000.0
2024-06-29,Canada,Chile,0,0,Copa America,the United States,1740,1723,32,40,129050000.0,72700000.0
2024-06-29,Argentina,Peru,2,0,Copa America,the United States,2161,1709,1,42,761200000.0,28900000.0
2024-06-29,Germany,Denmark,2,0,European Championship,Germany,1956,1816,10,18,773500000.0,368000000.0
2024-06-29,South Africa,Botswana,0,0,COSAFA Cup,South Africa,1556,1340,70,125,41150000.0,3080000.0
2024-06-29,Eswatini,Mozambique,0,0,COSAFA Cup,South Africa,1232,1397,156,106,1080000.0,30100000.0
2024-06-29,Switzerland,Italy,2,0,European Championship,Germany,1897,1890,14,15,317600000.0,833500000.0
2024-06-30,Vanuatu,New Zealand,0,3,Oceania Nations Cup,Vanuatu,1091,1570,173,66,585000.0,31700000.0
2024-06-30,Tahiti,Fiji,2,1,Oceania Nations Cup,Vanuatu,1186,1197,163,161,60000.0,2450000.0
2024-06-30,Zimbabwe,Zambia,2,0,COSAFA Cup,South Africa,1339,1373,126,113,7100000.0,14630000.0
2024-06-30,Comoros,Kenya,2,0,COSAFA Cup,South Africa,1325,1397,132,104,3280000.0,10930000.0
2024-06-30,Spain,Georgia,4,1,European Championship,Germany,2088,1704,2,42,1310000000.0,199050000.0
2024-06-30,England,Slovakia,2,1,European Championship,Germany,1976,1684,7,45,1620000000.0,130550000.0
2024-06-30,Venezuela,Jamaica,3,0,Copa America,the United States,1826,1588,18,61,62780000.0,53850000.0
2024-06-30,Ecuador,Mexico,0,0,Copa America,the United States,1853,1785,17,24,366730000.0,79800000.0
2024-07-01,United States,Uruguay,0,1,Copa America,the United States,1746,2026,31,5,356700000.0,362450000.0
2024-07-01,France,Belgium,1,0,European Championship,Germany,2077,1934,3,11,1470000000.0,558200000.0
2024-07-01,Panama,Bolivia,3,1,Copa America,the United States,1746,1550,31,73,32400000.0,19280000.0
2024-07-01,Angola,Seychelles,3,2,COSAFA Cup,South Africa,1502,862,81,203,52200000.0,1030000.0
2024-07-01,Namibia,Lesotho,2,1,COSAFA Cup,South Africa,1394,1238,109,153,2080000.0,675000.0
2024-07-01,Portugal,Slovenia,0,0,European Championship,Germany,1950,1771,10,29,968500000.0,143850000.0
2024-07-02,South Africa,Eswatini,1,0,COSAFA Cup,South Africa,1559,1229,69,157,41150000.0,1080000.0
2024-07-02,Mozambique,Botswana,3,1,COSAFA Cup,South Africa,1422,1315,99,136,30100000.0,3080000.0
2024-07-02,Kenya,Zimbabwe,2,0,COSAFA Cup,South Africa,1422,1314,99,138,10930000.0,7100000.0
2024-07-02,Comoros,Zambia,1,0,COSAFA Cup,South Africa,1348,1350,122,119,3280000.0,14630000.0
2024-07-02,Turkey,Austria,2,1,European Championship,Germany,1818,1876,19,15,522700000.0,258300000.0
2024-07-02,Netherlands,Romania,3,0,European Championship,Germany,1975,1682,8,45,766000000.0,97200000.0
2024-07-02,Costa Rica,Paraguay,2,1,Copa America,the United States,1661,1662,51,50,18700000.0,134450000.0
2024-07-02,Brazil,Colombia,1,1,Copa America,the United States,2020,2029,6,4,908700000.0,300500000.0
2024-07-03,Namibia,Seychelles,3,1,COSAFA Cup,South Africa,1397,859,106,203,2080000.0,1030000.0
2024-07-03,Angola,Lesotho,3,1,COSAFA Cup,South Africa,1513,1227,78,157,52200000.0,675000.0
2024-07-04,Argentina,Ecuador,1,1,Copa America,the United States,2143,1871,1,16,761200000.0,366730000.0
2024-07-05,Canada,Venezuela,1,1,Copa America,the United States,1746,1820,31,18,129050000.0,62780000.0
2024-07-05,France,Portugal,0,0,European Championship,Germany,2068,1959,3,9,1470000000.0,968500000.0
2024-07-05,Germany,Spain,1,2,European Championship,Germany,1933,2111,11,2,773500000.0,1310000000.0
2024-07-05,Angola,Comoros,2,1,COSAFA Cup,South Africa,1524,1337,77,125,52200000.0,3280000.0
2024-07-05,Mozambique,Namibia,0,0,COSAFA Cup,South Africa,1421,1398,100,106,30100000.0,2080000.0
2024-07-06,Netherlands,Turkey,2,1,European Championship,Germany,1989,1804,7,22,766000000.0,522700000.0
2024-07-06,England,Switzerland,1,1,European Championship,Germany,1970,1903,8,13,1620000000.0,317600000.0
2024-07-06,Colombia,Panama,5,0,Copa America,the United States,2045,1730,4,38,300500000.0,32400000.0
2024-07-06,Brazil,Uruguay,0,0,Copa America,the United States,2020,2026,6,5,908700000.0,362450000.0
2024-07-07,Comoros,Mozambique,2,2,COSAFA Cup,South Africa,1342,1416,125,101,3280000.0,30100000.0
2024-07-07,Angola,Namibia,5,0,COSAFA Cup,South Africa,1550,1372,73,112,52200000.0,2080000.0
2024-07-09,Argentina,Canada,2,0,Copa America,the United States,2150,1739,1,33,761200000.0,129050000.0
2024-07-09,Spain,France,2,1,European Championship,Germany,2133,2046,2,3,1310000000.0,1470000000.0
2024-07-10,England,Netherlands,2,1,European Championship,Germany,1996,1963,7,8,1620000000.0,766000000.0
2024-07-10,Colombia,Uruguay,1,0,Copa America,the United States,2069,2002,3,6,300500000.0,362450000.0
2024-07-13,Canada,Uruguay,2,2,Copa America,the United States,1755,1986,31,7,129050000.0,362450000.0
2024-07-14,Spain,England,2,1,European Championship,Germany,2149,1980,2,7,1310000000.0,1620000000.0
2024-07-14,Argentina,Colombia,1,0,Copa America,the United States,2169,2050,1,3,761200000.0,300500000.0
2024-09-03,India,Mauritius,0,0,Intercontinental Cup,India,1186,1046,162,181,4800000.0,850000.0
2024-09-04,Cayman Islands,British Virgin Islands,1,0,CONCACAF Nat League C,the Cayman Islands,831,643,206,227,0.0,0.0
2024-09-04,Turks and Caicos Islands,Anguilla,0,2,CONCACAF Nat League C,Turks and Caicos Islands,642,648,229,226,50000.0,0.0
2024-09-04,US Virgin Islands,Bahamas,3,3,CONCACAF Nat League C,the US VirgIslands,623,804,231,209,0.0,0.0
2024-09-04,Comoros,Gambia,1,1,African Nations Cup qual,Morocco,1342,1347,126,122,3280000.0,72280000.0
2024-09-04,Libya,Rwanda,1,1,African Nations Cup qual,Libya,1398,1344,107,124,11430000.0,6800000.0
2024-09-04,Tanzania,Ethiopia,0,0,African Nations Cup qual,Tanzania,1368,1309,113,140,7530000.0,2780000.0
2024-09-04,Lebanon,Tajikistan,1,0,Independence Tournament,Malaysia,1316,1362,136,114,6430000.0,7700000.0
2024-09-04,Malaysia,Philippines,2,1,Independence Tournament,Malaysia,1280,1032,146,184,7130000.0,6430000.0
2024-09-04,Sudan,Niger,1,0,African Nations Cup qual,South Sudan,1392,1225,109,156,3250000.0,9980000.0
2024-09-05,Scotland,Poland,2,3,European Nations League A,Scotland,1708,1755,41,30,207830000.0,214000000.0
2024-09-05,San Marino,Liechtenstein,1,0,European Nations League D,San Marino,798,942,210,192,1120000.0,600000.0
2024-09-05,Northern Ireland,Luxembourg,2,0,European Nations League C,Northern Ireland,1539,1490,76,85,79880000.0,32900000.0
2024-09-05,Estonia,Slovakia,0,1,European Nations League C,Estonia,1361,1693,115,44,7000000.0,130550000.0
2024-09-05,Belarus,Bulgaria,0,0,European Nations League C,Hungary,1436,1485,94,86,14000000.0,29750000.0
2024-09-05,Azerbaijan,Sweden,1,3,European Nations League C,Azerbaijan,1468,1697,90,43,16230000.0,435380000.0
2024-09-05,Serbia,Spain,0,0,European Nations League A,Serbia,1802,2136,22,2,296500000.0,1310000000.0
2024-09-05,Portugal,Croatia,2,1,European Nations League A,Portugal,1971,1903,8,12,968500000.0,357300000.0
2024-09-05,Argentina,Chile,3,0,World Cup qualifier,Argentina,2172,1720,1,39,761200000.0,72700000.0
2024-09-05,El Salvador,Montserrat,4,1,CONCACAF Nat League B,Bonaire,1408,1008,104,185,6960000.0,375000.0
2024-09-05,Bonaire,St Vincent & Grenadines,1,1,CONCACAF Nat League B,Bonaire,834,1058,206,180,350000.0,0.0
2024-09-05,Guyana,Suriname,1,3,CONCACAF Nat League A,Guyana,1238,1353,152,118,1500000.0,37650000.0
2024-09-05,Guatemala,Martinique,3,1,CONCACAF Nat League A,Guatemala,1500,1420,83,100,5400000.0,3830000.0
2024-09-05,Costa Rica,Guadeloupe,3,0,CONCACAF Nat League A,Costa Rica,1666,1321,50,132,18700000.0,12600000.0
2024-09-05,Bolivia,Venezuela,4,0,World Cup qualifier,Bolivia,1605,1765,59,29,19280000.0,62780000.0
2024-09-05,Algeria,Equatorial Guinea,2,0,African Nations Cup qual,Algeria,1656,1536,52,77,227850000.0,12050000.0
2024-09-05,Denmark,Switzerland,2,0,European Nations League A,Denmark,1845,1874,18,15,368000000.0,317600000.0
2024-09-05,Central African Republic,Lesotho,3,1,African Nations Cup qual,Morocco,1345,1205,125,159,6980000.0,675000.0
2024-09-05,Ghana,Angola,0,1,African Nations Cup qual,Ghana,1513,1575,79,65,220780000.0,52200000.0
2024-09-05,Congo,South Sudan,1,0,African Nations Cup qual,Congo,1276,1118,146,169,2600000.0,1600000.0
2024-09-05,Sri Lanka,Cambodia,0,0,Asian Cup qualifier,Sri Lanka,696,840,218,205,885000.0,2480000.0
2024-09-05,East Timor,Mongolia,4,1,Asian Cup qualifier,Indonesia,663,740,226,213,925000.0,500000.0
2024-09-05,Uzbekistan,North Korea,1,0,World Cup qualifier,Uzbekistan,1685,1397,45,106,79280000.0,6850000.0
2024-09-05,South Korea,Palestine,0,0,World Cup qualifier,South Korea,1723,1425,38,97,142200000.0,7630000.0
2024-09-05,Saudi Arabia,Indonesia,1,1,World Cup qualifier,Saudi Arabia,1573,1348,66,123,27630000.0,30580000.0
2024-09-05,Qatar,United Arab Emirates,1,3,World Cup qualifier,Qatar,1584,1549,63,74,17930000.0,31130000.0
2024-09-05,Vietnam,Russia,0,3,Vietnam FF Cup,Vietnam,1267,1786,148,24,6380000.0,215750000.0
2024-09-05,Japan,China,7,0,World Cup qualifier,Japan,1860,1396,17,108,263899999.0,12480000.0
2024-09-05,Iraq,Oman,1,0,World Cup qualifier,Iraq,1671,1523,49,78,19780000.0,6100000.0
2024-09-05,Iran,Kyrgyzstan,1,0,World Cup qualifier,Iran,1809,1281,20,144,34680000.0,7580000.0
2024-09-05,Australia,Bahrain,0,1,World Cup qualifier,Australia,1739,1492,33,84,51330000.0,6230000.0
2024-09-05,Tunisia,Madagascar,1,0,African Nations Cup qual,Tunisia,1674,1323,48,131,66550000.0,8230000.0
2024-09-05,Malawi,Burundi,2,3,African Nations Cup qual,Malawi,1276,1315,146,137,2049999.0,12450000.0
2024-09-05,Guinea-Bissau,Eswatini,1,0,African Nations Cup qual,Guinea-Bissau,1368,1221,112,155,41400000.0,1080000.0
2024-09-05,Jordan,Kuwait,1,1,World Cup qualifier,Jordan,1615,1344,58,127,16079999.0,4350000.0
2024-09-06,Slovenia,Austria,1,1,European Nations League B,Slovenia,1771,1876,27,14,143850000.0,258300000.0
2024-09-06,Kazakhstan,Norway,0,0,European Nations League B,Kazakhstan,1464,1724,91,37,17700000.0,504000000.0
2024-09-06,Iceland,Montenegro,2,0,European Nations League B,Iceland,1582,1533,64,77,74000000.0,60130000.0
2024-09-06,France,Italy,1,3,European Nations League A,France,1997,1939,5,11,1470000000.0,833500000.0
2024-09-06,Belgium,Israel,3,1,European Nations League A,Hungary,1940,1560,10,70,558200000.0,86900000.0
2024-09-06,Sint Maarten,Aruba,2,0,CONCACAF Nat League B,Puerto Rico,894,950,202,190,325000.0,125000.0
2024-09-06,Saint Lucia,Curaçao,2,1,CONCACAF Nat League B,Grenada,1115,1320,170,135,250000.0,28680000.0
2024-09-06,Honduras,Trinidad and Tobago,4,0,CONCACAF Nat League A,Honduras,1528,1395,78,108,16300000.0,10100000.0
2024-09-06,Grenada,Saint Martin,2,0,CONCACAF Nat League B,Grenada,1094,922,175,196,1750000.0,0.0
2024-09-06,Jamaica,Cuba,0,0,CONCACAF Nat League A,Jamaica,1572,1310,67,140,53850000.0,2100000.0
2024-09-06,French Guiana,Nicaragua,0,1,CONCACAF Nat League A,French Guiana,1267,1371,148,112,125000.0,2580000.0
2024-09-06,Uruguay,Paraguay,0,0,World Cup qualifier,Uruguay,1960,1679,9,48,362450000.0,134450000.0
2024-09-06,Peru,Colombia,1,1,World Cup qualifier,Peru,1721,2038,39,3,28900000.0,300500000.0
2024-09-06,Brazil,Ecuador,1,0,World Cup qualifier,Brazil,2028,1863,4,16,908700000.0,366730000.0
2024-09-06,Puerto Rico,Haiti,1,4,CONCACAF Nat League B,Puerto Rico,1135,1514,166,80,1180000.0,56830000.0
2024-09-06,Wales,Turkey,0,0,European Nations League B,Wales,1684,1803,47,21,199050000.0,522700000.0
2024-09-06,Lithuania,Cyprus,0,1,European Nations League C,Lithuania,1327,1343,130,128,18550000.0,19100000.0
2024-09-06,Chad,Sierra Leone,0,0,African Nations Cup qual,Liberia,1162,1312,164,139,6100000.0,13430000.0
2024-09-06,Kosovo,Romania,0,3,European Nations League C,Kosovo,1478,1709,87,41,114280000.0,97200000.0
2024-09-06,Syria,Mauritius,2,0,Intercontinental Cup,India,1424,1041,99,183,7200000.0,850000.0
2024-09-06,Tonga,Cook Islands,3,1,World Cup qualifier,Samoa,526,638,238,230,10000.0,0.0
2024-09-06,Brunei,Macao,3,0,Asian Cup qualifier,Brunei,670,639,223,229,680000.0,0.0
2024-09-06,Togo,Liberia,1,1,African Nations Cup qual,Togo,1359,1275,117,147,29680000.0,14150000.0
2024-09-06,South Africa,Uganda,2,2,African Nations Cup qual,South Africa,1545,1375,73,110,41150000.0,8750000.0
2024-09-06,Samoa,Eastern Samoa,2,0,World Cup qualifier,Samoa,732,372,215,243,350000.0,0.0
2024-09-06,Morocco,Gabon,4,1,African Nations Cup qual,Morocco,1778,1430,26,95,456000000.0,34450000.0
2024-09-06,Mali,Mozambique,1,1,African Nations Cup qual,Mali,1587,1429,60,96,35700000.0,30100000.0
2024-09-06,Kenya,Zimbabwe,0,0,African Nations Cup qual,Uganda,1416,1320,102,135,10930000.0,7100000.0
2024-09-06,Ivory Coast,Zambia,2,0,African Nations Cup qual,Ivory Coast,1629,1344,55,124,514900000.0,14630000.0
2024-09-06,Egypt,Cape Verde,3,0,African Nations Cup qual,Egypt,1652,1541,53,74,108830000.0,53430000.0
2024-09-06,DR Congo,Guinea,1,0,African Nations Cup qual,DR Congo,1564,1470,69,89,153500000.0,74250000.0
2024-09-06,Senegal,Burkina Faso,1,1,African Nations Cup qual,Senegal,1751,1499,31,83,474000000.0,121230000.0
2024-09-07,Albania,Ukraine,2,1,European Nations League B,Czechia,1660,1786,52,23,81750000.0,288200000.0
2024-09-07,Antigua and Barbuda,Dominica,1,2,CONCACAF Nat League B,Antigua and Barbuda,962,1030,189,185,650000.0,0.0
2024-09-07,Dominican Republic,Bermuda,3,2,CONCACAF Nat League B,Antigua and Barbuda,1223,1109,155,171,18030000.0,375000.0
2024-09-07,Cayman Islands,Saint Kitts and Nevis,1,4,CONCACAF Nat League C,the Cayman Islands,810,1102,208,173,0.0,575000.0
2024-09-07,Turks and Caicos Islands,Belize,0,4,CONCACAF Nat League C,Turks and Caicos Islands,631,1053,230,181,50000.0,375000.0
2024-09-07,Germany,Hungary,5,0,European Nations League A,Germany,1950,1783,10,25,773500000.0,210800000.0
2024-09-07,Netherlands,Bosnia and Herzegovina,5,2,European Nations League A,the Netherlands,1965,1474,8,89,766000000.0,133400000.0
2024-09-07,Georgia,Czechia,4,1,European Nations League B,Georgia,1732,1703,35,43,199050000.0,179080000.0
2024-09-07,Barbados,Bahamas,3,2,CONCACAF Nat League C,the US VirgIslands,943,791,192,210,200000.0,0.0
2024-09-07,Ireland,England,0,2,European Nations League B,Ireland,1608,1991,58,6,144080000.0,1620000000.0
2024-09-07,Armenia,Latvia,4,1,European Nations League C,Armenia,1475,1307,88,141,40380000.0,17530000.0
2024-09-07,Faroe Islands,North Macedonia,1,1,European Nations League C,the Faroe Islands,1256,1536,150,75,4950000.0,38680000.0
2024-09-07,Moldova,Malta,2,0,European Nations League D,Moldova,1364,1241,115,151,10530000.0,14750000.0
2024-09-07,Cameroon,Namibia,1,0,African Nations Cup qual,Cameroon,1590,1366,61,114,197400000.0,2080000.0
2024-09-07,Mauritania,Botswana,1,0,African Nations Cup qual,Mauritania,1357,1297,119,142,23600000.0,3080000.0
2024-09-07,Nigeria,Benin,3,0,African Nations Cup qual,Nigeria,1597,1386,60,109,218080000.0,17080000.0
2024-09-07,Greece,Finland,3,0,European Nations League B,Greece,1754,1611,31,57,315600000.0,41700000.0
2024-09-08,Bonaire,El Salvador,1,2,CONCACAF Nat League B,Bonaire,832,1410,206,103,350000.0,6960000.0
2024-09-08,St Vincent & Grenadines,Montserrat,2,0,CONCACAF Nat League B,Bonaire,1084,982,178,188,0.0,375000.0
2024-09-08,Croatia,Poland,1,0,European Nations League A,Croatia,1911,1747,13,32,357300000.0,214000000.0
2024-09-08,Denmark,Serbia,2,0,European Nations League A,Denmark,1863,1784,15,24,368000000.0,296500000.0
2024-09-08,Portugal,Scotland,2,1,European Nations League A,Portugal,1975,1704,7,42,968500000.0,207830000.0
2024-09-08,Switzerland,Spain,1,4,European Nations League A,Switzerland,1854,2156,18,2,317600000.0,1310000000.0
2024-09-08,Luxembourg,Belarus,0,1,European Nations League C,Luxembourg,1462,1464,92,90,32900000.0,14000000.0
2024-09-08,Bulgaria,Northern Ireland,1,0,European Nations League C,Bulgaria,1502,1522,82,79,29750000.0,79880000.0
2024-09-08,Sweden,Estonia,3,0,European Nations League C,Sweden,1702,1356,44,118,435380000.0,7000000.0
2024-09-08,Gibraltar,Liechtenstein,2,2,European Nations League D,Gibraltar,1054,953,180,190,1380000.0,600000.0
2024-09-08,Gambia,Tunisia,1,2,African Nations Cup qual,Morocco,1342,1679,128,48,72280000.0,66550000.0
2024-09-08,Malaysia,Lebanon,1,0,Independence Tournament,Malaysia,1292,1304,143,141,7130000.0,6430000.0
2024-09-08,Philippines,Tajikistan,0,0,Independence Tournament,Malaysia,1043,1351,183,120,6430000.0,7700000.0
2024-09-08,Slovakia,Azerbaijan,2,0,European Nations League C,Slovakia,1701,1460,45,93,130550000.0,16230000.0
2024-09-09,Norway,Austria,2,1,European Nations League B,Norway,1747,1853,32,18,504000000.0,258300000.0
2024-09-09,Montenegro,Wales,1,2,European Nations League B,Montenegro,1516,1701,79,45,60130000.0,199050000.0
2024-09-09,Italy,Israel,2,1,European Nations League A,Hungary,1943,1556,11,70,833500000.0,86900000.0
2024-09-09,France,Belgium,2,0,European Nations League A,France,2014,1923,5,12,1470000000.0,558200000.0
2024-09-09,Puerto Rico,Aruba,1,0,CONCACAF Nat League B,Puerto Rico,1141,944,165,192,1180000.0,125000.0
2024-09-09,Martinique,Guyana,2,2,CONCACAF Nat League A,Martinique,1407,1251,103,151,3830000.0,1500000.0
2024-09-09,Grenada,Saint Lucia,1,2,CONCACAF Nat League B,Grenada,1070,1139,179,166,1750000.0,250000.0
2024-09-09,Curaçao,Saint Martin,4,0,CONCACAF Nat League B,Grenada,1327,915,130,196,28680000.0,0.0
2024-09-09,Guatemala,Costa Rica,0,0,CONCACAF Nat League A,Guatemala,1504,1662,82,51,5400000.0,18700000.0
2024-09-09,Guadeloupe,Suriname,1,0,CONCACAF Nat League A,Guadeloupe,1337,1337,128,128,12600000.0,37650000.0
2024-09-09,Slovenia,Kazakhstan,3,0,European Nations League B,Slovenia,1777,1458,27,93,143850000.0,17700000.0
2024-09-09,Haiti,Sint Maarten,6,0,CONCACAF Nat League B,Puerto Rico,1516,892,79,202,56830000.0,325000.0
2024-09-09,Turkey,Iceland,3,1,European Nations League B,Turkey,1811,1574,19,66,522700000.0,74000000.0
2024-09-09,India,Syria,0,3,Intercontinental Cup,India,1170,1440,163,95,4800000.0,7200000.0
2024-09-09,Cyprus,Kosovo,0,4,European Nations League C,Cyprus,1309,1512,138,81,19100000.0,114280000.0
2024-09-09,Angola,Sudan,2,1,African Nations Cup qual,Angola,1582,1385,64,110,52200000.0,3250000.0
2024-09-09,Comoros,Madagascar,1,1,African Nations Cup qual,Tunisia,1341,1324,127,131,3280000.0,8230000.0
2024-09-09,DR Congo,Ethiopia,2,0,African Nations Cup qual,Tanzania,1575,1298,65,141,153500000.0,2780000.0
2024-09-09,Equatorial Guinea,Togo,2,2,African Nations Cup qual,Equatorial Guinea,1523,1372,76,111,12050000.0,29680000.0
2024-09-09,Ghana,Niger,1,1,African Nations Cup qual,Morocco,1499,1239,84,153,220780000.0,9980000.0
2024-09-09,Morocco,Lesotho,1,0,African Nations Cup qual,Morocco,1779,1204,26,159,456000000.0,675000.0
2024-09-09,Senegal,Burundi,1,0,African Nations Cup qual,Malawi,1754,1312,30,135,474000000.0,12450000.0
2024-09-09,Uganda,Congo,2,0,African Nations Cup qual,Uganda,1389,1262,108,149,8750000.0,2600000.0
2024-09-09,Samoa,Tonga,2,1,World Cup qualifier,Samoa,738,520,214,238,350000.0,10000.0
2024-09-09,Romania,Lithuania,3,1,European Nations League C,Romania,1713,1323,41,132,97200000.0,18550000.0
2024-09-10,Albania,Georgia,0,1,European Nations League B,Albania,1638,1754,54,31,81750000.0,199050000.0
2024-09-10,Czechia,Ukraine,3,2,European Nations League B,Czechia,1722,1767,39,29,179080000.0,288200000.0
2024-09-10,England,Finland,2,0,European Nations League B,England,1995,1607,6,58,1620000000.0,41700000.0
2024-09-10,Ireland,Greece,0,2,European Nations League B,Ireland,1582,1780,63,24,144080000.0,315600000.0
2024-09-10,China,Saudi Arabia,1,2,World Cup qualifier,China,1380,1589,110,61,12480000.0,27630000.0
2024-09-10,North Macedonia,Armenia,2,0,European Nations League C,North Macedonia,1553,1458,71,91,38680000.0,40380000.0
2024-09-10,Andorra,Malta,0,1,European Nations League D,Andorra,1083,1259,177,149,3340000.0,14750000.0
2024-09-10,Bahrain,Japan,0,5,World Cup qualifier,Bahrain,1478,1874,87,14,6230000.0,263899999.0
2024-09-10,Netherlands,Germany,2,2,European Nations League A,the Netherlands,1959,1956,8,9,766000000.0,773500000.0
2024-09-10,Latvia,Faroe Islands,1,0,European Nations League C,Latvia,1319,1244,135,152,17530000.0,4950000.0
2024-09-10,Hungary,Bosnia and Herzegovina,0,0,European Nations League A,Hungary,1766,1491,30,86,210800000.0,133400000.0
2024-09-10,Honduras,Jamaica,1,2,CONCACAF Nat League A,Honduras,1505,1595,81,59,16300000.0,53850000.0
2024-09-10,Saint Kitts and Nevis,British Virgin Islands,2,0,CONCACAF Nat League C,the Cayman Islands,1106,639,173,227,575000.0,0.0
2024-09-10,Belize,Anguilla,1,0,CONCACAF Nat League C,Turks and Caicos Islands,1057,644,180,226,375000.0,0.0
2024-09-10,Dominican Republic,Dominica,2,0,CONCACAF Nat League B,Antigua and Barbuda,1238,1015,154,185,18030000.0,0.0
2024-09-10,Trinidad and Tobago,French Guiana,0,0,CONCACAF Nat League A,Trinidad and Tobago,1383,1279,109,144,10100000.0,125000.0
2024-09-10,Cuba,Nicaragua,1,1,CONCACAF Nat League A,Cuba,1308,1373,138,112,2100000.0,2580000.0
2024-09-10,Venezuela,Uruguay,0,0,World Cup qualifier,Venezuela,1770,1955,27,10,62780000.0,362450000.0
2024-09-10,Paraguay,Brazil,1,0,World Cup qualifier,Paraguay,1711,1996,42,5,134450000.0,908700000.0
2024-09-10,Ecuador,Peru,1,0,World Cup qualifier,Ecuador,1871,1713,15,40,366730000.0,28900000.0
2024-09-10,Colombia,Argentina,2,1,World Cup qualifier,Colombia,2060,2150,3,2,300500000.0,761200000.0
2024-09-10,Chile,Bolivia,1,2,World Cup qualifier,Chile,1689,1636,48,55,72700000.0,19280000.0
2024-09-10,Indonesia,Australia,0,0,World Cup qualifier,Indonesia,1362,1725,115,38,30580000.0,51330000.0
2024-09-10,US Virgin Islands,Barbados,0,3,CONCACAF Nat League C,the US VirgIslands,608,958,233,189,0.0,200000.0
2024-09-10,Jordan,Palestine,3,1,World Cup qualifier,Malaysia,1630,1410,57,101,16079999.0,7630000.0
2024-09-10,Antigua and Barbuda,Bermuda,0,1,CONCACAF Nat League B,Antigua and Barbuda,945,1126,192,169,650000.0,375000.0
2024-09-10,Kyrgyzstan,Uzbekistan,2,3,World Cup qualifier,Kyrgyzstan,1275,1691,145,47,7580000.0,79280000.0
2024-09-10,Vietnam,Thailand,1,2,Vietnam FF Cup,Vietnam,1255,1440,150,96,6380000.0,6380000.0
2024-09-10,Zambia,Sierra Leone,3,2,African Nations Cup qual,Zambia,1357,1299,116,140,14630000.0,13430000.0
2024-09-10,South Sudan,South Africa,2,3,African Nations Cup qual,South Sudan,1113,1550,171,73,1600000.0,41150000.0
2024-09-10,Rwanda,Nigeria,0,0,African Nations Cup qual,Rwanda,1352,1589,120,61,6800000.0,218080000.0
2024-09-10,Mozambique,Guinea-Bissau,2,1,African Nations Cup qual,Mozambique,1440,1357,96,116,30100000.0,41400000.0
2024-09-10,Mali,Eswatini,1,0,African Nations Cup qual,South Africa,1591,1217,60,156,35700000.0,1080000.0
2024-09-10,Kuwait,Iraq,0,0,World Cup qualifier,Kuwait,1355,1660,119,53,4350000.0,19780000.0
2024-09-10,Liberia,Algeria,0,3,African Nations Cup qual,Liberia,1263,1668,146,50,14150000.0,227850000.0
2024-09-10,Kenya,Namibia,2,1,African Nations Cup qual,South Africa,1433,1349,99,122,10930000.0,2080000.0
2024-09-10,Ivory Coast,Chad,2,0,African Nations Cup qual,Cameroon,1633,1158,56,164,514900000.0,6100000.0
2024-09-10,Guinea,Tanzania,1,2,African Nations Cup qual,Ivory Coast,1444,1394,95,106,74250000.0,7530000.0
2024-09-10,Cape Verde,Mauritania,2,0,African Nations Cup qual,Cape Verde,1551,1347,72,123,53430000.0,23600000.0
2024-09-10,Gabon,Central African Republic,2,0,African Nations Cup qual,Gabon,1445,1330,94,130,34450000.0,6980000.0
2024-09-10,Oman,South Korea,1,3,World Cup qualifier,Oman,1501,1745,84,35,6100000.0,142200000.0
2024-09-10,United Arab Emirates,Iran,0,1,World Cup qualifier,the United Arab Emirates,1538,1820,74,19,31130000.0,34680000.0
2024-09-10,Cambodia,Sri Lanka,2,2,Asian Cup qualifier,Cambodia,828,708,206,217,2480000.0,885000.0
2024-09-10,Macao,Brunei,0,1,Asian Cup qualifier,Macao,615,694,232,219,0.0,680000.0
2024-09-10,North Korea,Qatar,2,2,World Cup qualifier,Laos,1407,1574,103,67,6850000.0,17930000.0
2024-09-10,Benin,Libya,2,1,African Nations Cup qual,Ivory Coast,1407,1377,103,111,17080000.0,11430000.0
2024-09-10,Botswana,Egypt,0,4,African Nations Cup qual,Botswana,1283,1666,143,51,3080000.0,108830000.0
2024-09-10,Burkina Faso,Malawi,3,1,African Nations Cup qual,Mali,1512,1263,79,146,121230000.0,2049999.0
2024-09-10,Cameroon,Zimbabwe,0,0,African Nations Cup qual,Uganda,1577,1333,65,129,197400000.0,7100000.0
2024-09-10,Mongolia,East Timor,2,0,Asian Cup qualifier,Mongolia,756,647,212,225,500000.0,925000.0
2024-10-08,Brunei,East Timor,0,1,Southeast Asian Champ qual,Brunei,666,675,225,223,680000.0,925000.0
2024-10-09,Belize,Anguilla,1,0,CONCACAF Nat League C,Belize,1059,642,180,226,375000.0,0.0
2024-10-09,Barbados,US Virgin Islands,5,0,CONCACAF Nat League C,Barbados,964,602,189,233,200000.0,0.0
2024-10-09,Saint Kitts and Nevis,British Virgin Islands,3,1,CONCACAF Nat League C,Saint Kitts and Nevis,1108,637,173,227,575000.0,0.0
2024-10-10,Italy,Belgium,2,2,European Nations League A,Italy,1936,1930,11,12,833500000.0,558200000.0
2024-10-10,Faroe Islands,Armenia,2,2,European Nations League C,the Faroe Islands,1250,1452,152,93,4950000.0,40380000.0
2024-10-10,Latvia,North Macedonia,0,3,European Nations League C,Latvia,1297,1575,141,67,17530000.0,38680000.0
2024-10-10,Norway,Slovenia,3,0,European Nations League B,Norway,1775,1749,27,34,504000000.0,143850000.0
2024-10-10,Finland,Ireland,1,2,European Nations League B,Finland,1580,1609,64,58,41700000.0,144080000.0
2024-10-10,England,Greece,1,2,European Nations League B,England,1961,1814,7,20,1620000000.0,315600000.0
2024-10-10,Austria,Kazakhstan,4,0,European Nations League B,Austria,1857,1454,17,92,258300000.0,17700000.0
2024-10-10,France,Israel,4,1,European Nations League A,Hungary,2019,1551,4,71,1470000000.0,86900000.0
2024-10-10,Chile,Brazil,1,2,World Cup qualifier,Chile,1680,2005,48,5,72700000.0,908700000.0
2024-10-10,Montserrat,Bonaire,1,0,CONCACAF Nat League B,St Vincent & Grenadines,994,820,188,207,375000.0,350000.0
2024-10-10,Nicaragua,Jamaica,0,2,CONCACAF Nat League A,Nicaragua,1353,1615,119,57,2580000.0,53850000.0
2024-10-10,French Guiana,Honduras,2,3,CONCACAF Nat League A,French Guiana,1266,1518,145,77,125000.0,16300000.0
2024-10-10,Cuba,Trinidad and Tobago,2,2,CONCACAF Nat League A,Cuba,1307,1384,137,109,2100000.0,10100000.0
2024-10-10,Venezuela,Argentina,1,1,World Cup qualifier,Venezuela,1783,2137,25,2,62780000.0,761200000.0
2024-10-10,Ecuador,Paraguay,0,0,World Cup qualifier,Ecuador,1858,1724,16,39,366730000.0,134450000.0
2024-10-10,Bolivia,Colombia,1,0,World Cup qualifier,Bolivia,1671,2025,51,3,19280000.0,300500000.0
2024-10-10,Gibraltar,San Marino,1,0,European Nations League D,Gibraltar,1059,793,180,209,1380000.0,1120000.0
2024-10-10,St Vincent & Grenadines,El Salvador,2,3,CONCACAF Nat League B,St Vincent & Grenadines,1075,1419,177,101,0.0,6960000.0
2024-10-10,Moldova,Andorra,2,0,European Nations League D,Moldova,1370,1077,113,176,10530000.0,3340000.0
2024-10-10,Australia,China,3,1,World Cup qualifier,Australia,1729,1376,37,111,51330000.0,12480000.0
2024-10-10,Burkina Faso,Burundi,4,1,African Nations Cup qual,Ivory Coast,1529,1295,73,142,121230000.0,12450000.0
2024-10-10,Algeria,Togo,5,1,African Nations Cup qual,Algeria,1675,1365,50,114,227850000.0,29680000.0
2024-10-10,New Caledonia,Papua New Guinea,3,1,World Cup qualifier,Fiji,1248,1061,153,179,5200000.0,0.0
2024-10-10,Fiji,Solomon Islands,1,0,World Cup qualifier,Fiji,1215,1174,158,162,2450000.0,450000.0
2024-10-10,Uzbekistan,Iran,0,0,World Cup qualifier,Uzbekistan,1693,1818,47,19,79280000.0,34680000.0
2024-10-10,United Arab Emirates,North Korea,1,1,World Cup qualifier,the United Arab Emirates,1526,1419,74,101,31130000.0,6850000.0
2024-10-10,Saudi Arabia,Japan,0,2,World Cup qualifier,Saudi Arabia,1574,1889,68,14,27630000.0,263899999.0
2024-10-10,Qatar,Kyrgyzstan,3,1,World Cup qualifier,Qatar,1579,1270,65,144,17930000.0,7580000.0
2024-10-10,Jordan,South Korea,0,2,World Cup qualifier,Jordan,1601,1774,59,28,16079999.0,142200000.0
2024-10-10,Iraq,Palestine,1,0,World Cup qualifier,Iraq,1665,1405,53,105,19780000.0,7630000.0
2024-10-10,Bahrain,Indonesia,2,2,World Cup qualifier,Bahrain,1467,1373,87,112,6230000.0,30580000.0
2024-10-10,Zimbabwe,Namibia,1,0,African Nations Cup qual,South Africa,1354,1328,118,130,7100000.0,2080000.0
2024-10-10,Ghana,Sudan,0,0,African Nations Cup qual,Ghana,1488,1396,86,106,220780000.0,3250000.0
2024-10-10,DR Congo,Tanzania,1,0,African Nations Cup qual,DR Congo,1582,1387,62,108,153500000.0,7530000.0
2024-10-10,Cape Verde,Botswana,0,1,African Nations Cup qual,Cape Verde,1515,1319,81,135,53430000.0,3080000.0
2024-10-10,Oman,Kuwait,4,0,World Cup qualifier,Oman,1516,1340,78,126,6100000.0,4350000.0
2024-10-11,Angola,Niger,2,0,African Nations Cup qual,Angola,1586,1235,63,154,52200000.0,9980000.0
2024-10-11,Estonia,Azerbaijan,3,1,European Nations League C,Estonia,1386,1430,109,97,7000000.0,16230000.0
2024-10-11,Slovakia,Sweden,2,2,European Nations League C,Slovakia,1695,1708,46,43,130550000.0,435380000.0
2024-10-11,Ukraine,Georgia,1,0,European Nations League B,Poland,1786,1735,23,37,288200000.0,199050000.0
2024-10-11,Iceland,Wales,2,2,European Nations League B,Iceland,1576,1699,67,45,74000000.0,199050000.0
2024-10-11,Czechia,Albania,2,0,European Nations League B,Czechia,1737,1623,36,56,179080000.0,81750000.0
2024-10-11,Hungary,Netherlands,1,1,European Nations League A,Hungary,1771,1954,30,9,210800000.0,766000000.0
2024-10-11,Curaçao,Grenada,0,0,CONCACAF Nat League B,Saint Lucia,1314,1083,135,176,28680000.0,1750000.0
2024-10-11,Sint Maarten,Puerto Rico,3,2,CONCACAF Nat League B,Aruba,924,1109,195,170,325000.0,1180000.0
2024-10-11,Saint Lucia,Saint Martin,2,1,CONCACAF Nat League B,Saint Lucia,1144,910,165,198,250000.0,0.0
2024-10-11,Aruba,Haiti,1,3,CONCACAF Nat League B,Aruba,940,1520,194,78,125000.0,56830000.0
2024-10-11,Suriname,Costa Rica,1,1,CONCACAF Nat League A,Suriname,1348,1651,120,53,37650000.0,18700000.0
2024-10-11,Guyana,Guatemala,1,3,CONCACAF Nat League A,Guyana,1233,1522,155,76,1500000.0,5400000.0
2024-10-11,Peru,Uruguay,1,0,World Cup qualifier,Peru,1741,1927,35,12,28900000.0,362450000.0
2024-10-11,Benin,Rwanda,3,0,African Nations Cup qual,Ivory Coast,1437,1322,96,131,17080000.0,6800000.0
2024-10-11,Bosnia and Herzegovina,Germany,1,2,European Nations League A,Bosnia and Herzegovina,1487,1960,86,8,133400000.0,773500000.0
2024-10-11,Cameroon,Kenya,4,1,African Nations Cup qual,Cameroon,1591,1419,62,102,197400000.0,10930000.0
2024-10-11,Turkey,Montenegro,1,0,European Nations League B,Turkey,1815,1512,20,82,522700000.0,60130000.0
2024-10-11,Equatorial Guinea,Liberia,1,0,African Nations Cup qual,Equatorial Guinea,1527,1259,74,147,12050000.0,14150000.0
2024-10-11,Thailand,Philippines,3,1,King's Cup,Thailand,1442,1041,95,183,6380000.0,6430000.0
2024-10-11,Syria,Tajikistan,1,0,King's Cup,Thailand,1451,1340,93,125,7200000.0,7700000.0
2024-10-11,New Zealand,Tahiti,3,0,World Cup qualifier,Vanuatu,1576,1179,67,161,31700000.0,60000.0
2024-10-11,Uganda,South Sudan,1,0,African Nations Cup qual,Uganda,1393,1109,107,170,8750000.0,1600000.0
2024-10-11,Tunisia,Comoros,0,1,African Nations Cup qual,Tunisia,1642,1378,54,111,66550000.0,3280000.0
2024-10-11,South Africa,Congo,5,0,African Nations Cup qual,South Africa,1558,1254,71,150,41150000.0,2600000.0
2024-10-11,Zambia,Chad,0,0,African Nations Cup qual,Zambia,1343,1172,122,163,14630000.0,6100000.0
2024-10-11,Nigeria,Libya,1,0,African Nations Cup qual,Nigeria,1595,1371,61,114,218080000.0,11430000.0
2024-10-11,Mozambique,Eswatini,1,1,African Nations Cup qual,Mozambique,1425,1232,100,156,30100000.0,1080000.0
2024-10-11,Egypt,Mauritania,2,0,African Nations Cup qual,Egypt,1671,1342,50,123,108830000.0,23600000.0
2024-10-11,Mali,Guinea-Bissau,1,0,African Nations Cup qual,Mali,1596,1352,60,119,35700000.0,41400000.0
2024-10-11,Ivory Coast,Sierra Leone,4,1,African Nations Cup qual,Ivory Coast,1638,1294,55,142,514900000.0,13430000.0
2024-10-11,Gambia,Madagascar,1,1,African Nations Cup qual,Morocco,1341,1325,124,129,72280000.0,8230000.0
2024-10-11,Gabon,Lesotho,0,0,African Nations Cup qual,Gabon,1430,1219,97,157,34450000.0,675000.0
2024-10-11,Senegal,Malawi,4,0,African Nations Cup qual,Senegal,1756,1261,32,146,474000000.0,2049999.0
2024-10-12,Serbia,Switzerland,2,0,European Nations League A,Serbia,1811,1827,22,18,296500000.0,317600000.0
2024-10-12,Bermuda,Dominica,6,1,CONCACAF Nat League B,Bermuda,1144,997,165,186,375000.0,0.0
2024-10-12,Dominican Republic,Antigua and Barbuda,5,0,CONCACAF Nat League B,Bermuda,1250,933,150,194,18030000.0,650000.0
2024-10-12,Bahamas,US Virgin Islands,3,1,CONCACAF Nat League C,Barbados,806,587,209,233,0.0,0.0
2024-10-12,Cayman Islands,British Virgin Islands,1,0,CONCACAF Nat League C,Saint Kitts and Nevis,821,626,207,228,0.0,0.0
2024-10-12,Croatia,Scotland,2,1,European Nations League A,Croatia,1917,1698,13,45,357300000.0,207830000.0
2024-10-12,Poland,Portugal,1,3,European Nations League A,Poland,1728,1994,39,6,214000000.0,968500000.0
2024-10-12,Spain,Denmark,1,0,European Nations League A,Spain,2160,1859,1,15,1310000000.0,368000000.0
2024-10-12,Turks and Caicos Islands,Anguilla,2,1,CONCACAF Nat League C,Belize,652,621,226,230,50000.0,0.0
2024-10-12,Bulgaria,Luxembourg,0,0,European Nations League C,Bulgaria,1494,1470,84,87,29750000.0,32900000.0
2024-10-12,Cyprus,Romania,0,3,European Nations League C,Cyprus,1299,1723,138,41,19100000.0,97200000.0
2024-10-12,Lithuania,Kosovo,1,2,European Nations League C,Lithuania,1308,1527,135,74,18550000.0,114280000.0
2024-10-12,Guinea,Ethiopia,4,1,African Nations Cup qual,Ivory Coast,1465,1277,90,143,74250000.0,2780000.0
2024-10-12,Morocco,Central African Republic,5,0,African Nations Cup qual,Morocco,1782,1327,27,128,456000000.0,6980000.0
2024-10-12,Vanuatu,Samoa,4,1,World Cup qualifier,Vanuatu,1096,733,175,215,585000.0,350000.0
2024-10-12,Belarus,Northern Ireland,0,0,European Nations League C,Hungary,1467,1519,88,79,14000000.0,79880000.0
2024-10-13,Bonaire,Montserrat,1,0,CONCACAF Nat League B,St Vincent & Grenadines,849,965,205,188,350000.0,375000.0
2024-10-13,St Vincent & Grenadines,El Salvador,2,1,CONCACAF Nat League B,St Vincent & Grenadines,1107,1387,173,107,0.0,6960000.0
2024-10-13,Austria,Norway,5,1,European Nations League B,Austria,1876,1756,15,32,258300000.0,504000000.0
2024-10-13,Finland,England,1,3,European Nations League B,Finland,1570,1971,70,7,41700000.0,1620000000.0
2024-10-13,Kazakhstan,Slovenia,0,1,European Nations League B,Kazakhstan,1444,1759,93,31,17700000.0,143850000.0
2024-10-13,Armenia,North Macedonia,0,2,European Nations League C,Armenia,1424,1603,100,58,40380000.0,38680000.0
2024-10-13,Greece,Ireland,2,0,European Nations League B,Greece,1823,1600,19,60,315600000.0,144080000.0
2024-10-13,Liechtenstein,Gibraltar,0,0,European Nations League D,Liechtenstein,965,1059,188,180,600000.0,1380000.0
2024-10-13,Malta,Moldova,1,0,European Nations League D,Malta,1280,1349,143,119,14750000.0,10530000.0
2024-10-13,Burkina Faso,Burundi,2,0,African Nations Cup qual,Ivory Coast,1541,1283,73,142,121230000.0,12450000.0
2024-10-13,Faroe Islands,Latvia,1,1,European Nations League C,the Faroe Islands,1247,1300,153,138,4950000.0,17530000.0
2024-10-14,Italy,Israel,4,1,European Nations League A,Italy,1940,1547,9,72,833500000.0,86900000.0
2024-10-14,Germany,Netherlands,1,0,European Nations League A,Germany,1974,1940,7,9,773500000.0,766000000.0
2024-10-14,Bosnia and Herzegovina,Hungary,0,2,European Nations League A,Bosnia and Herzegovina,1472,1786,86,24,133400000.0,210800000.0
2024-10-14,Belgium,France,1,2,European Nations League A,Belgium,1909,2040,13,3,558200000.0,1470000000.0
2024-10-14,Saint Lucia,Saint Martin,0,4,CONCACAF Nat League B,Saint Lucia,1079,975,178,188,250000.0,0.0
2024-10-14,Aruba,Haiti,3,5,CONCACAF Nat League B,Aruba,936,1524,194,78,125000.0,56830000.0
2024-10-14,Curaçao,Grenada,1,0,CONCACAF Nat League B,Saint Lucia,1322,1075,127,179,28680000.0,1750000.0
2024-10-14,Trinidad and Tobago,Cuba,3,1,CONCACAF Nat League A,Trinidad and Tobago,1400,1291,105,140,10100000.0,2100000.0
2024-10-14,Nicaragua,French Guiana,3,2,CONCACAF Nat League A,Nicaragua,1363,1256,116,147,2580000.0,125000.0
2024-10-14,Jamaica,Honduras,0,0,CONCACAF Nat League A,Jamaica,1605,1528,57,75,53850000.0,16300000.0
2024-10-14,Czechia,Ukraine,1,1,European Nations League B,Poland,1740,1783,35,26,179080000.0,288200000.0
2024-10-14,Puerto Rico,Sint Maarten,2,1,CONCACAF Nat League B,Aruba,1119,914,168,197,1180000.0,325000.0
2024-10-14,Georgia,Albania,0,1,European Nations League B,Georgia,1704,1654,45,53,199050000.0,81750000.0
2024-10-14,Wales,Montenegro,1,0,European Nations League B,Wales,1705,1506,44,83,199050000.0,60130000.0
2024-10-14,Iceland,Turkey,2,4,European Nations League B,Iceland,1557,1834,71,18,74000000.0,522700000.0
2024-10-14,Philippines,Tajikistan,3,0,King's Cup,Thailand,1086,1295,176,138,6430000.0,7700000.0
2024-10-14,Zimbabwe,Namibia,3,1,African Nations Cup qual,South Africa,1382,1300,110,135,7100000.0,2080000.0
2024-10-14,Togo,Algeria,0,1,African Nations Cup qual,Togo,1356,1684,118,48,29680000.0,227850000.0
2024-10-14,Mozambique,Eswatini,3,0,African Nations Cup qual,South Africa,1442,1215,94,158,30100000.0,1080000.0
2024-10-14,Thailand,Syria,2,1,King's Cup,Thailand,1453,1440,92,95,6380000.0,7200000.0
2024-10-14,Gambia,Madagascar,1,0,African Nations Cup qual,Morocco,1360,1306,117,133,72280000.0,8230000.0
2024-10-14,Cameroon,Kenya,1,0,African Nations Cup qual,Uganda,1602,1408,59,103,197400000.0,10930000.0
2024-10-14,Estonia,Sweden,0,3,European Nations League C,Estonia,1371,1723,114,40,7000000.0,435380000.0
2024-10-14,Azerbaijan,Slovakia,1,3,European Nations League C,Azerbaijan,1413,1712,102,43,16230000.0,130550000.0
2024-10-14,Liberia,Equatorial Guinea,1,2,African Nations Cup qual,Liberia,1248,1538,151,74,14150000.0,12050000.0
2024-10-15,Scotland,Portugal,0,0,European Nations League A,Scotland,1708,1984,44,6,207830000.0,968500000.0
2024-10-15,Botswana,Cape Verde,1,0,African Nations Cup qual,Botswana,1344,1490,124,83,3080000.0,53430000.0
2024-10-15,Angola,Niger,1,0,African Nations Cup qual,Morocco,1591,1230,64,154,52200000.0,9980000.0
2024-10-15,Northern Ireland,Bulgaria,5,0,European Nations League C,Northern Ireland,1545,1468,73,88,79880000.0,29750000.0
2024-10-15,Lithuania,Romania,1,2,European Nations League C,Lithuania,1302,1729,135,39,18550000.0,97200000.0
2024-10-15,Kosovo,Cyprus,3,0,European Nations League C,Kosovo,1536,1290,76,141,114280000.0,19100000.0
2024-10-15,Belarus,Luxembourg,1,1,European Nations League C,Hungary,1467,1470,89,87,14000000.0,32900000.0
2024-10-15,Switzerland,Denmark,2,2,European Nations League A,Switzerland,1823,1863,20,17,317600000.0,368000000.0
2024-10-15,Spain,Serbia,3,0,European Nations League A,Spain,2165,1806,1,22,1310000000.0,296500000.0
2024-10-15,Poland,Croatia,3,3,European Nations League A,Poland,1733,1912,37,12,214000000.0,357300000.0
2024-10-15,Costa Rica,Guatemala,3,0,CONCACAF Nat League A,Costa Rica,1666,1507,52,80,18700000.0,5400000.0
2024-10-15,Belize,Turks and Caicos Islands,3,0,CONCACAF Nat League C,Belize,1063,648,180,226,375000.0,50000.0
2024-10-15,Barbados,Bahamas,6,2,CONCACAF Nat League C,Barbados,978,792,188,209,200000.0,0.0
2024-10-15,Dominican Republic,Antigua and Barbuda,5,0,CONCACAF Nat League B,Bermuda,1261,922,146,195,18030000.0,650000.0
2024-10-15,Bermuda,Dominica,3,2,CONCACAF Nat League B,Bermuda,1152,989,165,187,375000.0,0.0
2024-10-15,Uruguay,Ecuador,0,0,World Cup qualifier,Uruguay,1918,1867,11,16,362450000.0,366730000.0
2024-10-15,Paraguay,Venezuela,2,1,World Cup qualifier,Paraguay,1742,1765,34,30,134450000.0,62780000.0
2024-10-15,Colombia,Chile,4,0,World Cup qualifier,Colombia,2030,1675,4,50,300500000.0,72700000.0
2024-10-15,Brazil,Peru,4,0,World Cup qualifier,Brazil,2013,1733,5,37,908700000.0,28900000.0
2024-10-15,Argentina,Bolivia,6,0,World Cup qualifier,Argentina,2140,1668,2,51,761200000.0,19280000.0
2024-10-15,Comoros,Tunisia,1,1,African Nations Cup qual,Ivory Coast,1391,1629,108,55,3280000.0,66550000.0
2024-10-15,Saint Kitts and Nevis,Cayman Islands,1,1,CONCACAF Nat League C,Saint Kitts and Nevis,1092,837,175,206,575000.0,0.0
2024-10-15,Congo,South Africa,1,1,African Nations Cup qual,Congo,1265,1547,145,71,2600000.0,41150000.0
2024-10-15,Suriname,Guyana,5,1,CONCACAF Nat League A,Suriname,1365,1216,114,155,37650000.0,1500000.0
2024-10-15,Guinea,Ethiopia,3,0,African Nations Cup qual,Ivory Coast,1483,1259,84,147,74250000.0,2780000.0
2024-10-15,Brunei,East Timor,0,0,Southeast Asian Champ qual,Thailand,667,674,225,223,680000.0,925000.0
2024-10-15,Uzbekistan,United Arab Emirates,1,0,World Cup qualifier,Uzbekistan,1700,1519,47,79,79280000.0,31130000.0
2024-10-15,South Korea,Iraq,3,2,World Cup qualifier,South Korea,1783,1656,27,53,142200000.0,19780000.0
2024-10-15,Saudi Arabia,Bahrain,0,0,World Cup qualifier,Saudi Arabia,1563,1478,69,85,27630000.0,6230000.0
2024-10-15,Gabon,Lesotho,2,0,African Nations Cup qual,South Africa,1444,1205,93,159,34450000.0,675000.0
2024-10-15,Kyrgyzstan,North Korea,1,0,World Cup qualifier,Kyrgyzstan,1293,1396,139,107,7580000.0,6850000.0
2024-10-15,Kuwait,Palestine,2,2,World Cup qualifier,Qatar,1344,1401,124,105,4350000.0,7630000.0
2024-10-15,Jordan,Oman,4,0,World Cup qualifier,Jordan,1620,1497,56,82,16079999.0,6100000.0
2024-10-15,Japan,Australia,1,1,World Cup qualifier,Japan,1876,1742,14,34,263899999.0,51330000.0
2024-10-15,Iran,Qatar,4,1,World Cup qualifier,the United Arab Emirates,1832,1565,19,68,34680000.0,17930000.0
2024-10-15,China,Indonesia,2,1,World Cup qualifier,China,1390,1359,109,119,12480000.0,30580000.0
2024-10-15,Zambia,Chad,1,0,African Nations Cup qual,Cameroon,1354,1161,121,164,14630000.0,6100000.0
2024-10-15,Tanzania,DR Congo,0,2,African Nations Cup qual,Tanzania,1365,1604,114,58,7530000.0,153500000.0
2024-10-15,Sudan,Ghana,2,0,African Nations Cup qual,Libya,1434,1450,97,92,3250000.0,220780000.0
2024-10-15,South Sudan,Uganda,1,2,African Nations Cup qual,South Sudan,1099,1403,173,104,1600000.0,8750000.0
2024-10-15,Sierra Leone,Ivory Coast,1,0,African Nations Cup qual,Liberia,1329,1603,128,59,13430000.0,514900000.0
2024-10-15,Rwanda,Benin,2,1,African Nations Cup qual,Rwanda,1343,1416,126,101,6800000.0,17080000.0
2024-10-15,Morocco,Central African Republic,4,0,African Nations Cup qual,Morocco,1785,1324,26,130,456000000.0,6980000.0
2024-10-15,Mauritania,Egypt,0,1,African Nations Cup qual,Mauritania,1334,1679,127,49,23600000.0,108830000.0
2024-10-15,Malawi,Senegal,0,1,African Nations Cup qual,Malawi,1257,1760,148,31,2049999.0,474000000.0
2024-10-15,Guinea-Bissau,Mali,0,0,African Nations Cup qual,Guinea-Bissau,1360,1588,117,65,41400000.0,35700000.0
2024-11-13,Cameroon,Namibia,0,0,African Nations Cup qual,South Africa,1588,1314,64,133,197400000.0,2080000.0
2024-11-13,Chad,Sierra Leone,1,1,African Nations Cup qual,Ivory Coast,1170,1320,164,132,6100000.0,13430000.0
2024-11-13,Liberia,Togo,1,0,African Nations Cup qual,Liberia,1268,1336,145,126,14150000.0,29680000.0
2024-11-14,New Caledonia,Solomon Islands,3,2,World Cup qualifier,Papua New Guinea,1264,1158,148,164,5200000.0,450000.0
2024-11-14,Papua New Guinea,Fiji,3,3,World Cup qualifier,Papua New Guinea,1064,1212,181,159,0.0,2450000.0
2024-11-14,United Arab Emirates,Kyrgyzstan,3,0,World Cup qualifier,the United Arab Emirates,1528,1284,77,142,31130000.0,7580000.0
2024-11-14,Qatar,Uzbekistan,3,2,World Cup qualifier,Qatar,1587,1678,64,49,17930000.0,79280000.0
2024-11-14,Ecuador,Bolivia,4,0,World Cup qualifier,Ecuador,1878,1657,15,51,366730000.0,19280000.0
2024-11-14,Kuwait,South Korea,1,3,World Cup qualifier,Kuwait,1337,1790,124,25,4350000.0,142200000.0
2024-11-14,Iraq,Jordan,0,0,World Cup qualifier,Iraq,1649,1627,53,56,19780000.0,16079999.0
2024-11-14,Iran,North Korea,3,2,World Cup qualifier,Laos,1835,1393,18,106,34680000.0,6850000.0
2024-11-14,Bahrain,China,0,1,World Cup qualifier,Bahrain,1448,1420,91,99,6230000.0,12480000.0
2024-11-14,Australia,Saudi Arabia,0,0,World Cup qualifier,Australia,1729,1576,39,68,51330000.0,27630000.0
2024-11-14,Belize,French Guiana,2,1,CONCACAF Champ qual,Belize,1088,1231,176,155,375000.0,125000.0
2024-11-14,St Vincent & Grenadines,Montserrat,2,1,CONCACAF Nat League B,El Salvador,1119,953,169,191,0.0,375000.0
2024-11-14,El Salvador,Bonaire,1,0,CONCACAF Nat League B,El Salvador,1388,848,110,205,6960000.0,350000.0
2024-11-14,Jamaica,United States,0,1,CONCACAF Nat League,Jamaica,1586,1747,65,34,53850000.0,356700000.0
2024-11-14,Costa Rica,Panama,0,1,CONCACAF Nat League,Costa Rica,1643,1736,54,36,18700000.0,32400000.0
2024-11-14,Venezuela,Brazil,1,1,World Cup qualifier,Venezuela,1773,2005,32,5,62780000.0,908700000.0
2024-11-14,Paraguay,Argentina,2,1,World Cup qualifier,Paraguay,1776,2106,30,2,134450000.0,761200000.0
2024-11-14,Belgium,Italy,0,1,European Nations League A,Belgium,1885,1964,13,9,558200000.0,833500000.0
2024-11-14,Saint Kitts and Nevis,Cuba,2,1,CONCACAF Champ qual,Saint Kitts and Nevis,1118,1265,171,147,575000.0,2100000.0
2024-11-14,France,Israel,0,0,European Nations League A,France,2021,1566,4,69,1470000000.0,86900000.0
2024-11-14,Oman,Palestine,1,0,World Cup qualifier,Oman,1507,1391,80,107,6100000.0,7630000.0
2024-11-14,Ireland,Finland,1,0,European Nations League B,Ireland,1613,1557,57,70,144080000.0,41700000.0
2024-11-14,Greece,England,0,3,European Nations League B,Greece,1793,2001,24,6,315600000.0,1620000000.0
2024-11-14,Tunisia,Madagascar,3,2,African Nations Cup qual,South Africa,1634,1301,55,135,66550000.0,8230000.0
2024-11-14,South Sudan,Congo,3,2,African Nations Cup qual,South Sudan,1123,1241,168,153,1600000.0,2600000.0
2024-11-14,Senegal,Burkina Faso,1,0,African Nations Cup qual,Mali,1769,1532,33,76,474000000.0,121230000.0
2024-11-14,Rwanda,Libya,0,1,African Nations Cup qual,Rwanda,1319,1395,131,105,6800000.0,11430000.0
2024-11-14,Lesotho,Central African Republic,1,0,African Nations Cup qual,South Africa,1232,1297,154,137,675000.0,6980000.0
2024-11-14,Equatorial Guinea,Algeria,0,0,African Nations Cup qual,Equatorial Guinea,1541,1681,74,47,12050000.0,227850000.0
2024-11-14,Burundi,Malawi,0,0,African Nations Cup qual,Ivory Coast,1282,1258,144,151,12450000.0,2049999.0
2024-11-14,Benin,Nigeria,1,1,African Nations Cup qual,Ivory Coast,1425,1586,97,65,17080000.0,218080000.0
2024-11-14,North Macedonia,Latvia,1,0,European Nations League C,North Macedonia,1607,1296,58,138,38680000.0,17530000.0
2024-11-14,Armenia,Faroe Islands,0,1,European Nations League C,Armenia,1391,1280,107,145,40380000.0,4950000.0
2024-11-14,Slovenia,Norway,1,4,European Nations League B,Slovenia,1714,1801,42,22,143850000.0,504000000.0
2024-11-14,Kazakhstan,Austria,0,2,European Nations League B,Kazakhstan,1436,1884,96,14,17700000.0,258300000.0
2024-11-14,Niger,Sudan,4,0,African Nations Cup qual,Togo,1287,1377,141,112,9980000.0,3250000.0
2024-11-15,Switzerland,Serbia,1,1,European Nations League A,Switzerland,1817,1812,20,21,317600000.0,296500000.0
2024-11-15,Scotland,Croatia,1,0,European Nations League A,Scotland,1734,1886,37,12,207830000.0,357300000.0
2024-11-15,Portugal,Poland,5,1,European Nations League A,Portugal,1993,1724,7,39,968500000.0,214000000.0
2024-11-15,Denmark,Spain,1,2,European Nations League A,Denmark,1853,2175,17,1,368000000.0,1310000000.0
2024-11-15,Cayman Islands,Guadeloupe,0,6,CONCACAF Champ qual,the Cayman Islands,829,1334,207,127,0.0,12600000.0
2024-11-15,Barbados,Guyana,1,4,CONCACAF Champ qual,Barbados,956,1238,190,154,200000.0,1500000.0
2024-11-15,Curaçao,Saint Martin,5,0,CONCACAF Nat League B,Curaçao,1328,969,128,188,28680000.0,0.0
2024-11-15,Haiti,Sint Maarten,8,0,CONCACAF Nat League B,Puerto Rico,1527,911,79,197,56830000.0,325000.0
2024-11-15,Grenada,Saint Lucia,4,0,CONCACAF Nat League B,Curaçao,1113,1041,174,183,1750000.0,250000.0
2024-11-15,Suriname,Canada,0,1,CONCACAF Nat League,Suriname,1359,1781,117,29,37650000.0,129050000.0
2024-11-15,Honduras,Mexico,2,0,CONCACAF Nat League,Honduras,1572,1757,70,33,16300000.0,79800000.0
2024-11-15,Uruguay,Colombia,3,2,World Cup qualifier,Uruguay,1939,2009,11,4,362450000.0,300500000.0
2024-11-15,Peru,Chile,0,0,World Cup qualifier,Peru,1724,1684,39,47,28900000.0,72700000.0
2024-11-15,Luxembourg,Bulgaria,0,1,European Nations League C,Luxembourg,1444,1494,92,84,32900000.0,29750000.0
2024-11-15,Puerto Rico,Aruba,5,1,CONCACAF Nat League B,Puerto Rico,1131,924,167,194,1180000.0,125000.0
2024-11-15,Northern Ireland,Belarus,2,0,European Nations League C,Northern Ireland,1561,1451,72,89,79880000.0,14000000.0
2024-11-15,Angola,Ghana,1,1,African Nations Cup qual,Angola,1579,1462,66,87,52200000.0,220780000.0
2024-11-15,San Marino,Gibraltar,1,1,European Nations League D,San Marino,799,1050,209,181,1120000.0,1380000.0
2024-11-15,Zambia,Ivory Coast,1,0,African Nations Cup qual,Zambia,1382,1575,111,68,14630000.0,514900000.0
2024-11-15,Uganda,South Africa,0,2,African Nations Cup qual,Uganda,1377,1573,112,69,8750000.0,41150000.0
2024-11-15,Romania,Kosovo,0,0,European Nations League C,Romania,1715,1550,42,75,97200000.0,114280000.0
2024-11-15,Kenya,Zimbabwe,1,1,African Nations Cup qual,South Africa,1407,1383,103,110,10930000.0,7100000.0
2024-11-15,Gabon,Morocco,1,5,African Nations Cup qual,Gabon,1429,1800,95,23,34450000.0,456000000.0
2024-11-15,Eswatini,Guinea-Bissau,1,1,African Nations Cup qual,South Africa,1223,1352,157,119,1080000.0,41400000.0
2024-11-15,Mozambique,Mali,0,1,African Nations Cup qual,Mozambique,1425,1605,96,59,30100000.0,35700000.0
2024-11-15,Cape Verde,Egypt,1,1,African Nations Cup qual,Cape Verde,1495,1674,83,50,53430000.0,108830000.0
2024-11-15,Botswana,Mauritania,1,1,African Nations Cup qual,Botswana,1338,1340,124,123,3080000.0,23600000.0
2024-11-15,Cyprus,Lithuania,2,1,European Nations League C,Cyprus,1305,1287,134,140,19100000.0,18550000.0
2024-11-15,Tahiti,Samoa,3,0,World Cup qualifier,New Zealand,1184,728,161,215,60000.0,350000.0
2024-11-15,New Zealand,Vanuatu,8,1,World Cup qualifier,New Zealand,1583,1093,65,176,31700000.0,585000.0
2024-11-15,Indonesia,Japan,0,4,World Cup qualifier,Indonesia,1353,1882,118,15,30580000.0,263899999.0
2024-11-15,Comoros,Gambia,2,1,African Nations Cup qual,Morocco,1409,1342,102,122,3280000.0,72280000.0
2024-11-16,Bermuda,Antigua and Barbuda,2,1,CONCACAF Nat League B,the Dominican Republic,1160,914,164,196,375000.0,650000.0
2024-11-16,Dominican Republic,Dominica,6,1,CONCACAF Nat League B,the Dominican Republic,1269,981,146,187,18030000.0,0.0
2024-11-16,Germany,Bosnia and Herzegovina,7,0,European Nations League A,Germany,1977,1469,8,86,773500000.0,133400000.0
2024-11-16,Netherlands,Hungary,4,0,European Nations League A,the Netherlands,1954,1772,10,31,766000000.0,210800000.0
2024-11-16,Albania,Czechia,0,0,European Nations League B,Albania,1653,1741,52,35,81750000.0,179080000.0
2024-11-16,Georgia,Ukraine,1,1,European Nations League B,Georgia,1703,1784,45,27,199050000.0,288200000.0
2024-11-16,Montenegro,Iceland,0,2,European Nations League B,Montenegro,1472,1591,85,60,60130000.0,74000000.0
2024-11-16,Turkey,Wales,0,0,European Nations League B,Turkey,1822,1717,19,42,522700000.0,199050000.0
2024-11-16,Sweden,Slovakia,2,1,European Nations League C,Sweden,1737,1698,36,46,435380000.0,130550000.0
2024-11-16,Andorra,Moldova,0,1,European Nations League D,Andorra,1069,1360,179,117,3340000.0,10530000.0
2024-11-16,Guinea,DR Congo,1,0,African Nations Cup qual,Ivory Coast,1510,1577,80,67,74250000.0,153500000.0
2024-11-16,Tanzania,Ethiopia,2,0,African Nations Cup qual,DR Congo,1386,1238,110,153,7530000.0,2780000.0
2024-11-16,Azerbaijan,Estonia,0,0,European Nations League C,Azerbaijan,1405,1379,103,113,16230000.0,7000000.0
2024-11-17,El Salvador,Montserrat,1,0,CONCACAF Nat League B,El Salvador,1390,951,109,191,6960000.0,375000.0
2024-11-17,St Vincent & Grenadines,Bonaire,3,1,CONCACAF Nat League B,El Salvador,1129,838,168,205,0.0,350000.0
2024-11-17,Fiji,New Caledonia,1,1,World Cup qualifier,Papua New Guinea,1215,1261,159,149,2450000.0,5200000.0
2024-11-17,Papua New Guinea,Solomon Islands,1,2,World Cup qualifier,Papua New Guinea,1044,1178,182,162,0.0,450000.0
2024-11-17,Italy,France,1,3,European Nations League A,Italy,1930,2055,11,3,833500000.0,1470000000.0
2024-11-17,Austria,Slovenia,1,1,European Nations League B,Austria,1871,1727,15,40,258300000.0,143850000.0
2024-11-17,England,Ireland,5,0,European Nations League B,England,2006,1608,5,58,1620000000.0,144080000.0
2024-11-17,Israel,Belgium,1,0,European Nations League A,Hungary,1601,1850,60,17,86900000.0,558200000.0
2024-11-17,Norway,Kazakhstan,5,0,European Nations League B,Norway,1806,1431,23,94,504000000.0,17700000.0
2024-11-17,Latvia,Armenia,1,2,European Nations League C,Latvia,1276,1411,145,101,17530000.0,40380000.0
2024-11-17,North Macedonia,Faroe Islands,1,0,European Nations League C,North Macedonia,1610,1277,57,144,38680000.0,4950000.0
2024-11-17,Algeria,Liberia,5,1,African Nations Cup qual,Algeria,1685,1264,47,148,227850000.0,14150000.0
2024-11-17,Togo,Equatorial Guinea,3,0,African Nations Cup qual,Togo,1381,1496,113,82,29680000.0,12050000.0
2024-11-17,Finland,Greece,0,2,European Nations League B,Finland,1538,1812,75,21,41700000.0,315600000.0
2024-11-18,Serbia,Denmark,0,0,European Nations League A,Serbia,1809,1856,22,16,296500000.0,368000000.0
2024-11-18,Poland,Scotland,1,2,European Nations League A,Poland,1699,1759,45,33,214000000.0,207830000.0
2024-11-18,Croatia,Portugal,1,1,European Nations League A,Croatia,1886,1993,12,7,357300000.0,968500000.0
2024-11-18,Tahiti,Vanuatu,2,0,World Cup qualifier,New Zealand,1206,1071,160,177,60000.0,585000.0
2024-11-18,New Zealand,Samoa,8,0,World Cup qualifier,New Zealand,1583,728,64,216,31700000.0,350000.0
2024-11-18,Cuba,Saint Kitts and Nevis,4,0,CONCACAF Champ qual,Cuba,1280,1103,145,171,2100000.0,575000.0
2024-11-18,Puerto Rico,Haiti,0,3,CONCACAF Nat League B,Puerto Rico,1120,1538,169,75,1180000.0,56830000.0
2024-11-18,Saint Martin,Grenada,3,0,CONCACAF Nat League B,Curaçao,1018,1064,185,179,0.0,1750000.0
2024-11-18,Curaçao,Saint Lucia,4,1,CONCACAF Nat League B,Curaçao,1335,1034,128,184,28680000.0,250000.0
2024-11-18,United States,Jamaica,4,2,CONCACAF Nat League,the United States,1758,1575,34,67,356700000.0,53850000.0
2024-11-18,Panama,Costa Rica,2,2,CONCACAF Nat League,Panama,1726,1653,40,52,32400000.0,18700000.0
2024-11-18,Spain,Switzerland,3,2,European Nations League A,Spain,2178,1814,1,20,1310000000.0,317600000.0
2024-11-18,Sint Maarten,Aruba,1,0,CONCACAF Nat League B,Puerto Rico,932,903,194,200,325000.0,125000.0
2024-11-18,Kosovo,Lithuania,1,0,European Nations League C,Kosovo,1554,1283,73,142,114280000.0,18550000.0
2024-11-18,Bulgaria,Belarus,1,1,European Nations League C,Bulgaria,1486,1459,83,87,29750000.0,14000000.0
2024-11-18,Tunisia,Gambia,0,1,African Nations Cup qual,Tunisia,1598,1378,60,116,66550000.0,72280000.0
2024-11-18,Nigeria,Rwanda,1,2,African Nations Cup qual,Nigeria,1550,1355,74,121,218080000.0,6800000.0
2024-11-18,Morocco,Lesotho,7,0,African Nations Cup qual,Morocco,1802,1230,24,156,456000000.0,675000.0
2024-11-18,Libya,Benin,0,0,African Nations Cup qual,Libya,1391,1429,107,95,11430000.0,17080000.0
2024-11-18,Malawi,Burkina Faso,3,0,African Nations Cup qual,Malawi,1309,1481,135,84,2049999.0,121230000.0
2024-11-18,Gabon,Central African Republic,1,0,African Nations Cup qual,South Africa,1442,1284,91,140,34450000.0,6980000.0
2024-11-18,Comoros,Madagascar,1,0,African Nations Cup qual,Morocco,1423,1287,99,139,3280000.0,8230000.0
2024-11-18,Angola,Sudan,0,0,African Nations Cup qual,Libya,1569,1387,71,110,52200000.0,3250000.0
2024-11-18,Liechtenstein,San Marino,1,3,European Nations League D,Liechtenstein,913,848,196,205,600000.0,1120000.0
2024-11-18,Romania,Cyprus,4,1,European Nations League C,Romania,1719,1301,42,136,97200000.0,19100000.0
2024-11-18,Ghana,Niger,1,2,African Nations Cup qual,Ghana,1429,1320,95,131,220780000.0,9980000.0
2024-11-18,Luxembourg,Northern Ireland,2,2,European Nations League C,Luxembourg,1445,1560,90,72,32900000.0,79880000.0
2024-11-19,Oman,Iraq,0,1,World Cup qualifier,Oman,1489,1667,81,50,6100000.0,19780000.0
2024-11-19,Indonesia,Saudi Arabia,2,0,World Cup qualifier,Indonesia,1393,1536,110,77,30580000.0,27630000.0
2024-11-19,Kuwait,Jordan,1,1,World Cup qualifier,Kuwait,1347,1617,125,55,4350000.0,16079999.0
2024-11-19,Kyrgyzstan,Iran,2,3,World Cup qualifier,Kyrgyzstan,1281,1838,143,18,7580000.0,34680000.0
2024-11-19,Hungary,Germany,1,1,European Nations League A,Hungary,1778,1971,27,8,210800000.0,773500000.0
2024-11-19,United Arab Emirates,Qatar,5,0,World Cup qualifier,the United Arab Emirates,1563,1552,68,72,31130000.0,17930000.0
2024-11-19,Uzbekistan,North Korea,1,0,World Cup qualifier,Laos,1684,1387,49,113,79280000.0,6850000.0
2024-11-19,Bosnia and Herzegovina,Netherlands,1,1,European Nations League A,Bosnia and Herzegovina,1485,1938,84,10,133400000.0,766000000.0
2024-11-19,China,Japan,1,3,World Cup qualifier,China,1413,1889,101,13,12480000.0,263899999.0
2024-11-19,Palestine,South Korea,1,1,World Cup qualifier,Jordan,1407,1774,103,29,7630000.0,142200000.0
2024-11-19,Bahrain,Australia,2,2,World Cup qualifier,Bahrain,1458,1719,88,42,6230000.0,51330000.0
2024-11-19,Colombia,Ecuador,0,1,World Cup qualifier,Colombia,1977,1910,7,12,300500000.0,366730000.0
2024-11-19,Guadeloupe,Cayman Islands,1,0,CONCACAF Champ qual,Guadeloupe,1335,828,127,208,12600000.0,0.0
2024-11-19,Belize,French Guiana,2,2,CONCACAF Champ qual,Suriname,1096,1223,173,155,375000.0,125000.0
2024-11-19,Dominican Republic,Bermuda,6,1,CONCACAF Nat League B,the Dominican Republic,1287,1142,139,165,18030000.0,375000.0
2024-11-19,Antigua and Barbuda,Dominica,0,0,CONCACAF Nat League B,the Dominican Republic,918,977,195,188,650000.0,0.0
2024-11-19,Mexico,Honduras,4,0,CONCACAF Nat League,Mexico,1769,1560,32,69,79800000.0,16300000.0
2024-11-19,Canada,Suriname,3,0,CONCACAF Nat League,Canada,1784,1356,26,121,129050000.0,37650000.0
2024-11-19,Chile,Venezuela,4,2,World Cup qualifier,Chile,1713,1744,44,36,72700000.0,62780000.0
2024-11-19,Argentina,Peru,1,0,World Cup qualifier,Argentina,2108,1722,2,41,761200000.0,28900000.0
2024-11-19,Brazil,Uruguay,1,1,World Cup qualifier,Brazil,1996,1948,5,9,908700000.0,362450000.0
2024-11-19,Bolivia,Paraguay,2,2,World Cup qualifier,Bolivia,1658,1775,51,28,19280000.0,134450000.0
2024-11-19,Guyana,Barbados,5,3,CONCACAF Champ qual,Guyana,1244,950,153,190,1500000.0,200000.0
2024-11-19,Albania,Ukraine,1,2,European Nations League B,Albania,1635,1802,54,23,81750000.0,288200000.0
2024-11-19,Montenegro,Turkey,3,1,European Nations League B,Montenegro,1520,1774,78,29,60130000.0,522700000.0
2024-11-19,Zambia,Sierra Leone,2,0,African Nations Cup qual,Liberia,1407,1295,103,137,14630000.0,13430000.0
2024-11-19,Tanzania,Guinea,1,0,African Nations Cup qual,Tanzania,1407,1489,103,81,7530000.0,74250000.0
2024-11-19,Czechia,Georgia,2,1,European Nations League B,Czechia,1753,1691,35,47,179080000.0,199050000.0
2024-11-19,Senegal,Burundi,2,0,African Nations Cup qual,Senegal,1771,1280,31,144,474000000.0,12450000.0
2024-11-19,Mauritania,Cape Verde,1,0,African Nations Cup qual,Mauritania,1363,1472,119,86,23600000.0,53430000.0
2024-11-19,Mali,Eswatini,6,0,African Nations Cup qual,Mali,1610,1218,56,157,35700000.0,1080000.0
2024-11-19,South Africa,South Sudan,3,0,African Nations Cup qual,South Africa,1576,1120,64,169,41150000.0,1600000.0
2024-11-19,Ivory Coast,Chad,4,0,African Nations Cup qual,Ivory Coast,1579,1166,63,164,514900000.0,6100000.0
2024-11-19,Kenya,Namibia,0,0,African Nations Cup qual,South Africa,1402,1319,106,132,10930000.0,2080000.0
2024-11-19,Slovakia,Estonia,1,0,European Nations League C,Slovakia,1701,1376,45,118,130550000.0,7000000.0
2024-11-19,Sweden,Azerbaijan,6,0,European Nations League C,Sweden,1744,1398,36,108,435380000.0,16230000.0
2024-11-19,Malta,Andorra,0,0,European Nations League D,Malta,1269,1083,149,176,14750000.0,3340000.0
2024-11-19,Wales,Iceland,4,1,European Nations League B,Wales,1732,1576,38,64,199050000.0,74000000.0
2024-11-19,Congo,Uganda,0,1,African Nations Cup qual,Congo,1223,1395,155,109,2600000.0,8750000.0
2024-11-19,DR Congo,Ethiopia,1,2,African Nations Cup qual,DR Congo,1540,1275,74,148,153500000.0,2780000.0
2024-11-19,Egypt,Botswana,1,1,African Nations Cup qual,Egypt,1657,1355,52,122,108830000.0,3080000.0
2024-11-19,Guinea-Bissau,Mozambique,1,2,African Nations Cup qual,Guinea-Bissau,1330,1447,129,90,41400000.0,30100000.0
2024-11-19,Cameroon,Zimbabwe,2,1,African Nations Cup qual,Cameroon,1594,1377,61,117,197400000.0,7100000.0
2024-12-08,Hong Kong,Mongolia,3,0,East Asian Champ qual,Hong Kong,1127,752,168,213,3600000.0,500000.0
2024-12-08,Thailand,East Timor,10,0,Southeast Asian Champ,Vietnam,1438,673,93,224,6380000.0,925000.0
2024-12-08,Cambodia,Malaysia,2,2,Southeast Asian Champ,Cambodia,848,1274,205,148,2480000.0,7130000.0
2024-12-09,Laos,Vietnam,1,4,Southeast Asian Champ,Laos,673,1254,223,152,1320000.0,6380000.0
2024-12-09,Solomon Islands,Vanuatu,4,1,Melanesian Cup,the Solomon Islands,1194,1055,162,179,450000.0,585000.0
2024-12-09,Myanmar,Indonesia,0,1,Southeast Asian Champ,Myanmar,905,1397,199,109,3130000.0,30580000.0
2024-12-11,Malaysia,East Timor,3,2,Southeast Asian Champ,Malaysia,1275,672,147,224,7130000.0,925000.0
2024-12-11,Singapore,Cambodia,2,1,Southeast Asian Champ,Singapore,1102,843,172,206,4380000.0,2480000.0
2024-12-11,Taiwan,Mongolia,4,0,East Asian Champ qual,Hong Kong,930,730,195,214,1920000.0,500000.0
2024-12-12,Fiji,Vanuatu,1,1,Melanesian Cup,the Solomon Islands,1206,1064,159,177,2450000.0,585000.0
2024-12-12,Philippines,Myanmar,1,1,Southeast Asian Champ,the Philippines,1063,918,179,196,6430000.0,3130000.0
2024-12-12,Indonesia,Laos,3,3,Southeast Asian Champ,Indonesia,1377,693,116,219,30580000.0,1320000.0
2024-12-14,Hong Kong,Taiwan,2,1,East Asian Champ qual,Hong Kong,1133,924,167,195,3600000.0,1920000.0
2024-12-14,Guam,Macao,2,1,East Asian Champ qual,Hong Kong,697,599,219,232,240000.0,0.0
2024-12-14,Thailand,Malaysia,1,0,Southeast Asian Champ,Thailand,1445,1268,91,149,6380000.0,7130000.0
2024-12-14,Singapore,East Timor,3,0,Southeast Asian Champ,Vietnam,1107,667,171,224,4380000.0,925000.0
2024-12-15,Laos,Philippines,1,1,Southeast Asian Champ,Laos,706,1050,218,181,1320000.0,6430000.0
2024-12-15,Vietnam,Indonesia,1,0,Southeast Asian Champ,Vietnam,1275,1356,147,120,6380000.0,30580000.0
2024-12-15,Fiji,Papua New Guinea,1,1,Melanesian Cup,the Solomon Islands,1197,1053,161,180,2450000.0,0.0
2024-12-17,Hong Kong,Guam,5,0,East Asian Champ qual,Hong Kong,1136,694,167,220,3600000.0,240000.0
2024-12-17,Singapore,Thailand,2,4,Southeast Asian Champ,Singapore,1095,1457,173,89,4380000.0,6380000.0
2024-12-17,Cambodia,East Timor,2,1,Southeast Asian Champ,Cambodia,850,660,205,225,2480000.0,925000.0
2024-12-18,Solomon Islands,Papua New Guinea,2,3,Melanesian Cup,the Solomon Islands,1162,1085,164,176,450000.0,0.0
2024-12-18,Philippines,Vietnam,1,1,Southeast Asian Champ,the Philippines,1057,1268,180,149,6430000.0,6380000.0
2024-12-18,Myanmar,Laos,3,2,Southeast Asian Champ,Myanmar,924,700,195,218,3130000.0,1320000.0
2024-12-20,Malaysia,Singapore,0,0,Southeast Asian Champ,Malaysia,1255,1108,152,171,7130000.0,4380000.0
2024-12-20,Thailand,Cambodia,3,2,Southeast Asian Champ,Thailand,1458,849,88,205,6380000.0,2480000.0
2024-12-21,Solomon Islands,Fiji,1,3,Melanesian Cup,the Solomon Islands,1126,1233,168,154,450000.0,2450000.0
2024-12-21,Papua New Guinea,Vanuatu,2,1,Melanesian Cup,the Solomon Islands,1104,1045,172,182,0.0,585000.0
2024-12-21,Vietnam,Myanmar,5,0,Southeast Asian Champ,Vietnam,1274,918,148,196,6380000.0,3130000.0
2024-12-21,Indonesia,Philippines,0,1,Southeast Asian Champ,Indonesia,1320,1093,130,175,30580000.0,6430000.0
2024-12-21,Qatar,United Arab Emirates,1,1,Gulf Cup,Kuwait,1553,1562,72,68,17930000.0,31130000.0
2024-12-21,Kuwait,Oman,1,1,Gulf Cup,Kuwait,1319,1486,132,82,4350000.0,6100000.0
2024-12-22,Iraq,Yemen,1,0,Gulf Cup,Kuwait,1668,1091,50,176,19780000.0,1850000.0
2024-12-22,Bahrain,Saudi Arabia,3,2,Gulf Cup,Kuwait,1483,1517,85,78,6230000.0,27630000.0
2024-12-24,Kuwait,United Arab Emirates,2,1,Gulf Cup,Kuwait,1347,1534,124,75,4350000.0,31130000.0
2024-12-24,Oman,Qatar,2,1,Gulf Cup,Kuwait,1510,1529,79,76,6100000.0,17930000.0
2024-12-25,Saudi Arabia,Yemen,3,2,Gulf Cup,Kuwait,1520,1088,78,176,27630000.0,1850000.0
2024-12-25,Bahrain,Iraq,2,0,Gulf Cup,Kuwait,1528,1623,77,54,6230000.0,19780000.0
2024-12-26,Singapore,Vietnam,0,2,Southeast Asian Champ,Singapore,1084,1298,177,137,4380000.0,6380000.0
2024-12-27,Philippines,Thailand,2,1,Southeast Asian Champ,the Philippines,1126,1425,168,97,6430000.0,6380000.0
2024-12-27,Oman,United Arab Emirates,1,1,Gulf Cup,Kuwait,1511,1533,80,75,6100000.0,31130000.0
2024-12-27,Kuwait,Qatar,1,1,Gulf Cup,Kuwait,1352,1524,124,77,4350000.0,17930000.0
2024-12-28,Yemen,Bahrain,2,1,Gulf Cup,Kuwait,1125,1491,170,82,1850000.0,6230000.0
2024-12-28,Saudi Arabia,Iraq,3,1,Gulf Cup,Kuwait,1559,1584,70,61,27630000.0,19780000.0
2024-12-29,Vietnam,Singapore,3,1,Southeast Asian Champ,Vietnam,1306,1076,135,178,6380000.0,4380000.0
2024-12-30,Thailand,Philippines,3,1,Southeast Asian Champ,Thailand,1430,1121,95,170,6380000.0,6430000.0
2024-12-31,Oman,Saudi Arabia,2,1,Gulf Cup,Kuwait,1534,1536,76,75,6100000.0,27630000.0
2024-12-31,Kuwait,Bahrain,0,1,Gulf Cup,Kuwait,1334,1509,128,80,4350000.0,6230000.0
2025-01-02,Vietnam,Thailand,2,1,Southeast Asian Champ,Vietnam,1327,1409,130,102,6380000.0,6380000.0
2025-01-04,Bahrain,Oman,2,1,Gulf Cup,Kuwait,1530,1513,77,80,6230000.0,6100000.0
2025-01-05,Thailand,Vietnam,2,3,Southeast Asian Champ,Thailand,1379,1357,114,120,6380000.0,6380000.0
2025-03-19,Cameroon,Eswatini,0,0,World Cup qualifier,South Africa,1578,1234,63,154,197400000.0,1080000.0
2025-03-19,Liberia,Tunisia,0,1,World Cup qualifier,Liberia,1256,1606,150,58,14150000.0,66550000.0
2025-03-19,Madagascar,Central African Republic,4,1,World Cup qualifier,Morocco,1322,1249,130,152,8230000.0,6980000.0
2025-03-20,Benin,Zimbabwe,2,2,World Cup qualifier,South Africa,1426,1380,95,113,17080000.0,7100000.0
2025-03-20,Slovakia,Slovenia,0,0,European League B/C,Slovakia,1697,1731,47,41,130550000.0,143850000.0
2025-03-20,Kosovo,Iceland,2,1,European League B/C,Kosovo,1570,1560,65,68,114280000.0,74000000.0
2025-03-20,Bulgaria,Ireland,1,2,European League B/C,Bulgaria,1467,1627,89,55,29750000.0,144080000.0
2025-03-20,Armenia,Georgia,0,3,European League B/C,Armenia,1393,1709,109,45,40380000.0,199050000.0
2025-03-20,Ukraine,Belgium,3,1,European League A/B,Spain,1836,1816,18,20,288200000.0,558200000.0
2025-03-20,Turkey,Hungary,3,1,European League A/B,Turkey,1796,1756,25,32,522700000.0,210800000.0
2025-03-20,Greece,Scotland,0,1,European League A/B,Greece,1784,1787,29,27,315600000.0,207830000.0
2025-03-20,Austria,Serbia,1,1,European League A/B,Austria,1862,1818,16,19,258300000.0,296500000.0
2025-03-20,Netherlands,Spain,2,2,European Nations League,the Netherlands,1948,2168,9,1,766000000.0,1310000000.0
2025-03-20,Italy,Germany,1,2,European Nations League,Italy,1901,2000,13,6,833500000.0,773500000.0
2025-03-20,Denmark,Portugal,1,0,European Nations League,Denmark,1884,1965,15,7,368000000.0,968500000.0
2025-03-20,Croatia,France,2,0,European Nations League,Croatia,1931,2010,11,3,357300000.0,1470000000.0
2025-03-20,Peru,Bolivia,3,1,World Cup qualifier,Peru,1739,1641,38,52,28900000.0,19280000.0
2025-03-20,Paraguay,Chile,1,0,World Cup qualifier,Paraguay,1787,1716,27,44,134450000.0,72700000.0
2025-03-20,Brazil,Colombia,2,1,World Cup qualifier,Brazil,2009,1964,4,8,908700000.0,300500000.0
2025-03-20,Cape Verde,Mauritius,1,0,World Cup qualifier,Cape Verde,1474,1034,87,183,53430000.0,850000.0
2025-03-20,Gabon,Seychelles,3,0,World Cup qualifier,Gabon,1443,858,92,204,34450000.0,1030000.0
2025-03-20,United States,Panama,0,1,CONCACAF Nat League,the United States,1747,1740,35,37,356700000.0,32400000.0
2025-03-20,Libya,Angola,1,1,World Cup qualifier,Libya,1395,1565,107,67,11430000.0,52200000.0
2025-03-20,Gambia,Kenya,3,3,World Cup qualifier,Ivory Coast,1379,1401,114,103,72280000.0,10930000.0
2025-03-20,Uzbekistan,Kyrgyzstan,1,0,World Cup qualifier,Uzbekistan,1684,1279,49,144,79280000.0,7580000.0
2025-03-20,South Korea,Oman,1,1,World Cup qualifier,South Korea,1758,1523,31,79,142200000.0,6100000.0
2025-03-20,Saudi Arabia,China,1,0,World Cup qualifier,Saudi Arabia,1545,1416,72,99,27630000.0,12480000.0
2025-03-20,Qatar,North Korea,5,1,World Cup qualifier,Qatar,1541,1394,73,108,17930000.0,6850000.0
2025-03-20,Jordan,Palestine,3,1,World Cup qualifier,Jordan,1621,1398,56,104,16079999.0,7630000.0
2025-03-20,Iraq,Kuwait,2,2,World Cup qualifier,Iraq,1568,1338,66,128,19780000.0,4350000.0
2025-03-20,Iran,United Arab Emirates,2,0,World Cup qualifier,Iran,1843,1528,17,77,34680000.0,31130000.0
2025-03-20,Australia,Indonesia,5,1,World Cup qualifier,Australia,1723,1316,42,135,51330000.0,30580000.0
2025-03-20,Sierra Leone,Guinea-Bissau,3,1,World Cup qualifier,Liberia,1328,1297,130,137,13430000.0,41400000.0
2025-03-20,Mozambique,Uganda,3,1,World Cup qualifier,Egypt,1473,1369,88,117,30100000.0,8750000.0
2025-03-20,Mali,Comoros,3,0,World Cup qualifier,Morocco,1628,1405,54,102,35700000.0,3280000.0
2025-03-20,Malawi,Namibia,0,1,World Cup qualifier,Malawi,1284,1344,140,126,2049999.0,2080000.0
2025-03-20,Japan,Bahrain,2,0,World Cup qualifier,Japan,1893,1526,14,78,263899999.0,6230000.0
2025-03-21,Poland,Lithuania,1,0,World Cup qualifier,Poland,1701,1281,45,143,214000000.0,18550000.0
2025-03-21,Malta,Finland,0,1,World Cup qualifier,Malta,1258,1549,150,72,14750000.0,41700000.0
2025-03-21,England,Albania,2,0,World Cup qualifier,England,2010,1631,3,53,1620000000.0,81750000.0
2025-03-21,Cyprus,San Marino,2,0,World Cup qualifier,Cyprus,1303,846,136,206,19100000.0,1120000.0
2025-03-21,Andorra,Latvia,0,1,World Cup qualifier,Andorra,1068,1291,178,138,3340000.0,17530000.0
2025-03-21,Suriname,Martinique,1,0,CONCACAF Champ qual,Suriname,1374,1400,117,104,37650000.0,3830000.0
2025-03-21,St Vincent & Grenadines,Jamaica,1,1,CONCACAF Champ qual,St Vincent & Grenadines,1136,1556,166,71,0.0,53850000.0
2025-03-21,Bermuda,Honduras,3,5,CONCACAF Champ qual,Bermuda,1133,1557,167,70,375000.0,16300000.0
2025-03-21,Guadeloupe,Nicaragua,1,0,CONCACAF Champ qual,Guadeloupe,1351,1347,122,123,12600000.0,2580000.0
2025-03-21,Cuba,Trinidad and Tobago,1,2,CONCACAF Champ qual,Cuba,1261,1417,149,98,2100000.0,10100000.0
2025-03-21,Belize,Costa Rica,0,7,CONCACAF Champ qual,Belize,1090,1651,175,51,375000.0,18700000.0
2025-03-21,Uruguay,Argentina,0,1,World Cup qualifier,Uruguay,1931,2125,10,2,362450000.0,761200000.0
2025-03-21,Ecuador,Venezuela,2,1,World Cup qualifier,Ecuador,1917,1727,12,41,366730000.0,62780000.0
2025-03-21,Romania,Bosnia and Herzegovina,0,1,World Cup qualifier,Romania,1684,1520,48,80,97200000.0,133400000.0
2025-03-21,Guyana,Guatemala,3,2,CONCACAF Champ qual,Barbados,1277,1486,145,83,1500000.0,5400000.0
2025-03-21,Botswana,Algeria,1,3,World Cup qualifier,Botswana,1342,1698,126,46,3080000.0,227850000.0
2025-03-21,Morocco,Niger,2,1,World Cup qualifier,Morocco,1803,1319,23,134,456000000.0,9980000.0
2025-03-21,DR Congo,South Sudan,1,0,World Cup qualifier,DR Congo,1542,1118,74,172,153500000.0,1600000.0
2025-03-21,New Zealand,Fiji,7,0,World Cup qualifier,New Zealand,1589,1227,60,155,31700000.0,2450000.0
2025-03-21,New Caledonia,Tahiti,3,0,World Cup qualifier,New Zealand,1291,1176,138,162,5200000.0,60000.0
2025-03-21,Burkina Faso,Djibouti,4,1,World Cup qualifier,Morocco,1484,939,84,193,121230000.0,575000.0
2025-03-21,South Africa,Lesotho,2,0,World Cup qualifier,South Africa,1580,1226,62,156,41150000.0,675000.0
2025-03-21,Ivory Coast,Burundi,1,0,World Cup qualifier,Morocco,1585,1274,61,147,514900000.0,12450000.0
2025-03-21,Guinea,Somalia,0,0,World Cup qualifier,Ivory Coast,1470,914,88,198,74250000.0,860000.0
2025-03-21,Ghana,Chad,5,0,World Cup qualifier,Ghana,1438,1157,93,163,220780000.0,6100000.0
2025-03-21,Equatorial Guinea,Sao Tome and Principe,2,0,World Cup qualifier,Equatorial Guinea,1498,1044,82,182,12050000.0,1430000.0
2025-03-21,Egypt,Ethiopia,2,0,World Cup qualifier,Morocco,1663,1269,50,148,108830000.0,2780000.0
2025-03-21,Rwanda,Nigeria,0,2,World Cup qualifier,Rwanda,1333,1572,129,64,6800000.0,218080000.0
2025-03-22,Moldova,Norway,0,5,World Cup qualifier,Moldova,1346,1815,123,21,10530000.0,504000000.0
2025-03-22,Israel,Estonia,2,1,World Cup qualifier,Hungary,1610,1367,58,119,86900000.0,7000000.0
2025-03-22,Liechtenstein,North Macedonia,0,3,World Cup qualifier,Liechtenstein,911,1612,199,57,600000.0,38680000.0
2025-03-22,Montenegro,Gibraltar,3,1,World Cup qualifier,Montenegro,1522,1053,80,180,60130000.0,1380000.0
2025-03-22,Czechia,Faroe Islands,2,1,World Cup qualifier,Czechia,1754,1276,33,146,179080000.0,4950000.0
2025-03-22,Senegal,Sudan,0,0,World Cup qualifier,Libya,1755,1409,32,100,474000000.0,3250000.0
2025-03-22,Togo,Mauritania,2,2,World Cup qualifier,Togo,1374,1370,115,117,29680000.0,23600000.0
2025-03-22,Wales,Kazakhstan,3,1,World Cup qualifier,Wales,1737,1421,38,97,199050000.0,17700000.0
2025-03-23,Mexico,Panama,2,1,CONCACAF Nat League,the United States,1817,1723,22,39,79800000.0,32400000.0
2025-03-23,France,Croatia,2,0,European Nations League,France,2030,1911,3,13,1470000000.0,357300000.0
2025-03-23,Germany,Italy,3,3,European Nations League,Germany,1987,1914,7,12,773500000.0,833500000.0
2025-03-23,Portugal,Denmark,5,2,European Nations League,Portugal,1988,1861,6,15,968500000.0,368000000.0
2025-03-23,Spain,Netherlands,3,3,European Nations League,Spain,2150,1966,1,8,1310000000.0,766000000.0
2025-03-23,Belgium,Ukraine,3,0,European League A/B,Belgium,1843,1809,16,25,558200000.0,288200000.0
2025-03-23,Scotland,Greece,0,3,European League A/B,Scotland,1742,1829,34,21,207830000.0,315600000.0
2025-03-23,Hungary,Turkey,0,3,European League A/B,Hungary,1715,1837,44,19,210800000.0,522700000.0
2025-03-23,Georgia,Armenia,6,1,European League B/C,Georgia,1716,1386,42,109,199050000.0,40380000.0
2025-03-23,Iceland,Kosovo,1,3,European League B/C,Spain,1531,1599,76,60,74000000.0,114280000.0
2025-03-23,Ireland,Bulgaria,2,1,European League B/C,Ireland,1634,1460,53,90,144080000.0,29750000.0
2025-03-23,Slovenia,Slovakia,1,0,European League B/C,Slovenia,1744,1684,33,47,143850000.0,130550000.0
2025-03-23,Eswatini,Mauritius,3,3,World Cup qualifier,South Africa,1224,1044,156,182,1080000.0,850000.0
2025-03-23,Kenya,Gabon,1,2,World Cup qualifier,Kenya,1378,1466,114,89,10930000.0,34450000.0
2025-03-23,Serbia,Austria,2,0,European League A/B,Serbia,1843,1837,16,19,296500000.0,258300000.0
2025-03-24,Central African Republic,Mali,0,0,World Cup qualifier,Morocco,1265,1612,149,56,6980000.0,35700000.0
2025-03-24,Bosnia and Herzegovina,Cyprus,2,1,World Cup qualifier,Bosnia and Herzegovina,1526,1297,78,136,133400000.0,19100000.0
2025-03-24,Albania,Andorra,3,0,World Cup qualifier,Albania,1633,1066,54,178,81750000.0,3340000.0
2025-03-24,Lithuania,Finland,2,2,World Cup qualifier,Lithuania,1290,1540,137,75,18550000.0,41700000.0
2025-03-24,Poland,Malta,2,0,World Cup qualifier,Poland,1704,1255,45,152,214000000.0,14750000.0
2025-03-24,San Marino,Romania,1,5,World Cup qualifier,San Marino,845,1685,206,47,1120000.0,97200000.0
2025-03-24,Equatorial Guinea,Namibia,1,1,World Cup qualifier,South Africa,1490,1352,83,121,12050000.0,2080000.0
2025-03-24,England,Latvia,3,0,World Cup qualifier,England,2011,1290,4,137,1620000000.0,17530000.0
2025-03-24,Ghana,Madagascar,3,0,World Cup qualifier,Morocco,1462,1298,90,135,220780000.0,8230000.0
2025-03-24,Guinea-Bissau,Burkina Faso,1,2,World Cup qualifier,Guinea-Bissau,1282,1499,142,82,41400000.0,121230000.0
2025-03-24,Ivory Coast,Gambia,1,0,World Cup qualifier,Ivory Coast,1591,1373,62,116,514900000.0,72280000.0
2025-03-24,Liberia,Sao Tome and Principe,2,1,World Cup qualifier,Liberia,1262,1038,150,183,14150000.0,1430000.0
2025-03-24,Tunisia,Malawi,2,0,World Cup qualifier,Tunisia,1611,1279,58,143,66550000.0,2049999.0
2025-03-24,New Zealand,New Caledonia,3,0,World Cup qualifier,New Zealand,1595,1285,61,140,31700000.0,5200000.0
2025-03-24,Ethiopia,Djibouti,6,1,World Cup qualifier,Morocco,1279,929,143,194,2780000.0,575000.0
2025-03-25,North Macedonia,Wales,1,1,World Cup qualifier,North Macedonia,1613,1736,56,37,38680000.0,199050000.0
2025-03-25,Norway,Israel,4,2,World Cup qualifier,Hungary,1829,1596,21,61,504000000.0,86900000.0
2025-03-25,Algeria,Mozambique,5,1,World Cup qualifier,Algeria,1708,1463,45,88,227850000.0,30100000.0
2025-03-25,Angola,Cape Verde,1,2,World Cup qualifier,Angola,1535,1504,76,80,52200000.0,53430000.0
2025-03-25,Botswana,Somalia,2,0,World Cup qualifier,Botswana,1345,911,123,200,3080000.0,860000.0
2025-03-25,Comoros,Chad,1,0,World Cup qualifier,Morocco,1413,1149,99,163,3280000.0,6100000.0
2025-03-25,Cameroon,Libya,3,1,World Cup qualifier,Cameroon,1588,1385,64,111,197400000.0,11430000.0
2025-03-25,Montenegro,Faroe Islands,1,0,World Cup qualifier,Montenegro,1527,1271,78,147,60130000.0,4950000.0
2025-03-25,Egypt,Sierra Leone,1,0,World Cup qualifier,Egypt,1666,1325,50,127,108830000.0,13430000.0
2025-03-25,Mauritania,DR Congo,0,2,World Cup qualifier,Mauritania,1346,1566,122,65,23600000.0,153500000.0
2025-03-25,Morocco,Tanzania,2,0,World Cup qualifier,Morocco,1806,1404,26,102,456000000.0,7530000.0
2025-03-25,Nigeria,Zimbabwe,1,1,World Cup qualifier,Nigeria,1558,1394,69,106,218080000.0,7100000.0
2025-03-25,Burundi,Seychelles,5,0,World Cup qualifier,Morocco,1281,851,144,204,12450000.0,1030000.0
2025-03-25,Moldova,Estonia,2,3,World Cup qualifier,Moldova,1322,1391,130,107,10530000.0,7000000.0
2025-03-25,Trinidad and Tobago,Cuba,4,0,CONCACAF Champ qual,Trinidad and Tobago,1431,1247,95,153,10100000.0,2100000.0
2025-03-25,Czechia,Gibraltar,4,0,World Cup qualifier,Portugal,1755,1052,31,180,179080000.0,1380000.0
2025-03-25,Nicaragua,Guadeloupe,0,1,CONCACAF Champ qual,Nicaragua,1322,1376,130,115,2580000.0,12600000.0
2025-03-25,Martinique,Suriname,0,1,CONCACAF Champ qual,Martinique,1373,1401,116,104,3830000.0,37650000.0
2025-03-25,Jamaica,St Vincent & Grenadines,3,0,CONCACAF Champ qual,Jamaica,1559,1133,68,166,53850000.0,0.0
2025-03-25,Honduras,Bermuda,2,0,CONCACAF Champ qual,Honduras,1560,1130,67,168,16300000.0,375000.0
2025-03-25,Guatemala,Guyana,2,0,CONCACAF Champ qual,Guatemala,1495,1268,84,148,5400000.0,1500000.0
2025-03-25,Costa Rica,Belize,6,1,CONCACAF Champ qual,Costa Rica,1653,1088,51,175,18700000.0,375000.0
2025-03-25,Venezuela,Peru,1,0,World Cup qualifier,Venezuela,1742,1724,34,39,62780000.0,28900000.0
2025-03-25,Colombia,Paraguay,2,2,World Cup qualifier,Colombia,1951,1800,9,27,300500000.0,134450000.0
2025-03-25,Chile,Ecuador,0,0,World Cup qualifier,Chile,1722,1911,41,12,72700000.0,366730000.0
2025-03-25,Bolivia,Uruguay,0,0,World Cup qualifier,Bolivia,1651,1921,52,10,19280000.0,362450000.0
2025-03-25,Argentina,Brazil,4,1,World Cup qualifier,Argentina,2141,1993,2,5,761200000.0,908700000.0
2025-03-25,Rwanda,Lesotho,1,1,World Cup qualifier,Rwanda,1322,1237,130,154,6800000.0,675000.0
2025-03-25,Liechtenstein,Kazakhstan,0,2,World Cup qualifier,Liechtenstein,906,1426,201,97,600000.0,17700000.0
2025-03-25,Senegal,Togo,2,0,World Cup qualifier,Senegal,1759,1370,30,118,474000000.0,29680000.0
2025-03-25,Kyrgyzstan,Qatar,3,1,World Cup qualifier,Kyrgyzstan,1322,1498,130,83,7580000.0,17930000.0
2025-03-25,South Sudan,Sudan,1,1,World Cup qualifier,Libya,1132,1395,167,105,1600000.0,3250000.0
2025-03-25,Vietnam,Laos,5,0,Asian Cup qualifier,Vietnam,1359,687,120,222,6380000.0,1320000.0
2025-03-25,Thailand,Sri Lanka,1,0,Asian Cup qualifier,Thailand,1383,737,112,213,6380000.0,885000.0
2025-03-25,Tajikistan,East Timor,1,0,Asian Cup qualifier,Tajikistan,1289,658,141,225,7700000.0,925000.0
2025-03-25,Taiwan,Turkmenistan,1,2,Asian Cup qualifier,Taiwan,914,1215,198,160,1920000.0,2950000.0
2025-03-25,Syria,Pakistan,2,0,Asian Cup qualifier,Saudi Arabia,1439,824,94,209,7200000.0,3440000.0
2025-03-25,Singapore,Hong Kong,0,0,Asian Cup qualifier,Singapore,1059,1138,179,165,4380000.0,3600000.0
2025-03-25,Philippines,Maldives,4,1,Asian Cup qualifier,the Philippines,1130,877,168,203,6430000.0,950000.0
2025-03-25,Myanmar,Afghanistan,2,1,Asian Cup qualifier,Myanmar,942,1061,193,178,3130000.0,325000.0
2025-03-25,Lebanon,Brunei,5,0,Asian Cup qualifier,Qatar,1342,665,125,224,6430000.0,680000.0
2025-03-25,India,Bangladesh,0,0,Asian Cup qualifier,India,1162,922,162,196,4800000.0,7740000.0
2025-03-25,Bhutan,Yemen,0,0,Asian Cup qualifier,Bhutan,637,1109,227,172,690000.0,1850000.0
2025-03-25,United Arab Emirates,North Korea,2,1,World Cup qualifier,Saudi Arabia,1541,1381,72,113,31130000.0,6850000.0
2025-03-25,South Korea,Jordan,1,1,World Cup qualifier,South Korea,1746,1633,32,54,142200000.0,16079999.0
2025-03-25,Palestine,Iraq,2,1,World Cup qualifier,Jordan,1427,1539,96,74,7630000.0,19780000.0
2025-03-25,South Africa,Benin,2,0,World Cup qualifier,Ivory Coast,1598,1408,60,100,41150000.0,17080000.0
2025-03-25,Kuwait,Oman,0,1,World Cup qualifier,Kuwait,1323,1538,128,75,4350000.0,6100000.0
2025-03-25,Malaysia,Nepal,2,0,Asian Cup qualifier,Malaysia,1260,948,151,191,7130000.0,1330000.0
2025-03-25,Japan,Saudi Arabia,0,0,World Cup qualifier,Japan,1876,1562,14,66,263899999.0,27630000.0
2025-03-25,Iran,Uzbekistan,2,2,World Cup qualifier,Iran,1830,1697,20,47,34680000.0,79280000.0
2025-03-25,Indonesia,Bahrain,1,0,World Cup qualifier,Indonesia,1342,1500,125,81,30580000.0,6230000.0
2025-03-25,China,Australia,0,2,World Cup qualifier,China,1402,1737,103,36,12480000.0,51330000.0
2025-03-25,Uganda,Guinea,1,0,World Cup qualifier,Uganda,1389,1450,109,93,8750000.0,74250000.0
2025-05-23,Saint Martin,Anguilla,2,1,Pelican Cup,Saint Martin,1020,623,185,229,0.0,0.0
2025-05-24,Saint Kitts and Nevis,Anguilla,4,2,Pelican Cup,Saint Martin,1088,620,174,231,575000.0,0.0
2025-05-25,Saint Martin,Saint Kitts and Nevis,4,1,Pelican Cup,Saint Martin,1043,1055,183,179,0.0,575000.0
2025-05-27,Jamaica,Trinidad and Tobago,3,2,Unity Cup,England,1569,1421,65,98,53850000.0,10100000.0
2025-05-28,Nigeria,Ghana,2,1,Unity Cup,England,1569,1451,65,92,218080000.0,220780000.0
2025-05-31,Jamaica,Nigeria,2,2,Unity Cup,England,1569,1569,66,66,53850000.0,218080000.0
2025-05-31,Ghana,Trinidad and Tobago,4,0,Unity Cup,England,1477,1395,87,104,220780000.0,10100000.0
2025-06-04,Bermuda,Cayman Islands,5,0,World Cup qualifier,Bermuda,1137,821,167,209,375000.0,0.0
2025-06-04,Dominica,British Virgin Islands,3,0,World Cup qualifier,Dominica,975,627,189,229,0.0,0.0
2025-06-04,Grenada,Bahamas,6,0,World Cup qualifier,Grenada,1082,783,174,210,1750000.0,0.0
2025-06-04,Montserrat,Belize,1,0,World Cup qualifier,Trinidad and Tobago,979,1060,188,177,375000.0,375000.0
2025-06-04,St Vincent & Grenadines,Anguilla,6,0,World Cup qualifier,St Vincent & Grenadines,1153,617,163,231,0.0,0.0
2025-06-04,Barbados,Aruba,1,1,World Cup qualifier,Barbados,949,922,190,197,200000.0,125000.0
2025-06-04,Mauritius,Zimbabwe,0,0,COSAFA Cup,South Africa,1059,1379,178,113,850000.0,7100000.0
2025-06-04,South Africa,Mozambique,0,1,COSAFA Cup,South Africa,1566,1495,67,83,41150000.0,30100000.0
2025-06-04,Germany,Portugal,1,2,European Nations League,Germany,1955,2020,8,4,773500000.0,968500000.0
2025-06-05,Kyrgyzstan,North Korea,2,2,World Cup qualifier,Saudi Arabia,1325,1378,127,113,7580000.0,6850000.0
2025-06-05,Chile,Argentina,0,1,World Cup qualifier,Chile,1717,2146,42,2,72700000.0,761200000.0
2025-06-05,Ecuador,Brazil,0,0,World Cup qualifier,Ecuador,1910,1994,12,6,366730000.0,908700000.0
2025-06-05,Paraguay,Uruguay,2,0,World Cup qualifier,Paraguay,1832,1889,20,13,134450000.0,362450000.0
2025-06-05,Spain,France,5,4,European Nations League,Germany,2167,2013,1,4,1310000000.0,1470000000.0
2025-06-05,Australia,Japan,1,0,World Cup qualifier,Australia,1759,1854,31,15,51330000.0,263899999.0
2025-06-05,Bahrain,Saudi Arabia,0,2,World Cup qualifier,Bahrain,1468,1608,88,58,6230000.0,27630000.0
2025-06-05,Indonesia,China,1,0,World Cup qualifier,Indonesia,1360,1384,121,111,30580000.0,12480000.0
2025-06-05,Iraq,South Korea,0,2,World Cup qualifier,Iraq,1518,1767,79,30,19780000.0,142200000.0
2025-06-05,Kuwait,Palestine,0,2,World Cup qualifier,Kuwait,1293,1457,137,92,4350000.0,7630000.0
2025-06-05,Qatar,Iran,1,0,World Cup qualifier,Qatar,1530,1798,75,27,17930000.0,34680000.0
2025-06-05,Oman,Jordan,0,3,World Cup qualifier,Oman,1504,1656,81,51,6100000.0,16079999.0
2025-06-05,Angola,Namibia,1,1,COSAFA Cup,South Africa,1525,1362,78,120,52200000.0,2080000.0
2025-06-05,United Arab Emirates,Uzbekistan,0,0,World Cup qualifier,the United Arab Emirates,1544,1694,72,47,31130000.0,79280000.0
2025-06-05,Lesotho,Malawi,1,0,COSAFA Cup,South Africa,1259,1257,150,151,675000.0,2049999.0
2025-06-06,Czechia,Montenegro,2,0,World Cup qualifier,Czechia,1763,1519,31,78,179080000.0,60130000.0
2025-06-06,North Macedonia,Belgium,1,1,World Cup qualifier,North Macedonia,1620,1836,56,20,38680000.0,558200000.0
2025-06-06,Norway,Italy,3,0,World Cup qualifier,Norway,1862,1881,14,13,504000000.0,833500000.0
2025-06-06,Estonia,Israel,1,3,World Cup qualifier,Estonia,1370,1617,116,57,7000000.0,86900000.0
2025-06-06,Colombia,Peru,0,0,World Cup qualifier,Colombia,1936,1739,9,37,300500000.0,28900000.0
2025-06-06,Croatia,Gibraltar,7,0,World Cup qualifier,Portugal,1912,1051,10,180,357300000.0,1380000.0
2025-06-06,Antigua and Barbuda,Cuba,0,1,World Cup qualifier,Antigua and Barbuda,910,1255,200,152,650000.0,2100000.0
2025-06-06,Suriname,Puerto Rico,1,0,World Cup qualifier,Suriname,1405,1118,101,171,37650000.0,1180000.0
2025-06-06,Nicaragua,Guyana,1,0,World Cup qualifier,Nicaragua,1329,1256,129,151,2580000.0,1500000.0
2025-06-06,Guatemala,Dominican Republic,4,2,World Cup qualifier,Guatemala,1501,1281,83,143,5400000.0,18030000.0
2025-06-06,Curaçao,Saint Lucia,4,0,World Cup qualifier,Curaçao,1330,1027,128,185,28680000.0,250000.0
2025-06-06,Venezuela,Bolivia,2,0,World Cup qualifier,Venezuela,1757,1636,34,53,62780000.0,19280000.0
2025-06-06,Wales,Liechtenstein,3,0,World Cup qualifier,Wales,1736,906,38,201,199050000.0,600000.0
2025-06-06,Trinidad and Tobago,Saint Kitts and Nevis,6,2,World Cup qualifier,Trinidad and Tobago,1401,1049,102,181,10100000.0,575000.0
2025-06-06,Comoros,Zambia,1,0,COSAFA Cup,South Africa,1433,1385,96,107,3280000.0,14630000.0
2025-06-07,Bosnia and Herzegovina,San Marino,1,0,World Cup qualifier,Bosnia and Herzegovina,1526,845,76,205,133400000.0,1120000.0
2025-06-07,Austria,Romania,2,1,World Cup qualifier,Austria,1845,1677,18,48,258300000.0,97200000.0
2025-06-07,Albania,Serbia,0,0,World Cup qualifier,Albania,1639,1837,53,19,81750000.0,296500000.0
2025-06-07,Costa Rica,Bahamas,8,0,World Cup qualifier,Barbados,1654,782,52,210,18700000.0,0.0
2025-06-07,Aruba,Haiti,0,5,World Cup qualifier,Aruba,918,1557,197,70,125000.0,56830000.0
2025-06-07,British Virgin Islands,Jamaica,0,1,World Cup qualifier,the British VirgIslands,627,1569,229,67,0.0,53850000.0
2025-06-07,Belize,Panama,0,2,World Cup qualifier,Belize,1058,1725,179,39,375000.0,32400000.0
2025-06-07,Anguilla,El Salvador,0,3,World Cup qualifier,Anguilla,616,1394,231,103,0.0,6960000.0
2025-06-07,England,Andorra,1,0,World Cup qualifier,Spain,2011,1066,5,176,1620000000.0,3340000.0
2025-06-07,Cayman Islands,Honduras,0,1,World Cup qualifier,the Cayman Islands,820,1561,209,69,0.0,16300000.0
2025-06-07,Finland,Netherlands,0,2,World Cup qualifier,Finland,1532,1974,74,7,41700000.0,766000000.0
2025-06-07,Madagascar,Tanzania,1,0,COSAFA Cup,South Africa,1324,1384,132,108,8230000.0,7530000.0
2025-06-07,Mauritius,Mozambique,0,0,COSAFA Cup,South Africa,1076,1478,175,85,850000.0,30100000.0
2025-06-07,South Africa,Zimbabwe,2,0,COSAFA Cup,South Africa,1569,1360,67,120,41150000.0,7100000.0
2025-06-07,Canada,Ukraine,4,2,Canadian Shield,Canada,1796,1791,27,28,129050000.0,288200000.0
2025-06-07,New Zealand,Ivory Coast,1,0,Canadian Shield,Canada,1610,1576,59,65,31700000.0,514900000.0
2025-06-07,Malta,Lithuania,0,0,World Cup qualifier,Malta,1251,1294,154,137,14750000.0,18550000.0
2025-06-08,Germany,France,0,2,European Nations League,Germany,1913,2055,9,3,773500000.0,1470000000.0
2025-06-08,Portugal,Spain,2,2,European Nations League,Germany,2030,2157,4,1,968500000.0,1310000000.0
2025-06-08,Angola,Lesotho,4,0,COSAFA Cup,South Africa,1538,1246,74,154,52200000.0,675000.0
2025-06-08,Malawi,Namibia,0,0,COSAFA Cup,South Africa,1263,1356,148,122,2049999.0,2080000.0
2025-06-09,Italy,Moldova,2,0,World Cup qualifier,Italy,1882,1319,13,134,833500000.0,10530000.0
2025-06-09,Faroe Islands,Gibraltar,2,1,World Cup qualifier,the Faroe Islands,1275,1046,146,181,4950000.0,1380000.0
2025-06-09,Kazakhstan,North Macedonia,0,1,World Cup qualifier,Kazakhstan,1402,1634,100,56,17700000.0,38680000.0
2025-06-09,Belgium,Wales,4,3,World Cup qualifier,Belgium,1846,1726,18,38,558200000.0,199050000.0
2025-06-09,Croatia,Czechia,5,1,World Cup qualifier,Croatia,1926,1749,9,35,357300000.0,179080000.0
2025-06-09,Estonia,Norway,0,1,World Cup qualifier,Estonia,1366,1866,118,14,7000000.0,504000000.0
2025-06-09,Botswana,Comoros,0,0,COSAFA Cup,South Africa,1350,1423,123,97,3080000.0,3280000.0
2025-06-09,Eswatini,Madagascar,1,1,COSAFA Cup,South Africa,1229,1313,155,135,1080000.0,8230000.0
2025-06-10,Latvia,Albania,1,1,World Cup qualifier,Latvia,1301,1627,136,56,17530000.0,81750000.0
2025-06-10,Netherlands,Malta,8,0,World Cup qualifier,the Netherlands,1975,1250,7,153,766000000.0,14750000.0
2025-06-10,Romania,Cyprus,2,0,World Cup qualifier,Romania,1681,1299,48,137,97200000.0,19100000.0
2025-06-10,San Marino,Austria,0,4,World Cup qualifier,San Marino,845,1845,204,18,1120000.0,258300000.0
2025-06-10,Serbia,Andorra,3,0,World Cup qualifier,Serbia,1837,1066,21,177,296500000.0,3340000.0
2025-06-10,China,Bahrain,1,0,World Cup qualifier,China,1403,1449,100,93,12480000.0,6230000.0
2025-06-10,Jordan,Iraq,0,1,World Cup qualifier,Jordan,1624,1550,57,72,16079999.0,19780000.0
2025-06-10,Japan,Indonesia,6,0,World Cup qualifier,Japan,1857,1357,16,121,263899999.0,30580000.0
2025-06-10,Finland,Poland,2,1,World Cup qualifier,Finland,1556,1682,71,47,41700000.0,214000000.0
2025-06-10,Kyrgyzstan,United Arab Emirates,1,1,World Cup qualifier,Kyrgyzstan,1332,1537,127,75,7580000.0,31130000.0
2025-06-10,Oman,Palestine,1,1,World Cup qualifier,Jordan,1501,1460,81,87,6100000.0,7630000.0
2025-06-10,Saudi Arabia,Australia,1,2,World Cup qualifier,Saudi Arabia,1591,1776,63,31,27630000.0,51330000.0
2025-06-10,South Korea,Kuwait,4,0,World Cup qualifier,South Korea,1770,1290,32,141,142200000.0,4350000.0
2025-06-10,Iran,North Korea,3,0,World Cup qualifier,Iran,1801,1375,26,116,34680000.0,6850000.0
2025-06-10,Saint Lucia,Barbados,2,1,World Cup qualifier,Saint Lucia,1038,938,183,192,250000.0,200000.0
2025-06-10,Panama,Nicaragua,3,0,World Cup qualifier,Panama,1729,1325,38,129,32400000.0,2580000.0
2025-06-10,Puerto Rico,St Vincent & Grenadines,2,1,World Cup qualifier,Puerto Rico,1134,1137,168,167,1180000.0,0.0
2025-06-10,Jamaica,Guatemala,3,0,World Cup qualifier,Jamaica,1588,1482,64,84,53850000.0,5400000.0
2025-06-10,Honduras,Antigua and Barbuda,2,0,World Cup qualifier,Honduras,1562,909,68,198,16300000.0,650000.0
2025-06-10,Guyana,Montserrat,3,0,World Cup qualifier,Guyana,1263,972,149,188,1500000.0,375000.0
2025-06-10,El Salvador,Suriname,1,1,World Cup qualifier,El Salvador,1389,1410,105,98,6960000.0,37650000.0
2025-06-10,Dominican Republic,Dominica,5,0,World Cup qualifier,the Dominican Republic,1288,968,142,189,18030000.0,0.0
2025-06-10,Curaçao,Haiti,5,1,World Cup qualifier,Aruba,1389,1498,105,82,28680000.0,56830000.0
2025-06-10,Cuba,Bermuda,1,2,World Cup qualifier,Cuba,1224,1168,156,162,2100000.0,375000.0
2025-06-10,Argentina,Colombia,1,1,World Cup qualifier,Argentina,2132,1950,2,8,761200000.0,300500000.0
2025-06-10,Uruguay,Venezuela,2,0,World Cup qualifier,Uruguay,1901,1745,12,36,362450000.0,62780000.0
2025-06-10,Peru,Ecuador,0,0,World Cup qualifier,Peru,1743,1906,37,11,28900000.0,366730000.0
2025-06-10,Brazil,Paraguay,1,0,World Cup qualifier,Brazil,2001,1825,5,23,908700000.0,134450000.0
2025-06-10,Bolivia,Chile,2,0,World Cup qualifier,Bolivia,1664,1689,51,46,19280000.0,72700000.0
2025-06-10,Uzbekistan,Qatar,3,0,World Cup qualifier,Uzbekistan,1707,1517,42,78,79280000.0,17930000.0
2025-06-10,Saint Kitts and Nevis,Grenada,2,3,World Cup qualifier,Saint Kitts and Nevis,1025,1106,185,173,575000.0,1750000.0
2025-06-10,Bangladesh,Singapore,1,2,Asian Cup qualifier,Bangladesh,907,1082,199,176,7740000.0,4380000.0
2025-06-10,Costa Rica,Trinidad and Tobago,2,1,World Cup qualifier,Costa Rica,1659,1396,52,103,18700000.0,10100000.0
2025-06-10,East Timor,Maldives,1,0,Asian Cup qualifier,Australia,689,841,223,205,925000.0,950000.0
2025-06-10,Brunei,Bhutan,2,1,Asian Cup qualifier,Brunei,670,621,225,230,680000.0,690000.0
2025-06-10,Ukraine,New Zealand,2,1,Canadian Shield,Canada,1799,1602,27,60,288200000.0,31700000.0
2025-06-10,Canada,Ivory Coast,0,0,Canadian Shield,Canada,1785,1587,29,65,129050000.0,514900000.0
2025-06-10,Hong Kong,India,1,0,Asian Cup qualifier,Hong Kong,1147,1142,164,165,3600000.0,4800000.0
2025-06-10,Laos,Nepal,2,1,Asian Cup qualifier,Laos,716,926,218,195,1320000.0,1330000.0
2025-06-10,Lebanon,Yemen,0,0,Asian Cup qualifier,Kuwait,1327,1121,128,172,6430000.0,1850000.0
2025-06-10,Malaysia,Vietnam,4,0,Asian Cup qualifier,Malaysia,1291,1321,140,131,7130000.0,6380000.0
2025-06-10,Myanmar,Pakistan,1,0,Asian Cup qualifier,Myanmar,951,815,190,209,3130000.0,3440000.0
2025-06-10,Philippines,Tajikistan,2,2,Asian Cup qualifier,the Philippines,1133,1288,169,142,6430000.0,7700000.0
2025-06-10,Sri Lanka,Taiwan,3,1,Asian Cup qualifier,Sri Lanka,781,881,212,202,885000.0,1920000.0
2025-06-10,Turkmenistan,Thailand,3,1,Asian Cup qualifier,Turkmenistan,1251,1351,152,122,2950000.0,6380000.0
2025-06-10,Angola,Malawi,1,0,COSAFA Cup,South Africa,1545,1256,74,151,52200000.0,2049999.0
2025-06-10,Namibia,Lesotho,3,0,COSAFA Cup,South Africa,1380,1222,113,159,2080000.0,675000.0
2025-06-10,South Africa,Mauritius,0,0,COSAFA Cup,South Africa,1557,1095,70,175,41150000.0,850000.0
2025-06-10,Zimbabwe,Mozambique,3,1,COSAFA Cup,South Africa,1398,1432,102,95,7100000.0,30100000.0
2025-06-10,Syria,Afghanistan,1,0,Asian Cup qualifier,Saudi Arabia,1443,1057,94,179,7200000.0,325000.0
2025-06-11,Botswana,Zambia,3,3,COSAFA Cup,South Africa,1352,1383,122,111,3080000.0,14630000.0
2025-06-11,Tanzania,Eswatini,2,1,COSAFA Cup,South Africa,1396,1217,103,159,7530000.0,1080000.0
2025-06-13,Angola,Madagascar,4,1,COSAFA Cup,South Africa,1560,1298,71,137,52200000.0,8230000.0
2025-06-13,South Africa,Comoros,3,1,COSAFA Cup,South Africa,1569,1411,68,97,41150000.0,3280000.0
2025-06-14,Mexico,Dominican Republic,3,2,CONCACAF Championship,the United States,1815,1286,24,143,79800000.0,18030000.0
2025-06-15,South Africa,Angola,0,3,COSAFA Cup,South Africa,1523,1606,75,61,41150000.0,52200000.0
2025-06-15,Comoros,Madagascar,1,0,COSAFA Cup,South Africa,1425,1284,96,144,3280000.0,8230000.0
2025-06-15,United States,Trinidad and Tobago,5,0,CONCACAF Championship,the United States,1703,1387,44,107,356700000.0,10100000.0
2025-06-15,Saudi Arabia,Haiti,1,0,CONCACAF Championship,the United States,1609,1480,59,84,27630000.0,56830000.0
2025-06-15,Costa Rica,Suriname,4,3,CONCACAF Championship,the United States,1669,1400,49,101,18700000.0,37650000.0
2025-06-16,Panama,Guadeloupe,5,2,CONCACAF Championship,the United States,1739,1366,38,118,32400000.0,12600000.0
2025-06-16,Guatemala,Jamaica,1,0,CONCACAF Championship,the United States,1514,1556,79,70,5400000.0,53850000.0
2025-06-17,Canada,Honduras,6,0,CONCACAF Championship,Canada,1799,1548,27,73,129050000.0,16300000.0
2025-06-17,Curaçao,El Salvador,0,0,CONCACAF Championship,the United States,1389,1389,105,105,28680000.0,6960000.0
2025-06-18,Mexico,Suriname,2,0,CONCACAF Championship,the United States,1821,1394,24,104,79800000.0,37650000.0
2025-06-18,Costa Rica,Dominican Republic,2,1,CONCACAF Championship,the United States,1674,1281,49,144,18700000.0,18030000.0
2025-06-19,United States,Saudi Arabia,1,0,CONCACAF Championship,the United States,1715,1597,41,63,356700000.0,27630000.0
2025-06-19,Haiti,Trinidad and Tobago,1,1,CONCACAF Championship,the United States,1473,1394,86,104,56830000.0,10100000.0
2025-06-20,Panama,Guatemala,1,0,CONCACAF Championship,the United States,1750,1503,35,80,32400000.0,5400000.0
2025-06-20,Jamaica,Guadeloupe,2,1,CONCACAF Championship,the United States,1569,1353,68,121,53850000.0,12600000.0
2025-06-21,Canada,Curaçao,1,1,CONCACAF Championship,the United States,1778,1410,30,98,129050000.0,28680000.0
2025-06-21,Honduras,El Salvador,2,0,CONCACAF Championship,the United States,1569,1368,68,117,16300000.0,6960000.0
2025-06-22,United States,Haiti,2,1,CONCACAF Championship,the United States,1721,1467,40,86,356700000.0,56830000.0
2025-06-22,Saudi Arabia,Trinidad and Tobago,1,1,CONCACAF Championship,the United States,1584,1407,65,99,27630000.0,10100000.0
2025-06-22,Dominican Republic,Suriname,0,0,CONCACAF Championship,the United States,1289,1386,141,107,18030000.0,37650000.0
2025-06-22,Costa Rica,Mexico,0,0,CONCACAF Championship,the United States,1684,1811,47,25,18700000.0,79800000.0
2025-06-24,Panama,Jamaica,4,1,CONCACAF Championship,the United States,1773,1546,32,73,32400000.0,53850000.0
2025-06-24,Honduras,Curaçao,2,1,CONCACAF Championship,the United States,1583,1396,66,103,16300000.0,28680000.0
2025-06-24,Guatemala,Guadeloupe,3,2,CONCACAF Championship,the United States,1518,1338,77,124,5400000.0,12600000.0
2025-06-24,Canada,El Salvador,2,0,CONCACAF Championship,the United States,1784,1362,30,119,129050000.0,6960000.0
2025-06-28,Panama,Honduras,1,1,CONCACAF Championship,the United States,1761,1595,33,63,32400000.0,16300000.0
2025-06-28,Mexico,Saudi Arabia,2,0,CONCACAF Championship,the United States,1827,1568,23,68,79800000.0,27630000.0
2025-06-29,United States,Costa Rica,2,2,CONCACAF Championship,the United States,1712,1693,41,46,356700000.0,18700000.0
2025-06-29,Canada,Guatemala,1,1,CONCACAF Championship,the United States,1768,1534,32,75,129050000.0,5400000.0
2025-07-02,Mexico,Honduras,1,0,CONCACAF Championship,the United States,1837,1585,21,65,79800000.0,16300000.0
2025-07-02,United States,Guatemala,2,1,CONCACAF Championship,the United States,1720,1526,40,75,356700000.0,5400000.0
2025-07-06,Malawi,Botswana,1,1,Independence Cup,Malawi,1256,1352,151,121,2049999.0,3080000.0
2025-07-07,South Korea,China,3,0,East Asian Championship,South Korea,1774,1399,31,101,142200000.0,12480000.0
2025-07-08,Japan,Hong Kong,6,1,East Asian Championship,South Korea,1858,1146,17,164,263899999.0,3600000.0
2025-07-11,South Korea,Hong Kong,2,0,East Asian Championship,South Korea,1775,1145,31,164,142200000.0,3600000.0
2025-07-12,Japan,China,2,0,East Asian Championship,South Korea,1862,1395,16,104,263899999.0,12480000.0
2025-07-15,South Korea,Japan,0,1,East Asian Championship,South Korea,1754,1883,34,13,142200000.0,263899999.0
2025-07-15,China,Hong Kong,1,0,East Asian Championship,South Korea,1403,1137,100,166,12480000.0,3600000.0
2025-08-13,Turks and Caicos Islands,US Virgin Islands,1,1,Outrigger Challenger Cup,the United States,645,590,226,233,50000.0,0.0
2025-08-14,US Virgin Islands,Marshall Islands,4,0,Outrigger Challenger Cup,the United States,619,571,231,235,0.0,0.0
2025-08-16,Turks and Caicos Islands,Marshall Islands,3,2,Outrigger Challenger Cup,the United States,657,559,226,237,50000.0,0.0
2025-08-29,Iran,Afghanistan,3,1,Central Asian Nations Cup,Tajikistan,1802,1056,26,179,34680000.0,325000.0
2025-08-29,Tajikistan,India,1,2,Central Asian Nations Cup,Tajikistan,1256,1174,150,162,7700000.0,4800000.0
2025-08-30,Uzbekistan,Oman,1,1,Central Asian Nations Cup,Uzbekistan,1693,1515,45,79,79280000.0,6100000.0
2025-08-30,Kyrgyzstan,Turkmenistan,1,1,Central Asian Nations Cup,Uzbekistan,1327,1256,128,150,7580000.0,2950000.0
2025-09-01,Tajikistan,Afghanistan,2,0,Central Asian Nations Cup,Tajikistan,1265,1047,147,179,7700000.0,325000.0
2025-09-01,Iran,India,3,0,Central Asian Nations Cup,Tajikistan,1804,1172,26,162,34680000.0,4800000.0
2025-09-02,Uzbekistan,Turkmenistan,2,1,Central Asian Nations Cup,Uzbekistan,1695,1254,45,152,79280000.0,2950000.0
2025-09-02,Oman,Kyrgyzstan,2,1,Central Asian Nations Cup,Uzbekistan,1525,1317,76,134,6100000.0,7580000.0
2025-09-03,Gabon,Seychelles,4,0,World Cup qualifier,Mauritius,1462,849,87,203,34450000.0,1030000.0
2025-09-04,Algeria,Botswana,3,1,World Cup qualifier,Algeria,1708,1348,41,122,227850000.0,3080000.0
2025-09-04,Slovakia,Germany,2,0,World Cup qualifier,Slovakia,1707,1871,42,14,130550000.0,773500000.0
2025-09-04,Netherlands,Poland,1,1,World Cup qualifier,the Netherlands,1959,1698,7,44,766000000.0,214000000.0
2025-09-04,Luxembourg,Northern Ireland,1,3,World Cup qualifier,Luxembourg,1426,1591,95,63,32900000.0,79880000.0
2025-09-04,Liechtenstein,Belgium,0,6,World Cup qualifier,Liechtenstein,904,1847,200,19,600000.0,558200000.0
2025-09-04,Kazakhstan,Wales,0,1,World Cup qualifier,Kazakhstan,1393,1735,108,38,17700000.0,199050000.0
2025-09-04,Georgia,Turkey,2,3,World Cup qualifier,Georgia,1691,1855,48,18,199050000.0,522700000.0
2025-09-04,Uruguay,Peru,3,0,World Cup qualifier,Uruguay,1914,1730,10,39,362450000.0,28900000.0
2025-09-04,Suriname,Panama,0,0,World Cup qualifier,Suriname,1399,1748,102,36,37650000.0,32400000.0
2025-09-04,Guatemala,El Salvador,0,1,World Cup qualifier,Guatemala,1493,1395,82,106,5400000.0,6960000.0
2025-09-04,Angola,Libya,0,1,World Cup qualifier,Angola,1571,1420,69,97,52200000.0,11430000.0
2025-09-04,Paraguay,Ecuador,0,0,World Cup qualifier,Paraguay,1824,1907,24,11,134450000.0,366730000.0
2025-09-04,Colombia,Bolivia,3,0,World Cup qualifier,Colombia,1957,1657,8,52,300500000.0,19280000.0
2025-09-04,Brazil,Chile,3,0,World Cup qualifier,Brazil,2007,1683,5,49,908700000.0,72700000.0
2025-09-04,Argentina,Venezuela,3,0,World Cup qualifier,Argentina,2136,1741,2,37,761200000.0,62780000.0
2025-09-04,Bulgaria,Spain,0,3,World Cup qualifier,Bulgaria,1450,2159,91,1,29750000.0,1310000000.0
2025-09-04,Cameroon,Eswatini,3,0,World Cup qualifier,Cameroon,1597,1213,62,160,197400000.0,1080000.0
2025-09-04,Lithuania,Malta,1,1,World Cup qualifier,Lithuania,1285,1258,142,149,18550000.0,14750000.0
2025-09-04,Equatorial Guinea,Sao Tome and Principe,3,2,World Cup qualifier,Morocco,1483,1035,84,184,12050000.0,1430000.0
2025-09-04,Thailand,Fiji,3,0,King's Cup,Thailand,1362,1216,120,158,6380000.0,2450000.0
2025-09-04,Iraq,Hong Kong,2,1,King's Cup,Thailand,1553,1134,71,167,19780000.0,3600000.0
2025-09-04,Afghanistan,India,0,0,Central Asian Nations Cup,Tajikistan,1054,1165,179,163,325000.0,4800000.0
2025-09-04,Tunisia,Liberia,3,0,World Cup qualifier,Tunisia,1618,1257,59,150,66550000.0,14150000.0
2025-09-04,Chad,Ghana,1,1,World Cup qualifier,Chad,1162,1466,164,86,6100000.0,220780000.0
2025-09-04,Mauritius,Cape Verde,0,2,World Cup qualifier,Mauritius,1087,1526,175,75,850000.0,53430000.0
2025-09-04,Mali,Comoros,3,0,World Cup qualifier,Morocco,1620,1406,58,100,35700000.0,3280000.0
2025-09-04,Madagascar,Central African Republic,2,0,World Cup qualifier,Morocco,1313,1248,135,153,8230000.0,6980000.0
2025-09-04,Guinea-Bissau,Sierra Leone,1,1,World Cup qualifier,Guinea-Bissau,1262,1327,148,128,41400000.0,13430000.0
2025-09-04,Tajikistan,Iran,2,2,Central Asian Nations Cup,Tajikistan,1282,1787,144,27,7700000.0,34680000.0
2025-09-05,Switzerland,Kosovo,4,0,World Cup qualifier,Switzerland,1854,1600,18,60,317600000.0,114280000.0
2025-09-05,Slovenia,Sweden,2,2,World Cup qualifier,Slovenia,1747,1765,36,33,143850000.0,435380000.0
2025-09-05,Montenegro,Czechia,0,2,World Cup qualifier,Montenegro,1494,1768,81,32,60130000.0,179080000.0
2025-09-05,Moldova,Israel,0,4,World Cup qualifier,Moldova,1302,1646,135,53,10530000.0,86900000.0
2025-09-05,Italy,Estonia,5,0,World Cup qualifier,Italy,1884,1364,12,115,833500000.0,7000000.0
2025-09-05,Iceland,Azerbaijan,5,0,World Cup qualifier,Iceland,1563,1352,70,120,74000000.0,16230000.0
2025-09-05,Greece,Belarus,5,1,World Cup qualifier,Greece,1843,1487,22,83,315600000.0,14000000.0
2025-09-05,Trinidad and Tobago,Curaçao,0,0,World Cup qualifier,Trinidad and Tobago,1401,1402,103,102,10100000.0,28680000.0
2025-09-05,Faroe Islands,Croatia,0,1,World Cup qualifier,the Faroe Islands,1273,1928,147,9,4950000.0,357300000.0
2025-09-05,Denmark,Scotland,0,0,World Cup qualifier,Denmark,1852,1729,19,40,368000000.0,207830000.0
2025-09-05,Nicaragua,Costa Rica,1,1,World Cup qualifier,Nicaragua,1338,1680,125,49,2580000.0,18700000.0
2025-09-05,Haiti,Honduras,0,0,World Cup qualifier,Curaçao,1474,1578,85,67,56830000.0,16300000.0
2025-09-05,Bermuda,Jamaica,0,4,World Cup qualifier,Bermuda,1155,1559,164,71,375000.0,53850000.0
2025-09-05,Benin,Zimbabwe,1,0,World Cup qualifier,Ivory Coast,1426,1379,94,112,17080000.0,7100000.0
2025-09-05,France,Ukraine,2,0,World Cup qualifier,Poland,2066,1788,3,26,1470000000.0,288200000.0
2025-09-05,Burkina Faso,Djibouti,6,0,World Cup qualifier,Guinea-Bissau,1505,926,79,194,121230000.0,575000.0
2025-09-05,Mauritania,Togo,2,0,World Cup qualifier,Mauritania,1358,1345,117,122,23600000.0,29680000.0
2025-09-05,Egypt,Ethiopia,2,0,World Cup qualifier,Egypt,1669,1276,50,146,108830000.0,2780000.0
2025-09-05,Uzbekistan,Kyrgyzstan,4,0,Central Asian Nations Cup,Uzbekistan,1699,1313,44,133,79280000.0,7580000.0
2025-09-05,Oman,Turkmenistan,2,1,Central Asian Nations Cup,Uzbekistan,1532,1247,75,153,6100000.0,2950000.0
2025-09-05,Congo,Tanzania,1,1,World Cup qualifier,Congo,1227,1392,154,108,2600000.0,7530000.0
2025-09-05,South Sudan,DR Congo,1,4,World Cup qualifier,South Sudan,1124,1591,171,63,1600000.0,153500000.0
2025-09-05,Uganda,Mozambique,4,0,World Cup qualifier,Uganda,1413,1400,99,104,8750000.0,30100000.0
2025-09-05,Senegal,Sudan,2,0,World Cup qualifier,Senegal,1788,1392,26,108,474000000.0,3250000.0
2025-09-05,Morocco,Niger,5,0,World Cup qualifier,Morocco,1815,1334,25,128,456000000.0,9980000.0
2025-09-05,Malawi,Namibia,2,1,World Cup qualifier,Botswana,1283,1353,144,119,2049999.0,2080000.0
2025-09-05,Kenya,Gambia,1,3,World Cup qualifier,Kenya,1338,1424,125,96,10930000.0,72280000.0
2025-09-05,Ivory Coast,Burundi,1,0,World Cup qualifier,Ivory Coast,1591,1288,63,141,514900000.0,12450000.0
2025-09-05,Guinea,Somalia,3,0,World Cup qualifier,Uganda,1453,908,90,198,74250000.0,860000.0
2025-09-05,South Africa,Lesotho,3,0,World Cup qualifier,South Africa,1529,1216,76,157,41150000.0,675000.0
2025-09-06,Latvia,Serbia,0,1,World Cup qualifier,Latvia,1298,1840,136,23,17530000.0,296500000.0
2025-09-06,Armenia,Portugal,0,5,World Cup qualifier,Armenia,1384,2033,110,4,40380000.0,968500000.0
2025-09-06,England,Andorra,2,0,World Cup qualifier,England,1984,1066,6,177,1620000000.0,3340000.0
2025-09-06,Ireland,Hungary,2,2,World Cup qualifier,Ireland,1631,1703,54,43,144080000.0,210800000.0
2025-09-06,San Marino,Bosnia and Herzegovina,0,6,World Cup qualifier,San Marino,842,1526,205,77,1120000.0,133400000.0
2025-09-06,Austria,Cyprus,1,0,World Cup qualifier,Austria,1846,1298,21,136,258300000.0,19100000.0
2025-09-06,Sri Lanka,Maldives,0,3,South Asian Super Cup,Sri Lanka,752,870,213,203,885000.0,950000.0
2025-09-06,Nigeria,Rwanda,1,0,World Cup qualifier,Nigeria,1581,1315,66,132,218080000.0,6800000.0
2025-09-07,Belgium,Kazakhstan,6,0,World Cup qualifier,Belgium,1850,1390,19,109,558200000.0,17700000.0
2025-09-07,Germany,Northern Ireland,3,1,World Cup qualifier,Germany,1877,1585,14,65,773500000.0,79880000.0
2025-09-07,Luxembourg,Slovakia,0,1,World Cup qualifier,Luxembourg,1416,1717,99,41,32900000.0,130550000.0
2025-09-07,North Macedonia,Liechtenstein,5,0,World Cup qualifier,North Macedonia,1623,903,57,200,38680000.0,600000.0
2025-09-07,Poland,Finland,3,1,World Cup qualifier,Poland,1710,1542,42,74,214000000.0,41700000.0
2025-09-07,Lithuania,Netherlands,2,3,World Cup qualifier,Lithuania,1284,1960,143,7,18550000.0,766000000.0
2025-09-07,Georgia,Bulgaria,3,0,World Cup qualifier,Georgia,1700,1441,45,92,199050000.0,29750000.0
2025-09-07,Comoros,Central African Republic,2,0,World Cup qualifier,Morocco,1423,1231,97,153,3280000.0,6980000.0
2025-09-07,Hong Kong,Fiji,8,0,King's Cup,Thailand,1178,1172,160,162,3600000.0,2450000.0
2025-09-07,Thailand,Iraq,0,1,King's Cup,Thailand,1351,1564,120,70,6380000.0,19780000.0
2025-09-07,Turkey,Spain,0,6,World Cup qualifier,Turkey,1835,2179,23,1,522700000.0,1310000000.0
2025-09-08,Equatorial Guinea,Tunisia,0,1,World Cup qualifier,Equatorial Guinea,1465,1636,87,54,12050000.0,66550000.0
2025-09-08,Algeria,Guinea,0,0,World Cup qualifier,Morocco,1695,1466,46,86,227850000.0,74250000.0
2025-09-08,Switzerland,Slovenia,3,0,World Cup qualifier,Switzerland,1870,1731,16,38,317600000.0,143850000.0
2025-09-08,Scotland,Belarus,2,0,World Cup qualifier,Hungary,1741,1475,34,84,207830000.0,14000000.0
2025-09-08,Kosovo,Sweden,2,0,World Cup qualifier,Kosovo,1636,1729,54,40,114280000.0,435380000.0
2025-09-08,Gibraltar,Faroe Islands,0,1,World Cup qualifier,Gibraltar,1032,1286,184,142,1380000.0,4950000.0
2025-09-08,Greece,Denmark,0,3,World Cup qualifier,Greece,1799,1896,25,12,315600000.0,368000000.0
2025-09-08,Croatia,Montenegro,4,0,World Cup qualifier,Croatia,1931,1491,9,81,357300000.0,60130000.0
2025-09-08,Panama,Guatemala,1,1,World Cup qualifier,Panama,1733,1508,37,79,32400000.0,5400000.0
2025-09-08,El Salvador,Suriname,1,2,World Cup qualifier,El Salvador,1370,1424,114,96,6960000.0,37650000.0
2025-09-08,Italy,Israel,5,4,World Cup qualifier,Hungary,1892,1638,13,53,833500000.0,86900000.0
2025-09-08,Guinea-Bissau,Djibouti,2,0,World Cup qualifier,Guinea-Bissau,1267,921,148,195,41400000.0,575000.0
2025-09-08,Ghana,Mali,1,0,World Cup qualifier,Ghana,1489,1597,82,61,220780000.0,35700000.0
2025-09-08,Madagascar,Chad,3,1,World Cup qualifier,Morocco,1331,1144,128,165,8230000.0,6100000.0
2025-09-08,Libya,Eswatini,2,0,World Cup qualifier,Libya,1429,1204,94,159,11430000.0,1080000.0
2025-09-08,India,Oman,1,1,Central Asian Nations Cup,Tajikistan,1181,1516,160,78,4800000.0,6100000.0
2025-09-08,Zambia,Morocco,0,2,World Cup qualifier,Zambia,1375,1823,111,24,14630000.0,456000000.0
2025-09-08,Uganda,Somalia,2,0,World Cup qualifier,Uganda,1415,906,102,199,8750000.0,860000.0
2025-09-08,Mozambique,Botswana,2,0,World Cup qualifier,Mozambique,1418,1330,100,129,30100000.0,3080000.0
2025-09-08,Malawi,Liberia,2,2,World Cup qualifier,Malawi,1276,1264,146,149,2049999.0,14150000.0
2025-09-08,Uzbekistan,Iran,1,0,Central Asian Nations Cup,Uzbekistan,1718,1768,41,32,79280000.0,34680000.0
2025-09-09,Azerbaijan,Ukraine,1,1,World Cup qualifier,Azerbaijan,1367,1773,113,31,16230000.0,288200000.0
2025-09-09,Angola,Mauritius,3,1,World Cup qualifier,Angola,1573,1085,69,175,52200000.0,850000.0
2025-09-09,Serbia,England,0,5,World Cup qualifier,Serbia,1805,2019,24,5,296500000.0,1620000000.0
2025-09-09,Norway,Moldova,11,1,World Cup qualifier,Norway,1870,1300,15,137,504000000.0,10530000.0
2025-09-09,Hungary,Portugal,2,3,World Cup qualifier,Hungary,1695,2041,46,4,210800000.0,968500000.0
2025-09-09,France,Iceland,2,1,World Cup qualifier,France,2067,1562,3,72,1470000000.0,74000000.0
2025-09-09,Cyprus,Romania,2,2,World Cup qualifier,Cyprus,1311,1650,135,52,19100000.0,97200000.0
2025-09-09,Bosnia and Herzegovina,Austria,1,2,World Cup qualifier,Bosnia and Herzegovina,1517,1855,77,19,133400000.0,258300000.0
2025-09-09,Armenia,Ireland,2,1,World Cup qualifier,Armenia,1412,1603,103,59,40380000.0,144080000.0
2025-09-09,Peru,Paraguay,0,1,World Cup qualifier,Peru,1710,1844,42,21,28900000.0,134450000.0
2025-09-09,Jamaica,Trinidad and Tobago,2,0,World Cup qualifier,Jamaica,1570,1390,70,106,53850000.0,10100000.0
2025-09-09,Honduras,Nicaragua,2,0,World Cup qualifier,Honduras,1585,1331,64,129,16300000.0,2580000.0
2025-09-09,Curaçao,Bermuda,3,2,World Cup qualifier,Curaçao,1407,1150,104,164,28680000.0,375000.0
2025-09-09,Costa Rica,Haiti,3,3,World Cup qualifier,Costa Rica,1666,1488,50,83,18700000.0,56830000.0
2025-09-09,Venezuela,Colombia,3,6,World Cup qualifier,Venezuela,1717,1981,40,6,62780000.0,300500000.0
2025-09-09,Ecuador,Argentina,1,0,World Cup qualifier,Ecuador,1934,2109,9,2,366730000.0,761200000.0
2025-09-09,Chile,Uruguay,0,0,World Cup qualifier,Chile,1690,1907,48,11,72700000.0,362450000.0
2025-09-09,Bolivia,Brazil,1,0,World Cup qualifier,Bolivia,1689,1975,49,7,19280000.0,908700000.0
2025-09-09,Benin,Lesotho,4,0,World Cup qualifier,Ivory Coast,1443,1199,92,159,17080000.0,675000.0
2025-09-09,Albania,Latvia,1,0,World Cup qualifier,Albania,1631,1295,57,138,81750000.0,17530000.0
2025-09-09,Burkina Faso,Egypt,0,0,World Cup qualifier,Burkina Faso,1509,1665,79,51,121230000.0,108830000.0
2025-09-09,DR Congo,Senegal,2,3,World Cup qualifier,DR Congo,1576,1803,68,25,153500000.0,474000000.0
2025-09-09,Sri Lanka,Maldives,1,1,South Asian Super Cup,Sri Lanka,753,869,213,203,885000.0,950000.0
2025-09-09,Cape Verde,Cameroon,1,0,World Cup qualifier,Cape Verde,1544,1579,74,67,53430000.0,197400000.0
2025-09-09,Togo,Sudan,1,0,World Cup qualifier,Togo,1362,1375,117,108,29680000.0,3250000.0
2025-09-09,South Africa,Nigeria,1,1,World Cup qualifier,South Africa,1526,1584,76,66,41150000.0,218080000.0
2025-09-09,Sierra Leone,Ethiopia,2,0,World Cup qualifier,Liberia,1353,1250,121,151,13430000.0,2780000.0
2025-09-09,Rwanda,Zimbabwe,1,0,World Cup qualifier,South Africa,1339,1355,127,119,6800000.0,7100000.0
2025-09-09,Namibia,Sao Tome and Principe,3,0,World Cup qualifier,Botswana,1363,1025,114,184,2080000.0,1430000.0
2025-09-09,Tanzania,Niger,0,1,World Cup qualifier,Tanzania,1363,1363,114,114,7530000.0,9980000.0
2025-09-09,Mauritania,South Sudan,0,0,World Cup qualifier,Mauritania,1343,1139,125,166,23600000.0,1600000.0
2025-09-09,Kenya,Seychelles,5,0,World Cup qualifier,Kenya,1341,846,126,204,10930000.0,1030000.0
2025-09-09,Gambia,Burundi,2,0,World Cup qualifier,Kenya,1443,1269,92,146,72280000.0,12450000.0
2025-09-09,Gabon,Ivory Coast,0,0,World Cup qualifier,Gabon,1464,1589,88,61,34450000.0,514900000.0
2025-10-08,Burkina Faso,Sierra Leone,1,0,World Cup qualifier,Liberia,1521,1341,77,125,121230000.0,13430000.0
2025-10-08,Chad,Mali,0,2,World Cup qualifier,Chad,1137,1604,168,59,6100000.0,35700000.0
2025-10-08,Egypt,Djibouti,3,0,World Cup qualifier,Morocco,1666,920,50,195,108830000.0,575000.0
2025-10-08,Eswatini,Angola,2,2,World Cup qualifier,Eswatini,1217,1560,154,72,1080000.0,52200000.0
2025-10-08,Ethiopia,Guinea-Bissau,1,0,World Cup qualifier,Rwanda,1271,1246,146,152,2780000.0,41400000.0
2025-10-08,Ghana,Central African Republic,5,0,World Cup qualifier,Morocco,1504,1216,81,155,220780000.0,6980000.0
2025-10-08,Libya,Cape Verde,3,3,World Cup qualifier,Libya,1430,1543,96,74,11430000.0,53430000.0
2025-10-08,Madagascar,Comoros,2,1,World Cup qualifier,Ivory Coast,1356,1398,117,106,8230000.0,3280000.0
2025-10-08,Qatar,Oman,0,0,World Cup qualifier,Qatar,1483,1520,84,78,17930000.0,6100000.0
2025-10-08,Niger,Congo,3,1,World Cup qualifier,Burkina Faso,1382,1208,109,157,9980000.0,2600000.0
2025-10-08,Tanzania,Zambia,0,1,World Cup qualifier,Tanzania,1338,1400,128,105,7530000.0,14630000.0
2025-10-08,Saudi Arabia,Indonesia,3,2,World Cup qualifier,Saudi Arabia,1592,1350,61,121,27630000.0,30580000.0
2025-10-08,Mauritius,Cameroon,0,2,World Cup qualifier,Mauritius,1079,1585,175,64,850000.0,197400000.0
2025-10-09,Liberia,Namibia,3,1,World Cup qualifier,Liberia,1294,1333,140,130,14150000.0,2080000.0
2025-10-09,Burundi,Kenya,0,1,World Cup qualifier,Burundi,1247,1363,150,115,12450000.0,10930000.0
2025-10-09,Botswana,Uganda,0,1,World Cup qualifier,Botswana,1309,1436,136,96,3080000.0,8750000.0
2025-10-09,Algeria,Somalia,3,0,World Cup qualifier,Algeria,1695,906,46,198,227850000.0,860000.0
2025-10-09,Scotland,Greece,3,1,World Cup qualifier,Scotland,1767,1773,33,30,207830000.0,315600000.0
2025-10-09,Malta,Netherlands,0,4,World Cup qualifier,Malta,1257,1962,149,8,14750000.0,766000000.0
2025-10-09,Finland,Lithuania,2,1,World Cup qualifier,Finland,1547,1279,74,145,41700000.0,18550000.0
2025-10-09,Czechia,Croatia,0,0,World Cup qualifier,Czechia,1765,1927,34,10,179080000.0,357300000.0
2025-10-09,Denmark,Belarus,6,0,World Cup qualifier,Hungary,1903,1468,12,85,368000000.0,14000000.0
2025-10-09,Cyprus,Bosnia and Herzegovina,2,2,World Cup qualifier,Cyprus,1317,1511,133,80,19100000.0,133400000.0
2025-10-09,Austria,San Marino,10,0,World Cup qualifier,Austria,1855,841,19,205,258300000.0,1120000.0
2025-10-09,Honduras,Costa Rica,0,0,World Cup qualifier,Honduras,1584,1667,65,50,16300000.0,18700000.0
2025-10-09,Nicaragua,Haiti,0,3,World Cup qualifier,Nicaragua,1302,1517,137,79,2580000.0,56830000.0
2025-10-09,Mozambique,Guinea,1,2,World Cup qualifier,Mozambique,1395,1489,106,83,30100000.0,74250000.0
2025-10-09,Faroe Islands,Montenegro,4,0,World Cup qualifier,the Faroe Islands,1335,1442,129,93,4950000.0,60130000.0
2025-10-09,Bangladesh,Hong Kong,3,4,Asian Cup qualifier,Bangladesh,899,1189,201,160,7740000.0,3600000.0
2025-10-09,Laos,Malaysia,0,3,Asian Cup qualifier,Laos,712,1310,219,135,1320000.0,7130000.0
2025-10-09,Brunei,Yemen,0,2,Asian Cup qualifier,Brunei,663,1128,225,171,680000.0,1850000.0
2025-10-09,Vietnam,Nepal,3,1,Asian Cup qualifier,Vietnam,1324,920,131,194,6380000.0,1330000.0
2025-10-09,Thailand,Taiwan,2,0,Asian Cup qualifier,Thailand,1353,878,120,202,6380000.0,1920000.0
2025-10-09,Syria,Myanmar,5,1,Asian Cup qualifier,Saudi Arabia,1437,952,95,190,7200000.0,3130000.0
2025-10-09,Sri Lanka,Turkmenistan,1,0,Asian Cup qualifier,Sri Lanka,789,1211,210,156,885000.0,2950000.0
2025-10-09,Singapore,India,1,1,Asian Cup qualifier,Singapore,1073,1181,177,161,4380000.0,4800000.0
2025-10-09,Philippines,East Timor,4,1,Asian Cup qualifier,Australia,1138,684,168,223,6430000.0,925000.0
2025-10-09,Pakistan,Afghanistan,0,0,Asian Cup qualifier,Pakistan,823,1046,208,180,3440000.0,325000.0
2025-10-09,Lebanon,Bhutan,2,0,Asian Cup qualifier,Qatar,1348,620,122,230,6430000.0,690000.0
2025-10-09,Tajikistan,Maldives,2,0,Asian Cup qualifier,Tajikistan,1285,866,144,203,7700000.0,950000.0
2025-10-10,Gabon,Gambia,4,3,World Cup qualifier,Kenya,1483,1424,84,98,34450000.0,72280000.0
2025-10-10,Sweden,Switzerland,0,2,World Cup qualifier,Sweden,1703,1896,41,13,435380000.0,317600000.0
2025-10-10,Northern Ireland,Slovakia,2,0,World Cup qualifier,Northern Ireland,1618,1684,59,49,79880000.0,130550000.0
2025-10-10,Kosovo,Slovenia,0,0,World Cup qualifier,Kosovo,1636,1731,56,36,114280000.0,143850000.0
2025-10-10,Kazakhstan,Liechtenstein,4,0,World Cup qualifier,Kazakhstan,1392,901,108,200,17700000.0,600000.0
2025-10-10,Iceland,Ukraine,3,5,World Cup qualifier,Iceland,1541,1794,74,28,74000000.0,288200000.0
2025-10-10,Belgium,North Macedonia,0,0,World Cup qualifier,Belgium,1835,1638,21,53,558200000.0,38680000.0
2025-10-10,France,Azerbaijan,3,0,World Cup qualifier,France,2068,1366,3,114,1470000000.0,16230000.0
2025-10-10,Suriname,Guatemala,1,1,World Cup qualifier,Suriname,1423,1509,100,81,37650000.0,5400000.0
2025-10-10,El Salvador,Panama,0,1,World Cup qualifier,El Salvador,1363,1740,115,35,6960000.0,32400000.0
2025-10-10,Curaçao,Jamaica,2,0,World Cup qualifier,Curaçao,1442,1535,92,75,28680000.0,53850000.0
2025-10-10,Ivory Coast,Seychelles,7,0,World Cup qualifier,Mauritius,1590,845,63,204,514900000.0,1030000.0
2025-10-10,Germany,Luxembourg,4,0,World Cup qualifier,Germany,1880,1413,15,101,773500000.0,32900000.0
2025-10-10,Mauritania,Sudan,0,0,World Cup qualifier,Tanzania,1345,1373,123,111,23600000.0,3250000.0
2025-10-10,Bermuda,Trinidad and Tobago,0,3,World Cup qualifier,Bermuda,1128,1412,170,102,375000.0,10100000.0
2025-10-10,Rwanda,Benin,0,1,World Cup qualifier,Rwanda,1319,1463,132,88,6800000.0,17080000.0
2025-10-10,Nigeria,Lesotho,2,1,World Cup qualifier,South Africa,1588,1195,65,158,218080000.0,675000.0
2025-10-10,Tunisia,Sao Tome and Principe,6,0,World Cup qualifier,Tunisia,1637,1024,55,183,66550000.0,1430000.0
2025-10-10,Togo,DR Congo,0,1,World Cup qualifier,Togo,1348,1590,121,63,29680000.0,153500000.0
2025-10-10,South Sudan,Senegal,0,5,World Cup qualifier,South Sudan,1136,1806,168,24,1600000.0,474000000.0
2025-10-10,South Africa,Zimbabwe,0,0,World Cup qualifier,South Africa,1513,1368,79,113,41150000.0,7100000.0
2025-10-11,Norway,Israel,5,0,World Cup qualifier,Norway,1880,1628,15,57,504000000.0,86900000.0
2025-10-11,Bulgaria,Turkey,1,6,World Cup qualifier,Bulgaria,1429,1847,97,19,29750000.0,522700000.0
2025-10-11,Hungary,Armenia,2,0,World Cup qualifier,Hungary,1701,1406,44,103,210800000.0,40380000.0
2025-10-11,Latvia,Andorra,2,2,World Cup qualifier,Latvia,1280,1089,144,175,17530000.0,3340000.0
2025-10-11,Portugal,Ireland,1,0,World Cup qualifier,Portugal,2043,1601,4,61,968500000.0,144080000.0
2025-10-11,Estonia,Italy,1,3,World Cup qualifier,Estonia,1351,1897,119,13,7000000.0,833500000.0
2025-10-11,Spain,Georgia,2,0,World Cup qualifier,Spain,2181,1698,1,45,1310000000.0,199050000.0
2025-10-11,Iraq,Indonesia,1,0,World Cup qualifier,Saudi Arabia,1573,1341,69,124,19780000.0,30580000.0
2025-10-11,United Arab Emirates,Oman,2,1,World Cup qualifier,Qatar,1567,1502,70,82,31130000.0,6100000.0
2025-10-11,Serbia,Albania,0,1,World Cup qualifier,Serbia,1772,1664,30,52,296500000.0,81750000.0
2025-10-12,Croatia,Gibraltar,3,0,World Cup qualifier,Croatia,1927,1023,10,184,357300000.0,1380000.0
2025-10-12,Denmark,Greece,3,1,World Cup qualifier,Denmark,1916,1760,11,32,368000000.0,315600000.0
2025-10-12,Faroe Islands,Czechia,2,1,World Cup qualifier,the Faroe Islands,1370,1730,113,36,4950000.0,179080000.0
2025-10-12,Lithuania,Poland,0,2,World Cup qualifier,Lithuania,1271,1722,146,37,18550000.0,214000000.0
2025-10-12,Netherlands,Finland,4,0,World Cup qualifier,the Netherlands,1966,1543,8,72,766000000.0,41700000.0
2025-10-12,Romania,Austria,1,0,World Cup qualifier,Romania,1677,1829,50,22,97200000.0,258300000.0
2025-10-12,Scotland,Belarus,2,1,World Cup qualifier,Scotland,1771,1464,30,87,207830000.0,14000000.0
2025-10-12,San Marino,Cyprus,0,4,World Cup qualifier,San Marino,833,1325,207,130,1120000.0,19100000.0
2025-10-12,Chad,Central African Republic,2,3,World Cup qualifier,Chad,1116,1237,173,152,6100000.0,6980000.0
2025-10-12,Egypt,Guinea-Bissau,1,0,World Cup qualifier,Egypt,1668,1244,51,151,108830000.0,41400000.0
2025-10-12,Ghana,Comoros,1,0,World Cup qualifier,Ghana,1513,1389,79,108,220780000.0,3280000.0
2025-10-12,Mali,Madagascar,4,1,World Cup qualifier,Mali,1612,1348,60,120,35700000.0,8230000.0
2025-10-12,Sierra Leone,Djibouti,2,1,World Cup qualifier,Morocco,1344,917,125,196,13430000.0,575000.0
2025-10-12,Zambia,Niger,0,1,World Cup qualifier,Zambia,1373,1409,110,103,14630000.0,9980000.0
2025-10-12,Burkina Faso,Ethiopia,3,1,World Cup qualifier,Burkina Faso,1528,1264,76,147,121230000.0,2780000.0
2025-10-13,Sweden,Kosovo,0,1,World Cup qualifier,Sweden,1674,1665,50,53,435380000.0,114280000.0
2025-10-13,Slovenia,Switzerland,0,0,World Cup qualifier,Slovenia,1735,1892,35,14,143850000.0,317600000.0
2025-10-13,Costa Rica,Nicaragua,4,1,World Cup qualifier,Costa Rica,1672,1297,51,139,18700000.0,2580000.0
2025-10-13,Honduras,Haiti,3,0,World Cup qualifier,Honduras,1603,1498,61,82,16300000.0,56830000.0
2025-10-13,North Macedonia,Kazakhstan,1,1,World Cup qualifier,North Macedonia,1623,1407,58,103,38680000.0,17700000.0
2025-10-13,Iceland,France,2,2,World Cup qualifier,Iceland,1558,2051,72,3,74000000.0,1470000000.0
2025-10-13,Ukraine,Azerbaijan,2,1,World Cup qualifier,Poland,1797,1363,27,114,288200000.0,16230000.0
2025-10-13,Northern Ireland,Germany,0,1,World Cup qualifier,Northern Ireland,1607,1891,60,15,79880000.0,773500000.0
2025-10-13,Wales,Belgium,2,4,World Cup qualifier,Wales,1692,1864,47,17,199050000.0,558200000.0
2025-10-13,Slovakia,Luxembourg,2,0,World Cup qualifier,Slovakia,1690,1407,48,103,130550000.0,32900000.0
2025-10-13,Cape Verde,Eswatini,3,0,World Cup qualifier,Cape Verde,1549,1211,73,156,53430000.0,1080000.0
2025-10-13,Tunisia,Namibia,3,0,World Cup qualifier,Tunisia,1643,1327,55,129,66550000.0,2080000.0
2025-10-13,South Sudan,Togo,0,0,World Cup qualifier,South Sudan,1142,1342,165,124,1600000.0,29680000.0
2025-10-13,Cameroon,Angola,0,0,World Cup qualifier,Cameroon,1578,1567,68,70,197400000.0,52200000.0
2025-10-13,Mauritius,Libya,0,0,World Cup qualifier,Mauritius,1091,1418,175,100,850000.0,11430000.0
2025-10-13,Lesotho,Zimbabwe,1,0,World Cup qualifier,South Africa,1224,1339,153,126,675000.0,7100000.0
2025-10-13,Equatorial Guinea,Liberia,1,1,World Cup qualifier,Equatorial Guinea,1452,1307,89,137,12050000.0,14150000.0
2025-10-13,Sao Tome and Principe,Malawi,1,0,World Cup qualifier,Tunisia,1056,1244,179,150,1430000.0,2049999.0
2025-10-14,Algeria,Uganda,2,1,World Cup qualifier,Algeria,1699,1432,43,96,227850000.0,8750000.0
2025-10-14,Nigeria,Benin,4,0,World Cup qualifier,Nigeria,1604,1447,62,90,218080000.0,17080000.0
2025-10-14,Mozambique,Somalia,1,0,World Cup qualifier,Algeria,1397,904,107,199,30100000.0,860000.0
2025-10-14,Morocco,Congo,1,0,World Cup qualifier,Morocco,1825,1207,23,158,456000000.0,2600000.0
2025-10-14,Ivory Coast,Kenya,3,0,World Cup qualifier,Ivory Coast,1599,1354,64,116,514900000.0,10930000.0
2025-10-14,Gambia,Seychelles,7,0,World Cup qualifier,Mauritius,1427,842,98,204,72280000.0,1030000.0
2025-10-14,Gabon,Burundi,2,0,World Cup qualifier,Gabon,1491,1239,84,151,34450000.0,12450000.0
2025-10-14,DR Congo,Sudan,1,0,World Cup qualifier,DR Congo,1596,1367,65,113,153500000.0,3250000.0
2025-10-14,Botswana,Guinea,2,2,World Cup qualifier,Morocco,1319,1479,133,85,3080000.0,74250000.0
2025-10-14,Turkey,Georgia,4,1,World Cup qualifier,Turkey,1860,1685,19,48,522700000.0,199050000.0
2025-10-14,Italy,Israel,3,0,World Cup qualifier,Italy,1904,1621,13,57,833500000.0,86900000.0
2025-10-14,Portugal,Hungary,2,2,World Cup qualifier,Portugal,2026,1718,4,38,968500000.0,210800000.0
2025-10-14,Latvia,England,0,5,World Cup qualifier,Latvia,1278,2024,144,5,17530000.0,1620000000.0
2025-10-14,Senegal,Mauritania,4,0,World Cup qualifier,Senegal,1809,1342,25,123,474000000.0,23600000.0
2025-10-14,Ireland,Armenia,1,0,World Cup qualifier,Ireland,1607,1400,60,106,144080000.0,40380000.0
2025-10-14,Estonia,Moldova,1,1,World Cup qualifier,Estonia,1343,1307,122,137,7000000.0,10530000.0
2025-10-14,Andorra,Serbia,1,3,World Cup qualifier,Andorra,1087,1774,177,29,3340000.0,296500000.0
2025-10-14,Panama,Suriname,1,1,World Cup qualifier,Panama,1723,1440,36,94,32400000.0,37650000.0
2025-10-14,Jamaica,Bermuda,4,0,World Cup qualifier,Jamaica,1539,1124,75,171,53850000.0,375000.0
2025-10-14,El Salvador,Guatemala,0,1,World Cup qualifier,El Salvador,1346,1526,119,77,6960000.0,5400000.0
2025-10-14,Curaçao,Trinidad and Tobago,1,1,World Cup qualifier,Curaçao,1435,1419,95,100,28680000.0,10100000.0
2025-10-14,Spain,Bulgaria,4,0,World Cup qualifier,Spain,2182,1428,1,97,1310000000.0,29750000.0
2025-10-14,South Africa,Rwanda,3,0,World Cup qualifier,South Africa,1524,1308,78,136,41150000.0,6800000.0
2025-10-14,Hong Kong,Bangladesh,1,1,Asian Cup qualifier,Hong Kong,1173,915,161,197,3600000.0,7740000.0
2025-10-14,Saudi Arabia,Iraq,0,0,World Cup qualifier,Saudi Arabia,1585,1580,67,68,27630000.0,19780000.0
2025-10-14,Qatar,United Arab Emirates,2,1,World Cup qualifier,Qatar,1502,1548,81,73,17930000.0,31130000.0
2025-10-14,Vietnam,Nepal,1,0,Asian Cup qualifier,Vietnam,1326,918,130,194,6380000.0,1330000.0
2025-10-14,Turkmenistan,Sri Lanka,2,1,Asian Cup qualifier,Turkmenistan,1213,787,156,210,2950000.0,885000.0
2025-10-14,Taiwan,Thailand,1,6,Asian Cup qualifier,Taiwan,870,1361,202,115,1920000.0,6380000.0
2025-10-14,Philippines,East Timor,3,1,Asian Cup qualifier,the Philippines,1140,682,166,223,6430000.0,925000.0
2025-10-14,Myanmar,Syria,0,3,Asian Cup qualifier,Myanmar,945,1444,191,92,3130000.0,7200000.0
2025-10-14,Maldives,Tajikistan,0,3,Asian Cup qualifier,the Maldives,856,1295,203,140,950000.0,7700000.0
2025-10-14,Malaysia,Laos,5,1,Asian Cup qualifier,Malaysia,1311,711,135,219,7130000.0,1320000.0
2025-10-14,Lebanon,Bhutan,4,0,Asian Cup qualifier,Qatar,1349,619,117,230,6430000.0,690000.0
2025-10-14,India,Singapore,1,2,Asian Cup qualifier,India,1150,1104,164,174,4800000.0,4380000.0
2025-10-14,Afghanistan,Pakistan,1,1,Asian Cup qualifier,Kuwait,1035,834,183,207,325000.0,3440000.0
2025-10-14,Yemen,Brunei,9,0,Asian Cup qualifier,Kuwait,1134,657,168,225,1850000.0,680000.0
2025-11-12,Cayman Islands,British Virgin Islands,1,2,CONCACAF Series,the Cayman Islands,795,651,209,228,0.0,0.0
2025-11-12,Antigua and Barbuda,Aruba,0,0,CONCACAF Series,Antigua and Barbuda,905,922,198,194,650000.0,125000.0
2025-11-12,Anguilla,Bahamas,2,1,CONCACAF Series,the Cayman Islands,656,761,227,212,0.0,0.0
2025-11-12,Cuba,Saint Lucia,3,0,CONCACAF Series,the Dominican Republic,1196,1022,159,184,2100000.0,250000.0
2025-11-12,Barbados,Bonaire,3,2,CONCACAF Series,Antigua and Barbuda,949,824,190,208,200000.0,350000.0
2025-11-12,Saint Kitts and Nevis,Sint Maarten,0,0,CONCACAF Series,Saint Kitts and Nevis,1039,940,181,193,575000.0,325000.0
2025-11-12,Saint Martin,Dominica,2,1,CONCACAF Series,Saint Kitts and Nevis,1016,954,185,189,0.0,0.0
2025-11-12,Dominican Republic,St Vincent & Grenadines,2,0,CONCACAF Series,the Dominican Republic,1295,1157,140,163,18030000.0,0.0
2025-11-13,France,Ukraine,4,0,World Cup qualifier,France,2060,1788,3,28,1470000000.0,288200000.0
2025-11-13,England,Serbia,2,0,World Cup qualifier,England,2031,1767,4,31,1620000000.0,296500000.0
2025-11-13,Azerbaijan,Iceland,0,2,World Cup qualifier,Azerbaijan,1341,1580,123,68,16230000.0,74000000.0
2025-11-13,Armenia,Hungary,0,1,World Cup qualifier,Armenia,1391,1727,107,37,40380000.0,210800000.0
2025-11-13,Andorra,Albania,0,1,World Cup qualifier,Andorra,1085,1675,177,50,3340000.0,81750000.0
2025-11-13,Nicaragua,Honduras,2,0,World Cup qualifier,Nicaragua,1343,1557,121,71,2580000.0,16300000.0
2025-11-13,Suriname,El Salvador,4,0,World Cup qualifier,Suriname,1458,1328,87,129,37650000.0,6960000.0
2025-11-13,Moldova,Italy,0,2,World Cup qualifier,Moldova,1304,1907,139,13,10530000.0,833500000.0
2025-11-13,Haiti,Costa Rica,1,0,World Cup qualifier,Curaçao,1527,1643,77,55,56830000.0,18700000.0
2025-11-13,Guatemala,Panama,2,3,World Cup qualifier,Guatemala,1511,1738,81,34,5400000.0,32400000.0
2025-11-13,Bermuda,Curaçao,0,7,World Cup qualifier,Bermuda,1103,1456,174,89,375000.0,28680000.0
2025-11-13,Trinidad and Tobago,Jamaica,1,1,World Cup qualifier,Trinidad and Tobago,1420,1538,100,75,10100000.0,53850000.0
2025-11-13,Norway,Estonia,4,1,World Cup qualifier,Norway,1874,1341,16,123,504000000.0,7000000.0
2025-11-13,Ireland,Portugal,2,0,World Cup qualifier,Ireland,1659,1974,54,7,144080000.0,968500000.0
2025-11-13,Nigeria,Gabon,4,1,World Cup qualifier,Morocco,1628,1467,57,85,218080000.0,34450000.0
2025-11-13,DR Congo,Cameroon,1,0,World Cup qualifier,Morocco,1615,1559,59,70,153500000.0,197400000.0
2025-11-13,Papua New Guinea,Solomon Islands,1,0,Melanesian Cup,Papua New Guinea,1120,1110,171,173,0.0,450000.0
2025-11-13,United Arab Emirates,Iraq,1,1,World Cup qualifier,the United Arab Emirates,1544,1584,73,67,31130000.0,19780000.0
2025-11-14,Croatia,Faroe Islands,3,1,World Cup qualifier,Croatia,1928,1369,10,112,357300000.0,4950000.0
2025-11-14,Finland,Malta,0,1,World Cup qualifier,Finland,1507,1283,82,145,41700000.0,14750000.0
2025-11-14,Gibraltar,Montenegro,1,2,World Cup qualifier,Gibraltar,1018,1447,184,92,1380000.0,60130000.0
2025-11-14,Luxembourg,Germany,0,2,World Cup qualifier,Luxembourg,1401,1897,105,14,32900000.0,773500000.0
2025-11-14,Poland,Netherlands,1,1,World Cup qualifier,Poland,1730,1958,37,8,214000000.0,766000000.0
2025-11-14,Slovakia,Northern Ireland,1,0,World Cup qualifier,Slovakia,1700,1597,44,63,130550000.0,79880000.0
2025-11-15,Belize,Saint Martin,1,0,CONCACAF Series,Saint Kitts and Nevis,1071,1003,178,186,375000.0,0.0
2025-11-15,Aruba,Barbados,3,0,CONCACAF Series,Antigua and Barbuda,950,921,190,194,125000.0,200000.0
2025-11-15,Turkey,Bulgaria,2,0,World Cup qualifier,Turkey,1863,1425,18,98,522700000.0,29750000.0
2025-11-15,Switzerland,Sweden,4,1,World Cup qualifier,Switzerland,1902,1664,13,51,317600000.0,435380000.0
2025-11-15,Slovenia,Kosovo,0,2,World Cup qualifier,Slovenia,1691,1709,47,42,143850000.0,114280000.0
2025-11-15,Liechtenstein,Wales,0,1,World Cup qualifier,Liechtenstein,900,1693,201,46,600000.0,199050000.0
2025-11-15,Denmark,Belarus,2,2,World Cup qualifier,Denmark,1898,1482,14,85,368000000.0,14000000.0
2025-11-15,Greece,Scotland,3,2,World Cup qualifier,Greece,1775,1756,30,32,315600000.0,207830000.0
2025-11-15,Georgia,Spain,0,4,World Cup qualifier,Georgia,1678,2189,49,1,199050000.0,1310000000.0
2025-11-15,Cyprus,Austria,0,2,World Cup qualifier,Cyprus,1320,1834,133,21,19100000.0,258300000.0
2025-11-15,Bosnia and Herzegovina,Romania,3,1,World Cup qualifier,Bosnia and Herzegovina,1556,1642,73,55,133400000.0,97200000.0
2025-11-15,Kazakhstan,Belgium,1,1,World Cup qualifier,Kazakhstan,1422,1849,101,19,17700000.0,558200000.0
2025-11-15,British Virgin Islands,Bahamas,6,0,CONCACAF Series,the Cayman Islands,693,719,221,217,0.0,0.0
2025-11-15,Cuba,Martinique,2,0,CONCACAF Series,the Dominican Republic,1229,1340,153,125,2100000.0,3830000.0
2025-11-15,Cayman Islands,Anguilla,4,0,CONCACAF Series,the Cayman Islands,806,645,209,228,0.0,0.0
2025-11-15,Sint Maarten,Dominica,3,2,CONCACAF Series,Saint Kitts and Nevis,956,938,189,193,325000.0,0.0
2025-11-15,St Vincent & Grenadines,Saint Lucia,3,1,CONCACAF Series,the Dominican Republic,1171,1008,162,184,0.0,250000.0
2025-11-15,Guyana,Bonaire,2,1,CONCACAF Series,Antigua and Barbuda,1265,822,147,208,1500000.0,350000.0
2025-11-16,Hungary,Ireland,2,3,World Cup qualifier,Hungary,1698,1688,45,48,210800000.0,144080000.0
2025-11-16,Albania,England,0,2,World Cup qualifier,Albania,1664,2042,51,4,81750000.0,1620000000.0
2025-11-16,Azerbaijan,France,1,3,World Cup qualifier,Azerbaijan,1339,2062,125,3,16230000.0,1470000000.0
2025-11-16,Italy,Norway,1,4,World Cup qualifier,Italy,1859,1922,18,11,833500000.0,504000000.0
2025-11-16,DR Congo,Nigeria,1,1,World Cup qualifier,Morocco,1616,1627,59,58,153500000.0,218080000.0
2025-11-16,Portugal,Armenia,9,1,World Cup qualifier,Portugal,1976,1389,7,108,968500000.0,40380000.0
2025-11-16,Serbia,Latvia,2,1,World Cup qualifier,Serbia,1768,1286,31,144,296500000.0,17530000.0
2025-11-16,Ukraine,Iceland,2,0,World Cup qualifier,Poland,1802,1566,24,68,288200000.0,74000000.0
2025-11-16,Moldova,Israel,1,4,World Cup qualifier,Moldova,1288,1631,143,57,10530000.0,86900000.0
2025-11-17,Czechia,Gibraltar,6,0,World Cup qualifier,Czechia,1731,1017,37,183,179080000.0,1380000.0
2025-11-17,Germany,Slovakia,6,0,World Cup qualifier,Germany,1910,1687,13,48,773500000.0,130550000.0
2025-11-17,Malta,Poland,2,3,World Cup qualifier,Malta,1278,1735,145,35,14750000.0,214000000.0
2025-11-17,Montenegro,Croatia,2,3,World Cup qualifier,Montenegro,1443,1932,93,9,60130000.0,357300000.0
2025-11-17,Netherlands,Lithuania,4,0,World Cup qualifier,the Netherlands,1959,1276,8,146,766000000.0,18550000.0
2025-11-17,Vanuatu,Fiji,2,0,Melanesian Cup,Papua New Guinea,1086,1131,177,169,585000.0,2450000.0
2025-11-17,Northern Ireland,Luxembourg,1,0,World Cup qualifier,Northern Ireland,1603,1395,63,106,79880000.0,32900000.0
2025-11-18,Sweden,Slovenia,1,1,World Cup qualifier,Sweden,1660,1695,51,46,435380000.0,143850000.0
2025-11-18,Wales,North Macedonia,7,1,World Cup qualifier,Wales,1715,1592,41,65,199050000.0,38680000.0
2025-11-18,Iraq,United Arab Emirates,2,1,World Cup qualifier,Iraq,1596,1532,64,76,19780000.0,31130000.0
2025-11-18,Bangladesh,India,1,0,Asian Cup qualifier,Bangladesh,940,1123,193,170,7740000.0,4800000.0
2025-11-18,Malaysia,Nepal,1,0,Asian Cup qualifier,Malaysia,1313,919,133,197,7130000.0,1330000.0
2025-11-18,Hong Kong,Singapore,1,2,Asian Cup qualifier,Hong Kong,1135,1131,166,168,3600000.0,4380000.0
2025-11-18,Spain,Turkey,2,2,World Cup qualifier,Spain,2172,1880,1,15,1310000000.0,522700000.0
2025-11-18,Maldives,Philippines,0,2,Asian Cup qualifier,the Maldives,841,1155,205,162,950000.0,6430000.0
2025-11-18,Pakistan,Syria,0,5,Asian Cup qualifier,Pakistan,830,1448,207,90,3440000.0,7200000.0
2025-11-18,Sri Lanka,Thailand,0,4,Asian Cup qualifier,Sri Lanka,782,1368,210,111,885000.0,6380000.0
2025-11-18,Brunei,Lebanon,0,3,Asian Cup qualifier,Brunei,655,1351,227,117,680000.0,6430000.0
2025-11-18,Scotland,Denmark,4,2,World Cup qualifier,Scotland,1790,1864,27,17,207830000.0,368000000.0
2025-11-18,Bulgaria,Georgia,2,1,World Cup qualifier,Bulgaria,1453,1650,89,52,29750000.0,199050000.0
2025-11-18,Kosovo,Switzerland,1,1,World Cup qualifier,Kosovo,1714,1897,43,13,114280000.0,317600000.0
2025-11-18,Belgium,Liechtenstein,7,0,World Cup qualifier,Belgium,1849,900,19,200,558200000.0,600000.0
2025-11-18,Belarus,Greece,0,0,World Cup qualifier,Hungary,1496,1761,82,32,14000000.0,315600000.0
2025-11-18,Austria,Bosnia and Herzegovina,1,1,World Cup qualifier,Austria,1818,1572,23,68,258300000.0,133400000.0
2025-11-18,Trinidad and Tobago,Bermuda,2,2,World Cup qualifier,Trinidad and Tobago,1403,1120,104,172,10100000.0,375000.0
2025-11-18,Panama,El Salvador,3,0,World Cup qualifier,Panama,1742,1324,35,130,32400000.0,6960000.0
2025-11-18,Jamaica,Curaçao,0,0,World Cup qualifier,Jamaica,1528,1466,79,87,53850000.0,28680000.0
2025-11-18,Haiti,Nicaragua,2,0,World Cup qualifier,Curaçao,1542,1328,75,127,56830000.0,2580000.0
2025-11-18,Guatemala,Suriname,3,1,World Cup qualifier,Guatemala,1529,1440,78,93,5400000.0,37650000.0
2025-11-18,Costa Rica,Honduras,0,0,World Cup qualifier,Costa Rica,1633,1567,56,70,18700000.0,16300000.0
2025-11-18,Tajikistan,East Timor,5,0,Asian Cup qualifier,Australia,1297,680,140,224,7700000.0,925000.0
2025-11-18,Romania,San Marino,7,1,World Cup qualifier,Romania,1642,833,55,206,97200000.0,1120000.0
2025-11-18,Turkmenistan,Taiwan,3,1,Asian Cup qualifier,Turkmenistan,1217,866,155,202,2950000.0,1920000.0
2025-11-18,Saint Kitts and Nevis,Belize,2,6,CONCACAF Series,Saint Kitts and Nevis,1005,1105,184,176,575000.0,375000.0
2025-11-18,Antigua and Barbuda,Guyana,1,4,CONCACAF Series,Antigua and Barbuda,895,1275,201,147,650000.0,1500000.0
2025-11-18,Yemen,Bhutan,7,1,Asian Cup qualifier,Kuwait,1138,614,165,232,1850000.0,690000.0
2025-11-18,Dominican Republic,Martinique,0,0,CONCACAF Series,the Dominican Republic,1293,1342,142,122,18030000.0,3830000.0
2025-11-19,Laos,Vietnam,0,2,Asian Cup qualifier,Laos,708,1329,219,127,1320000.0,6380000.0
2025-11-20,Vanuatu,Solomon Islands,2,1,Melanesian Cup,Papua New Guinea,1107,1089,175,178,585000.0,450000.0
2025-11-20,Papua New Guinea,Fiji,2,0,Melanesian Cup,Papua New Guinea,1142,1109,163,174,0.0,2450000.0
2025-11-22,Fiji,Solomon Islands,1,1,Melanesian Cup,Papua New Guinea,1108,1090,174,178,2450000.0,450000.0
2025-11-23,Papua New Guinea,Vanuatu,2,2,Melanesian Cup,Papua New Guinea,1135,1114,166,174,0.0,585000.0
2025-11-25,Syria,South Sudan,2,0,Arab Cup qualifier,Qatar,1457,1133,88,168,7200000.0,1600000.0
2025-11-25,Libya,Palestine,0,0,Arab Cup qualifier,Qatar,1425,1447,97,91,11430000.0,7630000.0
2025-11-25,Kuwait,Mauritania,2,0,Arab Cup qualifier,Qatar,1340,1311,124,135,4350000.0,23600000.0
2025-11-26,Sudan,Lebanon,2,1,Arab Cup qualifier,Qatar,1380,1332,110,126,3250000.0,6430000.0
2025-11-26,Oman,Somalia,0,0,Arab Cup qualifier,Qatar,1474,961,85,189,6100000.0,860000.0
2025-11-26,Comoros,Yemen,4,4,Arab Cup qualifier,Qatar,1392,1151,106,163,3280000.0,1850000.0
2025-11-26,Bahrain,Djibouti,1,0,Arab Cup qualifier,Qatar,1410,915,100,198,6230000.0,575000.0
2025-12-01,Syria,Tunisia,1,0,Arab Cup,Qatar,1487,1620,83,58,7200000.0,66550000.0
2025-12-01,Qatar,Palestine,0,1,Arab Cup,Qatar,1458,1475,89,85,17930000.0,7630000.0
2025-12-02,Egypt,Kuwait,1,1,Arab Cup,Qatar,1630,1354,56,116,108830000.0,4350000.0
2025-12-02,Morocco,Comoros,3,1,Arab Cup,Qatar,1833,1387,21,108,456000000.0,3280000.0
2025-12-02,Saudi Arabia,Oman,2,1,Arab Cup,Qatar,1592,1460,65,88,27630000.0,6100000.0
2025-12-03,Jordan,United Arab Emirates,2,1,Arab Cup,Qatar,1625,1516,58,79,16079999.0,31130000.0
2025-12-03,Iraq,Bahrain,2,1,Arab Cup,Qatar,1606,1400,63,104,19780000.0,6230000.0
2025-12-03,Algeria,Sudan,0,0,Arab Cup,Qatar,1702,1395,43,105,227850000.0,3250000.0
2025-12-04,Qatar,Syria,1,1,Arab Cup,Qatar,1454,1491,90,83,17930000.0,7200000.0
2025-12-04,Palestine,Tunisia,2,2,Arab Cup,Qatar,1483,1612,85,60,7630000.0,66550000.0
2025-12-05,Saudi Arabia,Comoros,3,1,Arab Cup,Qatar,1606,1373,63,111,27630000.0,3280000.0
2025-12-05,Morocco,Oman,0,0,Arab Cup,Qatar,1817,1476,23,86,456000000.0,6100000.0
2025-12-06,Algeria,Bahrain,5,1,Arab Cup,Qatar,1713,1389,43,105,227850000.0,6230000.0
2025-12-06,Egypt,United Arab Emirates,1,1,Arab Cup,Qatar,1624,1522,58,79,108830000.0,31130000.0
2025-12-06,Jordan,Kuwait,3,1,Arab Cup,Qatar,1635,1344,54,118,16079999.0,4350000.0
2025-12-06,Iraq,Sudan,2,0,Arab Cup,Qatar,1620,1381,59,108,19780000.0,3250000.0
2025-12-07,Qatar,Tunisia,0,3,Arab Cup,Qatar,1425,1641,96,54,17930000.0,66550000.0
2025-12-07,Palestine,Syria,0,0,Arab Cup,Qatar,1483,1491,85,83,7630000.0,7200000.0
2025-12-08,Oman,Comoros,2,1,Arab Cup,Qatar,1490,1359,84,114,6100000.0,3280000.0
2025-12-08,Morocco,Saudi Arabia,1,0,Arab Cup,Qatar,1826,1597,22,65,456000000.0,27630000.0
2025-12-09,Algeria,Iraq,2,0,Arab Cup,Qatar,1735,1598,36,63,227850000.0,19780000.0
2025-12-09,United Arab Emirates,Kuwait,3,1,Arab Cup,Qatar,1538,1328,76,127,31130000.0,4350000.0
2025-12-09,Jordan,Egypt,3,0,Arab Cup,Qatar,1669,1590,50,66,16079999.0,108830000.0
2025-12-09,Bahrain,Sudan,3,1,Arab Cup,Qatar,1418,1352,100,115,6230000.0,3250000.0
2025-12-11,Morocco,Syria,1,0,Arab Cup,Qatar,1831,1486,22,84,456000000.0,7200000.0
2025-12-11,Saudi Arabia,Palestine,2,1,Arab Cup,Qatar,1611,1469,61,86,27630000.0,7630000.0
2025-12-12,Jordan,Iraq,1,0,Arab Cup,Qatar,1685,1582,49,67,16079999.0,19780000.0
2025-12-12,Algeria,United Arab Emirates,1,1,Arab Cup,Qatar,1725,1548,40,74,227850000.0,31130000.0
2025-12-15,Morocco,United Arab Emirates,3,0,Arab Cup,Qatar,1842,1537,20,76,456000000.0,31130000.0
2025-12-15,Jordan,Saudi Arabia,1,0,Arab Cup,Qatar,1701,1595,44,63,16079999.0,27630000.0
2025-12-18,Saudi Arabia,United Arab Emirates,0,0,Arab Cup,Qatar,1592,1540,64,76,27630000.0,31130000.0
2025-12-18,Morocco,Jordan,3,2,Arab Cup,Qatar,1854,1689,19,47,456000000.0,16079999.0
2025-12-21,Morocco,Comoros,2,0,African Nations Cup,Morocco,1856,1357,19,114,456000000.0,3280000.0
2025-12-22,South Africa,Angola,2,1,African Nations Cup,Morocco,1558,1549,73,74,41150000.0,52200000.0
2025-12-22,Mali,Zambia,1,1,African Nations Cup,Morocco,1596,1374,63,110,35700000.0,14630000.0
2025-12-22,Egypt,Zimbabwe,2,1,African Nations Cup,Morocco,1608,1342,60,119,108830000.0,7100000.0
2025-12-23,Nigeria,Tanzania,2,1,African Nations Cup,Morocco,1627,1317,59,131,218080000.0,7530000.0
2025-12-23,DR Congo,Benin,1,0,African Nations Cup,Morocco,1635,1421,56,98,153500000.0,17080000.0
2025-12-23,Tunisia,Uganda,3,1,African Nations Cup,Morocco,1660,1416,52,100,66550000.0,8750000.0
2025-12-23,Senegal,Botswana,3,0,African Nations Cup,Morocco,1809,1312,24,134,474000000.0,3080000.0
2025-12-24,Burkina Faso,Equatorial Guinea,2,1,African Nations Cup,Morocco,1565,1422,72,97,121230000.0,12050000.0
2025-12-24,Algeria,Sudan,3,0,African Nations Cup,Morocco,1734,1343,38,118,227850000.0,3250000.0
2025-12-24,Ivory Coast,Mozambique,1,0,African Nations Cup,Morocco,1618,1369,60,110,514900000.0,30100000.0
2025-12-24,Cameroon,Gabon,1,0,African Nations Cup,Morocco,1578,1448,68,90,197400000.0,34450000.0
2025-12-26,Morocco,Mali,1,1,African Nations Cup,Morocco,1837,1615,20,62,456000000.0,35700000.0
2025-12-26,Egypt,South Africa,1,0,African Nations Cup,Morocco,1629,1537,59,76,108830000.0,41150000.0
2025-12-26,Comoros,Zambia,0,0,African Nations Cup,Morocco,1358,1373,114,109,3280000.0,14630000.0
2025-12-26,Angola,Zimbabwe,1,1,African Nations Cup,Morocco,1536,1355,77,115,52200000.0,7100000.0
2025-12-27,Tanzania,Uganda,1,1,African Nations Cup,Morocco,1324,1409,129,101,7530000.0,8750000.0
2025-12-27,Nigeria,Tunisia,3,2,African Nations Cup,Morocco,1654,1633,53,57,218080000.0,66550000.0
2025-12-27,DR Congo,Senegal,1,1,African Nations Cup,Morocco,1647,1797,55,26,153500000.0,474000000.0
2025-12-27,Benin,Botswana,1,0,African Nations Cup,Morocco,1438,1295,93,140,17080000.0,3080000.0
2025-12-28,Algeria,Burkina Faso,1,0,African Nations Cup,Morocco,1748,1551,34,73,227850000.0,121230000.0
2025-12-28,Cameroon,Ivory Coast,1,1,African Nations Cup,Morocco,1581,1615,68,61,197400000.0,514900000.0
2025-12-28,Mozambique,Gabon,3,2,African Nations Cup,Morocco,1400,1417,104,98,30100000.0,34450000.0
2025-12-28,Sudan,Equatorial Guinea,1,0,African Nations Cup,Morocco,1374,1391,110,106,3250000.0,12050000.0
2025-12-29,South Africa,Zimbabwe,3,2,African Nations Cup,Morocco,1550,1342,74,119,41150000.0,7100000.0
2025-12-29,Morocco,Zambia,3,0,African Nations Cup,Morocco,1840,1370,20,112,456000000.0,14630000.0
2025-12-29,Comoros,Mali,0,0,African Nations Cup,Morocco,1374,1599,110,63,3280000.0,35700000.0
2025-12-29,Angola,Egypt,0,0,African Nations Cup,Morocco,1543,1622,75,60,52200000.0,108830000.0
2025-12-30,Tanzania,Tunisia,1,1,African Nations Cup,Morocco,1342,1615,119,60,7530000.0,66550000.0
2025-12-30,Senegal,Benin,3,0,African Nations Cup,Morocco,1807,1428,24,92,474000000.0,17080000.0
2025-12-30,Nigeria,Uganda,3,1,African Nations Cup,Morocco,1669,1394,50,105,218080000.0,8750000.0
2025-12-30,DR Congo,Botswana,3,0,African Nations Cup,Morocco,1657,1285,54,144,153500000.0,3080000.0
2025-12-31,Algeria,Equatorial Guinea,3,1,African Nations Cup,Morocco,1757,1382,33,107,227850000.0,12050000.0
2025-12-31,Burkina Faso,Sudan,2,0,African Nations Cup,Morocco,1571,1354,70,115,121230000.0,3250000.0
2025-12-31,Ivory Coast,Gabon,3,2,African Nations Cup,Morocco,1627,1405,59,99,514900000.0,34450000.0
2025-12-31,Cameroon,Mozambique,2,1,African Nations Cup,Morocco,1594,1387,64,106,197400000.0,30100000.0
2026-01-03,Senegal,Sudan,3,1,African Nations Cup,Morocco,1812,1349,24,115,474000000.0,3250000.0
2026-01-03,Mali,Tunisia,1,1,African Nations Cup,Morocco,1600,1614,63,61,35700000.0,66550000.0
2026-01-04,Morocco,Tanzania,1,0,African Nations Cup,Morocco,1842,1340,20,123,456000000.0,7530000.0
2026-01-04,Cameroon,South Africa,2,1,African Nations Cup,Morocco,1616,1528,61,78,197400000.0,41150000.0
2026-01-05,Nigeria,Mozambique,4,0,African Nations Cup,Morocco,1684,1372,50,110,218080000.0,30100000.0
2026-01-05,Egypt,Benin,3,1,African Nations Cup,Morocco,1640,1410,57,97,108830000.0,17080000.0
2026-01-06,Ivory Coast,Burkina Faso,3,0,African Nations Cup,Morocco,1664,1534,52,76,514900000.0,121230000.0
2026-01-06,Algeria,DR Congo,1,0,African Nations Cup,Morocco,1775,1639,30,58,227850000.0,153500000.0
2026-01-09,Morocco,Cameroon,2,0,African Nations Cup,Morocco,1852,1606,19,62,456000000.0,197400000.0
2026-01-09,Senegal,Mali,1,0,African Nations Cup,Morocco,1823,1589,23,66,474000000.0,35700000.0
2026-01-10,Egypt,Ivory Coast,3,2,African Nations Cup,Morocco,1667,1637,51,58,108830000.0,514900000.0
2026-01-10,Nigeria,Algeria,2,0,African Nations Cup,Morocco,1731,1728,38,41,218080000.0,227850000.0
2026-01-14,Senegal,Egypt,1,0,African Nations Cup,Morocco,1837,1653,21,54,474000000.0,108830000.0
2026-01-14,Morocco,Nigeria,0,0,African Nations Cup,Morocco,1838,1745,20,35,456000000.0,218080000.0
2026-01-17,Egypt,Nigeria,0,0,African Nations Cup,Morocco,1659,1739,54,36,108830000.0,218080000.0
2026-01-18,Morocco,Senegal,0,1,African Nations Cup,Morocco,1806,1869,24,17,456000000.0,474000000.0
2026-03-25,US Virgin Islands,Eastern Samoa,5,2,FIFA Series,Puerto Rico,629,377,229,244,0.0,0.0
2026-03-25,Puerto Rico,Guam,4,0,FIFA Series,Puerto Rico,1137,711,165,218,1180000.0,240000.0
2026-03-25,Kazakhstan,Namibia,2,0,FIFA Series,Kazakhstan,1421,1300,96,137,17700000.0,2080000.0
2026-03-25,Eritrea,Eswatini,2,0,African Nations Cup qual,Morocco,1175,1175,160,160,4250000.0,1080000.0
2026-03-26,Slovakia,Kosovo,3,4,World Cup qualifier,Slovakia,1663,1738,52,37,130550000.0,114280000.0
2026-03-26,Poland,Albania,2,1,World Cup qualifier,Poland,1746,1653,35,54,214000000.0,81750000.0
2026-03-26,Italy,Northern Ireland,2,0,World Cup qualifier,Italy,1866,1596,19,63,833500000.0,79880000.0
2026-03-26,Czechia,Ireland,2,2,World Cup qualifier,Czechia,1723,1696,42,48,179080000.0,144080000.0
2026-03-26,Saint Martin,Barbados,3,1,CONCACAF Series,Bonaire,1020,904,181,199,0.0,200000.0
2026-03-26,Dominican Republic,El Salvador,2,2,CONCACAF Series,the Dominican Republic,1290,1327,142,128,18030000.0,6960000.0
2026-03-26,Bonaire,St Vincent & Grenadines,3,1,CONCACAF Series,Bonaire,858,1135,203,166,350000.0,0.0
2026-03-26,Cayman Islands,British Virgin Islands,1,1,CONCACAF Series,the Cayman Islands,798,701,209,219,0.0,0.0
2026-03-26,Sweden,Ukraine,3,1,World Cup qualifier,Spain,1702,1760,46,32,435380000.0,288200000.0
2026-03-26,Anguilla,Bahamas,3,1,CONCACAF Series,the Cayman Islands,672,692,226,221,0.0,0.0
2026-03-26,Jamaica,New Caledonia,1,0,World Cup qualifier,Mexico,1550,1286,73,143,53850000.0,5200000.0
2026-03-26,Bolivia,Suriname,2,1,World Cup qualifier,Mexico,1670,1431,51,91,19280000.0,37650000.0
2026-03-26,Cuba,Martinique,2,2,CONCACAF Series,the Dominican Republic,1233,1327,153,128,2100000.0,3830000.0
2026-03-26,Turkey,Romania,1,0,World Cup qualifier,Turkey,1885,1637,15,57,522700000.0,97200000.0
2026-03-26,Denmark,North Macedonia,4,0,World Cup qualifier,Denmark,1872,1584,17,67,368000000.0,38680000.0
2026-03-26,Gibraltar,Latvia,0,1,European League C/D,Gibraltar,1006,1297,184,138,1380000.0,17530000.0
2026-03-26,Wales,Bosnia and Herzegovina,1,1,World Cup qualifier,Wales,1703,1584,45,67,199050000.0,133400000.0
2026-03-26,Aruba,Macao,4,1,FIFA Series,Rwanda,956,589,191,233,125000.0,0.0
2026-03-26,Myanmar,Afghanistan,2,1,Asian Cup qualifier,Myanmar,964,1016,189,182,3130000.0,325000.0
2026-03-26,South Sudan,Djibouti,4,0,African Nations Cup qual,South Sudan,1143,905,164,198,1600000.0,575000.0
2026-03-26,Lesotho,Seychelles,0,0,African Nations Cup qual,South Africa,1200,858,158,203,675000.0,1030000.0
2026-03-26,Malta,Luxembourg,0,2,European League C/D,Malta,1249,1424,149,94,14750000.0,32900000.0
2026-03-26,Liechtenstein,Tanzania,1,0,FIFA Series,Rwanda,928,1312,196,132,600000.0,7530000.0
2026-03-27,China,Curaçao,2,0,FIFA Series,Australia,1436,1440,91,90,12480000.0,28680000.0
2026-03-27,Uzbekistan,Gabon,3,1,FIFA Series,Uzbekistan,1732,1401,40,102,79280000.0,34450000.0
2026-03-27,Rwanda,Grenada,4,0,FIFA Series,Rwanda,1317,1110,131,173,6800000.0,1750000.0
2026-03-27,New Zealand,Finland,0,2,FIFA Series,New Zealand,1552,1542,71,75,31700000.0,41700000.0
2026-03-27,Indonesia,Saint Kitts and Nevis,4,0,FIFA Series,Indonesia,1345,1001,117,186,30580000.0,575000.0
2026-03-27,Guyana,Dominica,2,0,CONCACAF Series,the Dominican Republic,1281,932,145,195,1500000.0,0.0
2026-03-27,Chile,Cape Verde,4,2,FIFA Series,New Zealand,1743,1549,36,73,72700000.0,53430000.0
2026-03-27,Sint Maarten,Belize,3,2,CONCACAF Series,the Dominican Republic,977,1084,188,176,325000.0,375000.0
2026-03-27,Azerbaijan,Saint Lucia,6,1,FIFA Series,Azerbaijan,1344,1003,120,185,16230000.0,250000.0
2026-03-27,Australia,Cameroon,1,0,FIFA Series,Australia,1779,1601,29,62,51330000.0,197400000.0
2026-03-27,Mauritius,Somalia,0,0,African Nations Cup qual,Mozambique,1084,968,176,190,850000.0,860000.0
2026-03-27,Ethiopia,Sao Tome and Principe,3,0,African Nations Cup qual,Morocco,1280,1040,146,180,2780000.0,1430000.0
2026-03-27,Chad,Burundi,0,4,African Nations Cup qual,Chad,1085,1274,175,147,6100000.0,12450000.0
2026-03-27,Venezuela,Trinidad and Tobago,4,1,FIFA Series,Uzbekistan,1722,1392,43,104,62780000.0,10100000.0
2026-03-27,Bulgaria,Solomon Islands,10,2,FIFA Series,Indonesia,1461,1082,87,178,29750000.0,450000.0
2026-03-27,Estonia,Kenya,1,1,FIFA Series,Rwanda,1358,1345,114,117,7000000.0,10930000.0
2026-03-27,Nigeria,Iran,2,1,Al-Nashama Tournament,Turkey,1755,1739,32,37,218080000.0,34680000.0
2026-03-27,Costa Rica,Jordan,2,2,Al-Nashama Tournament,Turkey,1635,1687,59,50,18700000.0,16079999.0
2026-03-28,Comoros,Namibia,0,0,FIFA Series,Kazakhstan,1371,1303,111,135,3280000.0,2080000.0
2026-03-28,Guam,Eastern Samoa,6,0,FIFA Series,Puerto Rico,719,369,217,244,240000.0,0.0
2026-03-28,Puerto Rico,US Virgin Islands,2,0,FIFA Series,Puerto Rico,1138,628,165,230,1180000.0,0.0
2026-03-28,Botswana,Zimbabwe,0,3,Mukuru Tournament,Botswana,1256,1371,148,111,3080000.0,7100000.0
2026-03-29,St Vincent & Grenadines,Barbados,3,2,CONCACAF Series,Bonaire,1141,898,164,200,0.0,200000.0
2026-03-29,British Virgin Islands,Anguilla,4,0,CONCACAF Series,the Cayman Islands,727,646,216,228,0.0,0.0
2026-03-29,Dominican Republic,Cuba,1,1,CONCACAF Series,the Dominican Republic,1284,1239,143,152,18030000.0,2100000.0
2026-03-29,El Salvador,Martinique,1,0,CONCACAF Series,the Dominican Republic,1342,1312,123,133,6960000.0,3830000.0
2026-03-29,Lesotho,Seychelles,2,1,African Nations Cup qual,South Africa,1205,853,158,203,675000.0,1030000.0
2026-03-29,Cayman Islands,Bahamas,1,0,CONCACAF Series,the Cayman Islands,805,685,209,223,0.0,0.0
2026-03-29,Aruba,Liechtenstein,4,1,FIFA Series,Rwanda,980,904,188,198,125000.0,600000.0
2026-03-29,Tanzania,Macao,6,0,FIFA Series,Rwanda,1313,588,131,233,7530000.0,0.0
2026-03-29,South Sudan,Djibouti,0,1,African Nations Cup qual,South Sudan,1108,940,173,194,1600000.0,575000.0
2026-03-30,Dominica,Sint Maarten,0,0,CONCACAF Series,the Dominican Republic,934,975,196,189,0.0,325000.0
2026-03-30,Guyana,Belize,3,1,CONCACAF Series,the Dominican Republic,1292,1073,139,178,1500000.0,375000.0
2026-03-30,Azerbaijan,Sierra Leone,1,1,FIFA Series,Azerbaijan,1340,1348,121,117,16230000.0,13430000.0
2026-03-30,Gabon,Trinidad and Tobago,2,2,FIFA Series,Uzbekistan,1401,1392,102,104,34450000.0,10100000.0
2026-03-30,Indonesia,Bulgaria,0,1,FIFA Series,Indonesia,1331,1475,126,86,30580000.0,29750000.0
2026-03-30,Kenya,Grenada,3,0,FIFA Series,Rwanda,1356,1099,115,174,10930000.0,1750000.0
2026-03-30,Cape Verde,Finland,1,1,FIFA Series,New Zealand,1549,1542,73,75,53430000.0,41700000.0
2026-03-30,Rwanda,Estonia,2,0,FIFA Series,Rwanda,1336,1339,124,122,6800000.0,7000000.0
2026-03-30,Saint Kitts and Nevis,Solomon Islands,4,2,FIFA Series,Indonesia,1029,1054,182,179,575000.0,450000.0
2026-03-30,Uzbekistan,Venezuela,0,0,FIFA Series,Uzbekistan,1727,1727,40,40,79280000.0,62780000.0
2026-03-30,New Zealand,Chile,4,1,FIFA Series,New Zealand,1585,1710,65,43,31700000.0,72700000.0
2026-03-31,Syria,Afghanistan,5,1,Asian Cup qualifier,Saudi Arabia,1491,1011,83,183,7200000.0,325000.0
2026-03-31,Taiwan,Sri Lanka,1,3,Asian Cup qualifier,Taiwan,821,827,208,207,1920000.0,885000.0
2026-03-31,Tajikistan,Philippines,1,1,Asian Cup qualifier,Tajikistan,1285,1167,144,161,7700000.0,6430000.0
2026-03-31,Thailand,Turkmenistan,2,1,Asian Cup qualifier,Thailand,1376,1209,109,156,6380000.0,2950000.0
2026-03-31,Vietnam,Malaysia,3,1,Asian Cup qualifier,Vietnam,1351,1293,117,138,6380000.0,7130000.0
2026-03-31,Cameroon,China,2,0,FIFA Series,Australia,1614,1423,61,97,197400000.0,12480000.0
2026-03-31,Kazakhstan,Comoros,1,0,FIFA Series,Kazakhstan,1430,1362,93,114,17700000.0,3280000.0
2026-03-31,Singapore,Bangladesh,1,0,Asian Cup qualifier,Singapore,1137,932,167,196,4380000.0,7740000.0
2026-03-31,Australia,Curaçao,5,1,FIFA Series,Australia,1783,1436,26,90,51330000.0,28680000.0
2026-03-31,Pakistan,Myanmar,1,2,Asian Cup qualifier,Pakistan,812,982,209,188,3440000.0,3130000.0
2026-03-31,Latvia,Gibraltar,1,0,European League C/D,Latvia,1301,1002,135,186,17530000.0,1380000.0
2026-03-31,Laos,Nepal,1,0,Asian Cup qualifier,Laos,734,893,214,201,1320000.0,1330000.0
2026-03-31,India,Hong Kong,2,1,Asian Cup qualifier,India,1138,1120,165,169,4800000.0,3600000.0
2026-03-31,Bhutan,Brunei,2,1,Asian Cup qualifier,India,636,633,228,229,690000.0,680000.0
2026-03-31,Mauritius,Somalia,0,0,African Nations Cup qual,Mauritius,1073,979,176,190,850000.0,860000.0
2026-03-31,Ethiopia,Sao Tome and Principe,1,0,African Nations Cup qual,Ethiopia,1285,1035,144,181,2780000.0,1430000.0
2026-03-31,Eswatini,Eritrea,1,2,African Nations Cup qual,Eswatini,1149,1201,163,159,1080000.0,4250000.0
2026-03-31,Burundi,Chad,4,0,African Nations Cup qual,Burundi,1286,1073,142,176,12450000.0,6100000.0
2026-03-31,Luxembourg,Malta,3,0,European League C/D,Luxembourg,1436,1237,90,152,32900000.0,14750000.0
2026-03-31,Sweden,Poland,3,2,World Cup qualifier,Sweden,1719,1729,43,37,435380000.0,214000000.0
2026-03-31,Kosovo,Turkey,0,1,World Cup qualifier,Kosovo,1721,1902,41,14,114280000.0,522700000.0
2026-03-31,DR Congo,Jamaica,1,0,World Cup qualifier,Mexico,1655,1535,54,76,153500000.0,53850000.0
2026-03-31,Iraq,Bolivia,2,1,World Cup qualifier,Mexico,1607,1645,63,57,19780000.0,19280000.0
2026-03-31,Maldives,East Timor,2,1,Asian Cup qualifier,the Maldives,848,673,203,225,950000.0,925000.0
2026-03-31,Czechia,Denmark,2,2,World Cup qualifier,Czechia,1726,1869,40,18,179080000.0,368000000.0
2026-03-31,Jordan,Nigeria,2,2,Al-Nashama Tournament,Turkey,1690,1752,50,32,16079999.0,218080000.0
2026-03-31,Costa Rica,Iran,0,5,Al-Nashama Tournament,Turkey,1614,1760,61,31,18700000.0,34680000.0
2026-03-31,Botswana,Malawi,1,0,Mukuru Tournament,Botswana,1267,1241,147,150,3080000.0,2049999.0
2026-03-31,Bosnia and Herzegovina,Italy,1,1,World Cup qualifier,Bosnia and Herzegovina,1594,1856,66,21,133400000.0,833500000.0
